SchoolName,schoolCode,DistrictName,CountyName,IB_Count,AP_Count
21st Century Learning Institute,129882,Beaumont Unified,RIVERSIDE      ,0,2
A Place to Grow,117671,Ojai Unified,VENTURA        ,0,0
A. E. Arnold Elementary,6027767,Cypress Elementary,ORANGE         ,0,0
A. G. Cook Elementary,6028211,Garden Grove Unified,ORANGE         ,0,0
A. G. Currie Middle,6085377,Tustin Unified,ORANGE         ,0,0
A. J. Dorsa Elementary,6046114,Alum Rock Union Elementary,SANTA CLARA    ,0,0
A. L. Conner Elementary,105692,Kings Canyon Joint Unified,FRESNO         ,0,0
A. M. Thomas Middle,6102792,Lost Hills Union Elementary,KERN           ,0,0
A. M. Winn Waldorf-Inspired,6033765,Sacramento City Unified,SACRAMENTO     ,0,0
ABC Secondary (Alternative),1995596,ABC Unified,LOS ANGELES    ,0,0
ACCESS County Community,3030764,Orange County Department of Education,ORANGE         ,0,0
ACCESS Juvenile Hall,3030426,Orange County Department of Education,ORANGE         ,0,0
ACE Charter High,125617,East Side Union High,SANTA CLARA    ,0,5
ACE Empower Academy,116814,Santa Clara County Office of Education,SANTA CLARA    ,0,0
ACE Esperanza Middle,129247,Franklin-McKinley Elementary,SANTA CLARA    ,0,0
ACE Inspire Academy,131656,San Jose Unified,SANTA CLARA    ,0,0
ACORN Woodland Elementary,6002273,Oakland Unified,ALAMEDA        ,0,0
ALBA,3731130,San Diego Unified,SAN DIEGO      ,0,0
APEX Academy,117077,Los Angeles Unified,LOS ANGELES    ,0,3
ARISE High,115238,Oakland Unified,ALAMEDA        ,0,0
ASA Charter,107730,San Bernardino City Unified,SAN BERNARDINO ,0,0
ASCEND,6118608,Oakland Unified,ALAMEDA        ,0,0
ASPIRE Community Day,132167,Hemet Unified,RIVERSIDE      ,0,0
Abbott Middle,6044796,San Mateo-Foster City,SAN MATEO      ,0,0
Abby Reinke Elementary,6116446,Temecula Valley Unified,RIVERSIDE      ,0,0
Abraham Lincoln,6021430,Paramount Unified,LOS ANGELES    ,0,0
Abraham Lincoln Alternative,1530377,Southern Kern Unified,KERN           ,0,0
Abraham Lincoln Continuation,3336955,Riverside Unified,RIVERSIDE      ,0,0
Abraham Lincoln Elementary,6013742,Glendale Unified,LOS ANGELES    ,0,0
Abraham Lincoln Elementary,6029219,Newport-Mesa Unified,ORANGE         ,0,0
Abraham Lincoln Elementary,6031926,Desert Sands Unified,RIVERSIDE      ,0,0
Abraham Lincoln High,4333795,San Jose Unified,SANTA CLARA    ,0,20
Abraham Lincoln Middle,6111124,Selma Unified,FRESNO         ,0,0
Abraham Lincoln Senior High,1935121,Los Angeles Unified,LOS ANGELES    ,0,20
Abraxas Continuation High,3735842,Poway Unified,SAN DIEGO      ,0,0
Acacia Elementary,6028005,Fullerton Elementary,ORANGE         ,0,0
Acacia Magnet School for Enriched Learning,6055842,Conejo Valley Unified,VENTURA        ,0,0
Acacia Middle,6084628,Hemet Unified,RIVERSIDE      ,0,0
Academia Avance Charter,109926,SBE - Academia Avance Charter,LOS ANGELES    ,0,2
Academia Moderna,120097,Los Angeles Unified,LOS ANGELES    ,0,0
Academies of Education and Empowerment at Carson H,126615,Los Angeles Unified,LOS ANGELES    ,0,11
Academies of the Antelope Valley,126003,Antelope Valley Union High,LOS ANGELES    ,0,12
Academy (The)- SF @McAteer,119958,San Francisco Unified,SAN FRANCISCO  ,0,5
Academy for Academic Excellence,3631207,Apple Valley Unified,SAN BERNARDINO ,0,10
Academy for Change,111039,Chico Unified,BUTTE          ,0,0
Academy for Enriched Sciences,125096,Los Angeles Unified,LOS ANGELES    ,0,0
Academy for Multilingual Arts and Science at Mervy,126573,Los Angeles Unified,LOS ANGELES    ,0,3
Academy of Careers and Exploration,116723,Helendale Elementary,SAN BERNARDINO ,0,2
Academy of Medical Arts at Carson High,126623,Los Angeles Unified,LOS ANGELES    ,0,9
Academy of Technology & Leadership at Saticoy,6056204,Ventura Unified,VENTURA        ,0,0
Academy of the Canyons,1996321,William S. Hart Union High,LOS ANGELES    ,0,0
Academy of the Redwoods,108688,Fortuna Union High,HUMBOLDT       ,0,0
Acalanes Center for Independent Study,107524,Acalanes Union High,CONTRA COSTA   ,0,0
Acalanes High,730283,Acalanes Union High,CONTRA COSTA   ,0,11
Accelerated,6112536,Los Angeles Unified,LOS ANGELES    ,0,0
Accelerated Achievement Academy,121400,Hollister,SAN BENITO     ,0,0
Accelerated Achievement Academy,2330454,Ukiah Unified,MENDOCINO      ,0,0
Accelerated Charter Elementary,100743,Los Angeles Unified,LOS ANGELES    ,0,0
Accelerated Charter High,133793,Tulare Joint Union High,TULARE         ,0,0
Achieve Academy,111476,Oakland Unified,ALAMEDA        ,0,0
Achieve Charter High,136820,Butte County Office of Education,BUTTE          ,0,0
Achieve Charter School of Paradise Inc.,110338,Paradise Unified,BUTTE          ,0,0
Ada Clegg Elementary,119925,Westminster,ORANGE         ,0,0
Ada Givens Elementary,6025597,Merced City Elementary,MERCED         ,0,0
Ada S. Nelson Elementary,6020077,Los Nietos,LOS ANGELES    ,0,0
Ada W. Harris Elementary,6037758,Cardiff Elementary,SAN DIEGO      ,0,0
Adaline E. Kent Middle,6068308,Kentfield Elementary,MARIN          ,0,0
Adam (William Laird) Elementary,6045959,Santa Maria-Bonita,SANTA BARBARA  ,0,0
Adams (J. Douglas) Middle,110528,Brentwood Union Elementary,CONTRA COSTA   ,0,0
Adams Elementary,6029227,Newport-Mesa Unified,ORANGE         ,0,0
Adams Elementary,6032528,Riverside Unified,RIVERSIDE      ,0,0
Adams Elementary,6042501,Stockton Unified,SAN JOAQUIN    ,0,0
Adams Middle,6021992,Redondo Beach Unified,LOS ANGELES    ,0,0
Addams Elementary,6006068,Fresno Unified,FRESNO         ,0,0
Addison Elementary,6048193,Palo Alto Unified,SANTA CLARA    ,0,0
Adelante Charter,6118202,Santa Barbara Unified,SANTA BARBARA  ,0,0
Adelante Dual Language Academy,108167,Alum Rock Union Elementary,SANTA CLARA    ,0,0
Adelante Dual Language Academy II,135749,Alum Rock Union Elementary,SANTA CLARA    ,0,0
Adelante High,112573,Riverbank Unified,STANISLAUS     ,0,0
Adelante High,1630110,Reef-Sunset Unified,KINGS          ,0,1
Adelante High (Continuation),3130309,Roseville Joint Union High,PLACER         ,0,0
Adelante Spanish Immersion,6114037,Redwood City Elementary,SAN MATEO      ,0,0
Adelanto Elementary,6035174,Adelanto Elementary,SAN BERNARDINO ,0,0
Adelanto High,125419,Victor Valley Union High,SAN BERNARDINO ,0,10
Adelanto Virtual Academy,138529,Adelanto Elementary,SAN BERNARDINO ,0,0
Adele Harrison Middle,6119069,Sonoma Valley Unified,SONOMA         ,0,0
Adobe Bluffs Elementary,6110878,Poway Unified,SAN DIEGO      ,0,0
Adolfo Camarillo High,5631619,Oxnard Union High,VENTURA        ,0,16
Adrian Wilcox High,4338802,Santa Clara Unified,SANTA CLARA    ,0,19
Adult Transition Program,130963,Bonita Unified,LOS ANGELES    ,0,0
Advanced Learning Academy,135897,Santa Ana Unified,ORANGE         ,0,0
Aeolian Elementary,6020085,Los Nietos,LOS ANGELES    ,0,0
AeroSTEM Academy,138040,Sutter County Office of Education,SUTTER         ,0,0
Afflerbaugh-Paige Camp,121921,Los Angeles County Office of Education,LOS ANGELES    ,0,0
Aggeler Community Day,102137,Los Angeles Unified,LOS ANGELES    ,0,0
Agnes J. Johnson  Elementary,6008221,Southern Humboldt Joint Unified,HUMBOLDT       ,0,0
Agnes L. Smith Elementary,6028831,Huntington Beach City Elementary,ORANGE         ,0,0
Agnes M. Baptist Elementary,6108302,Stanislaus Union Elementary,STANISLAUS     ,0,0
Agnes Ware Stanley Elementary,6028229,Garden Grove Unified,ORANGE         ,0,0
Agoura High,1930080,Las Virgenes Unified,LOS ANGELES    ,10,16
Agua Caliente Elementary,6032387,Palm Springs Unified,RIVERSIDE      ,0,0
Ahwahnee High,2030039,Yosemite Unified,MADERA         ,0,0
Ahwahnee Middle,6061188,Fresno Unified,FRESNO         ,0,0
Aileen Colburn Elementary,6025316,Atwater Elementary,MERCED         ,0,0
Akers Elementary,6010292,Central Union Elementary,KINGS          ,0,0
Akira Yokomi Elementary,108118,Fresno Unified,FRESNO         ,0,0
Alain Leroy Locke College Preparatory Academy,118588,Los Angeles Unified,LOS ANGELES    ,0,8
Alameda Community Learning Center,130609,Alameda Unified,ALAMEDA        ,0,0
Alameda County Community,130419,Alameda County Office of Education,ALAMEDA        ,0,0
Alameda County Juvenile Hall/Court,130401,Alameda County Office of Education,ALAMEDA        ,0,0
Alameda Elementary,6012744,Downey Unified,LOS ANGELES    ,0,0
Alameda High,130229,Alameda Unified,ALAMEDA        ,0,18
Alameda Science and Technology Institute,106401,Alameda Unified,ALAMEDA        ,0,0
Alameda Unified Special Education,138214,Alameda Unified,ALAMEDA        ,0,0
Alamitos Intermediate,6028237,Garden Grove Unified,ORANGE         ,0,0
Alamo Elementary,6005060,San Ramon Valley Unified,CONTRA COSTA   ,0,0
Alamos Elementary,105742,Temecula Valley Unified,RIVERSIDE      ,0,0
Alamosa Park Elementary,6107031,Vista Unified,SAN DIEGO      ,0,0
Albany High,130450,Albany City Unified,ALAMEDA        ,0,16
Albany Middle,6090161,Albany City Unified,ALAMEDA        ,0,0
Albany Park Elementary,6009344,Delano Union Elementary,KERN           ,0,0
Albert A. Michelson Elementary,6088975,Vallecito Union,CALAVERAS      ,0,0
Albert Baxter Elementary,6011605,Bellflower Unified,LOS ANGELES    ,0,0
Albert Einstein Academy Charter Elementary,6120935,San Diego Unified,SAN DIEGO      ,0,0
Albert Einstein Academy Charter Middle,111898,San Diego Unified,SAN DIEGO      ,0,0
Albert Einstein Continuation,1931385,Los Angeles Unified,LOS ANGELES    ,0,0
Albert Einstein Middle,6059273,Sacramento City Unified,SACRAMENTO     ,0,0
Albert F. Biella Elementary,6108500,Santa Rosa Elementary,SONOMA         ,0,0
Albert Powell Continuation,5130018,Yuba City Unified,SUTTER         ,0,0
Albert Schweitzer Elementary,6034896,San Juan Unified,SACRAMENTO     ,0,0
Alberta Martone Elementary,6107023,Modesto City Elementary,STANISLAUS     ,0,0
Albion Elementary,6116149,Mendocino Unified,MENDOCINO      ,0,0
Albion Street Elementary,6015705,Los Angeles Unified,LOS ANGELES    ,0,0
Alcott Elementary,6021786,Pomona Unified,LOS ANGELES    ,0,0
Alcott Elementary,6032536,Riverside Unified,RIVERSIDE      ,0,0
Aldama Elementary,6015713,Los Angeles Unified,LOS ANGELES    ,0,0
Alder Creek Middle,106807,Tahoe-Truckee Unified,PLACER         ,0,0
Alder Grove Charter School 2,111203,South Bay Union Elementary,HUMBOLDT       ,0,0
Alder Middle,6059398,Fontana Unified,SAN BERNARDINO ,0,0
Alderwood Elementary,6100838,Irvine Unified,ORANGE         ,0,0
Alessandro,105940,Moreno Valley Unified,RIVERSIDE      ,0,0
Alessandro High,3330065,Hemet Unified,RIVERSIDE      ,0,0
Alexander Fleming Middle,6057996,Los Angeles Unified,LOS ANGELES    ,0,0
Alexander Hamilton Elementary,111369,Stockton Unified,SAN JOAQUIN    ,0,0
Alexander Hamilton Senior High,1933852,Los Angeles Unified,LOS ANGELES    ,0,20
Alexander Rose Elementary,6047583,Milpitas Unified,SANTA CLARA    ,0,0
Alexander Valley Elementary,6051577,Alexander Valley Union Elementary,SONOMA         ,0,0
Alexandria Avenue Elementary,6015721,Los Angeles Unified,LOS ANGELES    ,0,0
Alfonso B. Perez Special Education Center,6060545,Los Angeles Unified,LOS ANGELES    ,0,0
Alfred B. Nobel Charter Middle,6061543,Los Angeles Unified,LOS ANGELES    ,0,0
Alfred S. Madrid Middle,6110571,Mountain View Elementary,LOS ANGELES    ,0,0
Alhambra High,1930163,Alhambra Unified,LOS ANGELES    ,0,25
Alhambra Senior High,730549,Martinez Unified,CONTRA COSTA   ,0,10
Alianza Charter,6049829,Pajaro Valley Unified,SANTA CRUZ     ,0,0
Alicante Avenue Elementary,6009674,Lamont Elementary,KERN           ,0,0
Alice Birney Elementary,6007751,Eureka City Schools,HUMBOLDT       ,0,0
Alice Birney Waldorf-Inspired,6034078,Sacramento City Unified,SACRAMENTO     ,0,0
Alice C. Stelle Middle,101154,Las Virgenes Unified,LOS ANGELES    ,0,0
Alice M. Ellington Elementary,6011217,Azusa Unified,LOS ANGELES    ,0,0
Alice M. Worsley,1030337,Fresno County Office of Education,FRESNO         ,0,0
Alice N. Stroud Elementary,6111892,Empire Union Elementary,STANISLAUS     ,0,0
Alice Shaw Elementary,6045736,Orcutt Union Elementary,SANTA BARBARA  ,0,0
Alicia Cortez Elementary,6098354,Chino Valley Unified,SAN BERNARDINO ,0,0
Alicia Reyes Elementary,6107908,Merced City Elementary,MERCED         ,0,0
Alila,5430335,Earlimart Elementary,TULARE         ,0,0
Alisal Community,6025977,Alisal Union,MONTEREY       ,0,0
Alisal Elementary,6002315,Pleasanton Unified,ALAMEDA        ,0,0
Alisal High,2730109,Salinas Union High,MONTEREY       ,0,9
Aliso Elementary,6045298,Carpinteria Unified,SANTA BARBARA  ,0,0
Aliso Niguel High,3030574,Capistrano Unified,ORANGE         ,0,19
Aliso Viejo Middle,6111397,Capistrano Unified,ORANGE         ,0,0
All Tribes Charter,6119275,Warner Unified,SAN DIEGO      ,0,0
All Tribes Elementary Charter,122796,Warner Unified,SAN DIEGO      ,0,0
Allan Orrenmaa Elementary,6031496,Alvord Unified,RIVERSIDE      ,0,0
Allan Peterson Elementary,6105647,Merced City Elementary,MERCED         ,0,0
Allegiance STEAM Academy - Thrive,137547,Chino Valley Unified,SAN BERNARDINO ,0,0
Allen (Decima M.) Elementary,6044648,San Bruno Park Elementary,SAN MATEO      ,0,0
Allen (Ella B.) Elementary,6037832,Chula Vista Elementary,SAN DIEGO      ,0,0
Allen Avenue Elementary,6011787,Bonita Unified,LOS ANGELES    ,0,0
Allen at Steinbeck,6048417,San Jose Unified,SANTA CLARA    ,0,0
Allendale Elementary,6001630,Oakland Unified,ALAMEDA        ,0,0
Allensworth Elementary,6053839,Allensworth Elementary,TULARE         ,0,0
Allesandro Elementary,6015739,Los Angeles Unified,LOS ANGELES    ,0,0
Alliance Academy,112771,Oakland Unified,ALAMEDA        ,0,0
Alliance Alice M. Baxter College-Ready High,127217,Los Angeles Unified,LOS ANGELES    ,0,4
Alliance Cindy and Bill Simon Technology Academy H,121285,Los Angeles Unified,LOS ANGELES    ,0,13
Alliance College-Ready Middle Academy 12,128058,Los Angeles Unified,LOS ANGELES    ,0,0
Alliance College-Ready Middle Academy 4,120030,Los Angeles Unified,LOS ANGELES    ,0,0
Alliance College-Ready Middle Academy 5,120048,Los Angeles Unified,LOS ANGELES    ,0,0
Alliance College-Ready Middle Academy 8,128033,Los Angeles Unified,LOS ANGELES    ,0,0
Alliance Collins Family College-Ready High,108936,Los Angeles Unified,LOS ANGELES    ,0,10
Alliance Dr. Olga Mohan High,111500,Los Angeles Unified,LOS ANGELES    ,0,8
Alliance Gertz-Ressler Richard Merkin 6-12 Complex,106864,Los Angeles Unified,LOS ANGELES    ,0,11
Alliance Jack H. Skirball Middle,111518,Los Angeles Unified,LOS ANGELES    ,0,0
Alliance Judy Ivie Burton Technology Academy High,108894,Los Angeles Unified,LOS ANGELES    ,0,10
Alliance Kory Hunter Middle,128041,Los Angeles Unified,LOS ANGELES    ,0,0
Alliance Leichtman-Levine Family Foundation Enviro,117606,Los Angeles Unified,LOS ANGELES    ,0,8
Alliance Marc & Eva Stern Math and Science,111658,Los Angeles Unified,LOS ANGELES    ,0,10
Alliance Margaret M. Bloomfield Technology Academy,124941,Los Angeles Unified,LOS ANGELES    ,0,8
Alliance Marine - Innovation and Technology 6-12 C,132084,Los Angeles Unified,LOS ANGELES    ,0,3
Alliance Morgan McKinzie High,116509,Los Angeles Unified,LOS ANGELES    ,0,6
Alliance Ouchi-O'Donovan 6-12 Complex,111641,Los Angeles Unified,LOS ANGELES    ,0,10
Alliance Patti And Peter Neuwirth Leadership Acade,111492,Los Angeles Unified,LOS ANGELES    ,0,9
Alliance Piera Barbaglia Shaheen Health Services A,117598,Los Angeles Unified,LOS ANGELES    ,0,8
Alliance Renee and Meyer Luskin Academy High,124891,Los Angeles Unified,LOS ANGELES    ,0,7
Alliance Susan and Eric Smidt Technology High,123133,Los Angeles Unified,LOS ANGELES    ,0,12
Alliance Ted K. Tajima High,123141,Los Angeles Unified,LOS ANGELES    ,0,9
Alliance Tennenbaum Family Technology High,121293,Los Angeles Unified,LOS ANGELES    ,0,6
Alliance Virgil Roberts Leadership Academy,128009,Los Angeles Unified,LOS ANGELES    ,0,0
Allison Elementary,6021794,Pomona Unified,LOS ANGELES    ,0,0
Alma Fuerte Public,135368,Los Angeles County Office of Education,LOS ANGELES    ,0,0
Alma Preschool,118216,Castro Valley Unified,ALAMEDA        ,0,0
Almaden Elementary,6048425,San Jose Unified,SANTA CLARA    ,0,0
Almanor High (Continuation),3230034,Plumas Unified,PLUMAS         ,0,0
Almeria Middle,6108054,Fontana Unified,SAN BERNARDINO ,0,0
Almond Acres Charter Academy,125807,San Miguel Joint Union,SAN LUIS OBISPO,0,0
Almond Elementary,100347,Fontana Unified,SAN BERNARDINO ,0,0
Almond Elementary,6047377,Los Altos Elementary,SANTA CLARA    ,0,0
Almond Grove Elementary,129064,Oakley Union Elementary,CONTRA COSTA   ,0,0
Almond Tree Middle,6115471,Delano Union Elementary,KERN           ,0,0
Almondale Elementary,6111686,Rosedale Union Elementary,KERN           ,0,0
Aloha Elementary,6010862,ABC Unified,LOS ANGELES    ,0,0
Alondra Middle,119446,Paramount Unified,LOS ANGELES    ,0,0
Alpaugh -Senior High,5430301,Alpaugh Unified,TULARE         ,0,1
Alpaugh Elementary,6053847,Alpaugh Unified,TULARE         ,0,0
Alpha Charter,127860,Elverta Joint Elementary,SACRAMENTO     ,0,1
Alpha Cindy Avitia High,132274,East Side Union High,SANTA CLARA    ,0,7
Alpha Elementary,6107122,Madera Unified,MADERA         ,0,0
Alpha Technology Middle,6033120,Elverta Joint Elementary,SACRAMENTO     ,0,0
Alpha: Blanca Alvarado Middle,125526,Alum Rock Union Elementary,SANTA CLARA    ,0,0
Alpha: Cornerstone Academy Preparatory,121483,Franklin-McKinley Elementary,SANTA CLARA    ,0,0
Alpha: Jose Hernandez,129213,Santa Clara County Office of Education,SANTA CLARA    ,0,0
Alpine Elementary,6014591,Keppel Union Elementary,LOS ANGELES    ,0,0
Alpine Vista,127621,Tulare City,TULARE         ,0,0
Alps View High (Continuation),5330014,Trinity Alps Unified,TRINITY        ,0,0
Alta California Elementary,122184,Los Angeles Unified,LOS ANGELES    ,0,0
Alta Elementary,6006738,Kings Canyon Joint Unified,FRESNO         ,0,0
Alta Heights Elementary,6026769,Napa Valley Unified,NAPA           ,0,0
Alta Loma Elementary,6035216,Alta Loma Elementary,SAN BERNARDINO ,0,0
Alta Loma High,3630225,Chaffey Joint Union High,SAN BERNARDINO ,0,12
Alta Loma Junior High,6035224,Alta Loma Elementary,SAN BERNARDINO ,0,0
Alta Loma Middle,6059976,South San Francisco Unified,SAN MATEO      ,0,0
Alta Mesa Elementary,6050215,Enterprise Elementary,SHASTA         ,0,0
Alta Murrieta Elementary,6107841,Murrieta Valley Unified,RIVERSIDE      ,0,0
Alta Sierra Elementary,6105811,Pleasant Ridge Union Elementary,NEVADA         ,0,0
Alta Sierra Intermediate,6109912,Clovis Unified,FRESNO         ,0,0
Alta Vista Academy,3731460,Sweetwater Union High,SAN DIEGO      ,0,0
Alta Vista Alternative High,120402,Santa Barbara Unified,SANTA BARBARA  ,0,0
Alta Vista Alternative Junior High,123885,Santa Barbara Unified,SANTA BARBARA  ,0,0
Alta Vista Community Charter,126664,Auburn Union Elementary,PLACER         ,0,0
Alta Vista Elementary,6022008,Redondo Beach Unified,LOS ANGELES    ,0,0
Alta Vista Elementary,6053854,Alta Vista Elementary,TULARE         ,0,0
Alta Vista High,4334736,Mountain View-Los Altos Union High,SANTA CLARA    ,0,0
Alta Vista High (Continuation),3732039,Vista Unified,SAN DIEGO      ,0,0
Alta Vista Innovation High,136432,Lucerne Valley Unified,SAN BERNARDINO ,0,0
Alta-Dutch Flat Elementary,6031017,Alta-Dutch Flat Union Elementary,PLACER         ,0,0
Altadena Elementary,6021505,Pasadena Unified,LOS ANGELES    ,0,0
Altamont Creek Elementary,6117543,Livermore Valley Joint Unified,ALAMEDA        ,0,0
Altamont Elementary,129312,Lammersville Joint Unified,SAN JOAQUIN    ,0,0
Alternative Education-San Joaquin High,3030467,Irvine Unified,ORANGE         ,0,1
Alternative Family Education,4430195,Santa Cruz City High,SANTA CRUZ     ,0,0
Alternative Learning Academy at Conley-Caraballo H,110478,New Haven Unified,ALAMEDA        ,0,0
Alternative Learning Center,3630548,San Bernardino City Unified,SAN BERNARDINO ,0,0
Alternatives in Action,130625,Alameda Unified,ALAMEDA        ,0,0
Altimira Middle,6052245,Sonoma Valley Unified,SONOMA         ,0,0
Alturas Elementary,6025845,Modoc Joint Unified,MODOC          ,0,0
Alvarado Elementary,6001572,New Haven Unified,ALAMEDA        ,0,0
Alvarado Elementary,6109292,Long Beach Unified,LOS ANGELES    ,0,0
Alvarado Intermediate,6022214,Rowland Unified,LOS ANGELES    ,0,0
Alview Elementary,6023865,Alview-Dairyland Union Elementary,MADERA         ,0,0
Alvin Elementary,6045967,Santa Maria-Bonita,SANTA BARBARA  ,0,0
Alvin S. Hatch Elementary,6043616,Cabrillo Unified,SAN MATEO      ,0,0
Alvina Elementary Charter,6005730,Alvina Elementary,FRESNO         ,0,0
Alvord Alternative Continuation High,135061,Alvord Unified,RIVERSIDE      ,0,0
Alvord Continuation High,3337128,Alvord Unified,RIVERSIDE      ,0,0
Amador County Special Education,330068,Amador County Office of Education,AMADOR         ,0,0
Amador High,330753,Amador County Unified,AMADOR         ,0,8
Amador Valley High,130583,Pleasanton Unified,ALAMEDA        ,0,20
Amanecer Primary Center,109280,Los Angeles Unified,LOS ANGELES    ,0,0
Amargosa Creek Middle,1996420,Lancaster Elementary,LOS ANGELES    ,0,0
Ambassador Phillip V. Sanchez II Public Charter,136499,Raisin City Elementary,FRESNO         ,0,0
Ambassador School-Global Education,121103,Los Angeles Unified,LOS ANGELES    ,0,0
Ambassador-Global Leadership,121095,Los Angeles Unified,LOS ANGELES    ,0,4
Ambler Avenue Elementary,6015754,Los Angeles Unified,LOS ANGELES    ,0,0
Amelia Earhart Continuation,1931377,Los Angeles Unified,LOS ANGELES    ,0,0
Amelia Earhart Elementary,6100374,Alameda Unified,ALAMEDA        ,0,0
Amelia Earhart Elementary School of International ,6118863,Desert Sands Unified,RIVERSIDE      ,0,0
Amelia Earhart Middle,6112668,Riverside Unified,RIVERSIDE      ,0,0
America's Finest Charter,136663,San Diego Unified,SAN DIEGO      ,0,2
American Canyon High,121087,Napa Valley Unified,NAPA           ,0,11
American Canyon Middle,6115240,Napa Valley Unified,NAPA           ,0,0
American Elementary,111245,Rosedale Union Elementary,KERN           ,0,0
American High,130062,Fremont Unified,ALAMEDA        ,0,18
American Indian Public Charter,6113807,Oakland Unified,ALAMEDA        ,0,0
American Indian Public Charter II,114363,Oakland Unified,ALAMEDA        ,0,0
American Indian Public High,111856,Oakland Unified,ALAMEDA        ,0,8
American Lakes,6100432,Natomas Unified,SACRAMENTO     ,0,0
American Legion High (Continuation),3430154,Sacramento City Unified,SACRAMENTO     ,0,0
American River Charter,121566,Black Oak Mine Unified,EL DORADO      ,0,0
American Union Elementary,6005748,Washington Unified,FRESNO         ,0,0
Amesti Elementary,6049639,Pajaro Valley Unified,SANTA CRUZ     ,0,0
Amestoy Elementary,6015762,Los Angeles Unified,LOS ANGELES    ,0,0
Amistad High (Continuation),3331113,Desert Sands Unified,RIVERSIDE      ,0,3
Amy B. Seibert Elementary,6009922,Panama-Buena Vista Union,KERN           ,0,0
Anacapa Middle,6062145,Ventura Unified,VENTURA        ,0,0
Anaheim High,3030228,Anaheim Union High,ORANGE         ,0,11
Anaheim Hills Elementary,6097364,Orange Unified,ORANGE         ,0,0
Anahuacalmecac International University Preparator,132928,SBE - Anahuacalmecac International University Prep,LOS ANGELES    ,1,5
Analy High,4930400,West Sonoma County Union High,SONOMA         ,0,11
Anatola Avenue Elementary,6015770,Los Angeles Unified,LOS ANGELES    ,0,0
Anaverde Hills,110098,Westside Union Elementary,LOS ANGELES    ,0,0
Andasol Avenue Elementary,6015796,Los Angeles Unified,LOS ANGELES    ,0,0
Anderson,6036990,San Bernardino City Unified,SAN BERNARDINO ,0,0
Anderson (Alex) Elementary,6048086,Oak Grove Elementary,SANTA CLARA    ,0,0
Anderson (Linford L.) Elementary,6051049,Dixon Unified,SOLANO         ,0,0
Anderson Community Day,4530192,Anderson Union High,SHASTA         ,0,0
Anderson Elementary,6030795,Westminster,ORANGE         ,0,0
Anderson Heights Elementary,6050132,Cascade Union Elementary,SHASTA         ,0,0
Anderson High,4530804,Anderson Union High,SHASTA         ,0,3
Anderson Middle,6050124,Cascade Union Elementary,SHASTA         ,0,0
Anderson New Technology High,4530333,Anderson Union High,SHASTA         ,0,0
Anderson Valley Elementary,6025084,Anderson Valley Unified,MENDOCINO      ,0,0
Anderson Valley Junior-Senior High,2330900,Anderson Valley Unified,MENDOCINO      ,0,2
Anderson W. Clark Magnet High,1996131,Glendale Unified,LOS ANGELES    ,0,15
Andres Duarte Arts Academy (PK-8),6012918,Duarte Unified,LOS ANGELES    ,0,0
Andres and Maria Cardenas Elementary,122218,Los Angeles Unified,LOS ANGELES    ,0,0
Andrew Carnegie Middle,6034409,San Juan Unified,SACRAMENTO     ,0,0
Andrew Carnegie Middle,6057913,Los Angeles Unified,LOS ANGELES    ,0,0
Andrew Jackson Elementary,6031934,Desert Sands Unified,RIVERSIDE      ,0,0
Andrew N. Christensen Middle,6085773,Livermore Valley Joint Unified,ALAMEDA        ,0,0
Andrew P. Hill High,4332995,East Side Union High,SANTA CLARA    ,14,5
Andros Karperos,100537,Yuba City Unified,SUTTER         ,0,0
Angel's Gate (Continuation),1930734,Los Angeles Unified,LOS ANGELES    ,0,0
Angeles Mesa Elementary,6015804,Los Angeles Unified,LOS ANGELES    ,0,0
Angelo Rodriguez High,4830170,Fairfield-Suisun Unified,SOLANO         ,0,15
Angier Elementary,6039135,San Diego Unified,SAN DIEGO      ,0,0
Animo City of Champions Charter High,136119,Los Angeles County Office of Education,LOS ANGELES    ,0,0
Animo College Preparatory Academy,124883,Los Angeles Unified,LOS ANGELES    ,0,6
Animo Ellen Ochoa Charter Middle,123992,Los Angeles Unified,LOS ANGELES    ,0,0
Animo Florence-Firestone Charter Middle,134023,Los Angeles Unified,LOS ANGELES    ,0,0
Animo Inglewood Charter High,1996586,Inglewood Unified,LOS ANGELES    ,0,5
Animo Jackie Robinson High,111583,Los Angeles Unified,LOS ANGELES    ,0,6
Animo James B. Taylor Charter Middle,124008,Los Angeles Unified,LOS ANGELES    ,0,0
Animo Jefferson Charter Middle,122481,Los Angeles Unified,LOS ANGELES    ,0,0
Animo Leadership High,1996313,Lennox,LOS ANGELES    ,0,6
Animo Mae Jemison Charter Middle,129270,Los Angeles Unified,LOS ANGELES    ,0,0
Animo Pat Brown,106849,Los Angeles Unified,LOS ANGELES    ,0,7
Animo Phillis Wheatley Charter Middle,124024,Los Angeles Unified,LOS ANGELES    ,0,0
Animo Ralph Bunche Charter High,111575,Los Angeles Unified,LOS ANGELES    ,0,8
Animo South Los Angeles Charter,102434,Los Angeles Unified,LOS ANGELES    ,1,5
Animo Venice Charter High,106831,Los Angeles Unified,LOS ANGELES    ,0,10
Animo Watts College Preparatory Academy,111625,Los Angeles Unified,LOS ANGELES    ,0,9
Animo Western Charter Middle,124016,Los Angeles Unified,LOS ANGELES    ,0,0
Animo Westside Charter Middle,122499,Los Angeles Unified,LOS ANGELES    ,0,0
Ann B. Leavenworth,6111256,Fresno Unified,FRESNO         ,0,0
Ann Sobrato High,102368,Morgan Hill Unified,SANTA CLARA    ,0,11
Ann Soldo Elementary,6117253,Pajaro Valley Unified,SANTA CRUZ     ,0,0
Ann Street Elementary,6015812,Los Angeles Unified,LOS ANGELES    ,0,0
Anna A. Borba Fundamental Elementary,6098362,Chino Valley Unified,SAN BERNARDINO ,0,0
Anna Hause Elementary,116947,Beaumont Unified,RIVERSIDE      ,0,0
Anna Kirchgater Elementary,6032981,Elk Grove Unified,SACRAMENTO     ,0,0
Anna Kyle Elementary,6051064,Fairfield-Suisun Unified,SOLANO         ,0,0
Anna M. Glazier Elementary,6020838,Norwalk-La Mirada Unified,LOS ANGELES    ,0,0
Anna McKenney Intermediate,6056626,Marysville Joint Unified,YUBA           ,0,0
Anna Yates Elementary,6090492,Emery Unified,ALAMEDA        ,0,0
Annalee Avenue Elementary,6015820,Los Angeles Unified,LOS ANGELES    ,0,0
Annandale Elementary,6015838,Los Angeles Unified,LOS ANGELES    ,0,0
Anne Darling Elementary,6048433,San Jose Unified,SANTA CLARA    ,0,0
Annie E. Cheney Kindergarten,6110217,Coalinga-Huron Unified,FRESNO         ,0,0
Annie Pennycook Elementary,6051379,Vallejo City Unified,SOLANO         ,0,0
Annie R. Mitchell,6054704,Visalia Unified,TULARE         ,0,0
Ansel Adams,102632,Lodi Unified,SAN JOAQUIN    ,0,0
Ansgar Larsen Elementary,6055016,Hueneme Elementary,VENTURA        ,0,0
Antelope Creek Elementary,6110647,Rocklin Unified,PLACER         ,0,0
Antelope Crossing Middle,6112072,Dry Creek Joint Elementary,PLACER         ,0,0
Antelope Elementary,6014609,Keppel Union Elementary,LOS ANGELES    ,0,0
Antelope High,116459,Roseville Joint Union High,PLACER         ,0,13
Antelope Hills Elementary,108530,Murrieta Valley Unified,RIVERSIDE      ,0,0
Antelope Meadows Elementary,6109862,Dry Creek Joint Elementary,PLACER         ,0,0
Antelope Valley High,1930213,Antelope Valley Union High,LOS ANGELES    ,0,11
Antelope Valley Learning Academy,112714,Palmdale Elementary,LOS ANGELES    ,0,0
Anthony C. Traina Elementary,105718,Jefferson Elementary,SAN JOAQUIN    ,0,0
Anthony G. Bacich Elementary,6024319,Kentfield Elementary,MARIN          ,0,0
Anthony Spangler Elementary,6047591,Milpitas Unified,SANTA CLARA    ,0,0
Anthony W. Ochoa Middle,6056956,Hayward Unified,ALAMEDA        ,0,0
Antioch Charter Academy,6115703,Antioch Unified,CONTRA COSTA   ,0,0
Antioch Charter Academy II,115063,Antioch Unified,CONTRA COSTA   ,0,0
Antioch High,730861,Antioch Unified,CONTRA COSTA   ,0,11
Antioch Middle,6057178,Antioch Unified,CONTRA COSTA   ,0,0
Antonio Del Buono Elementary,6116461,Gilroy Unified,SANTA CLARA    ,0,0
Anza Elementary,6022982,Torrance Unified,LOS ANGELES    ,0,0
Anzar High,3530060,Aromas - San Juan Unified,SAN BENITO     ,0,2
Apollo High,4330361,East Side Union High,SANTA CLARA    ,0,0
Apollo High,5634993,Simi Valley Unified,VENTURA        ,0,0
Apperson Street Elementary,6015846,Los Angeles Unified,LOS ANGELES    ,0,0
Apple Blossom,6093140,Twin Hills Union Elementary,SONOMA         ,0,0
Apple Valley High,3630423,Apple Valley Unified,SAN BERNARDINO ,0,20
Apple Valley Unified Preschool Special Education,122952,Apple Valley Unified,SAN BERNARDINO ,0,0
Applied Technology Center,124552,Montebello Unified,LOS ANGELES    ,0,0
Apricot Valley Elementary,110080,Patterson Joint Unified,STANISLAUS     ,0,0
April Lane Elementary,6053342,Yuba City Unified,SUTTER         ,0,0
Aptitud Community Academy at Goss,6046247,Alum Rock Union Elementary,SANTA CLARA    ,0,0
Aptos High,4430518,Pajaro Valley Unified,SANTA CRUZ     ,0,16
Aptos Junior High,6049647,Pajaro Valley Unified,SANTA CRUZ     ,0,0
Aptos Middle,6062020,San Francisco Unified,SAN FRANCISCO  ,0,0
Aragon Avenue Elementary,6015853,Los Angeles Unified,LOS ANGELES    ,0,0
Aragon High,4130217,San Mateo Union High,SAN MATEO      ,0,19
Ararat Charter,121079,Los Angeles Unified,LOS ANGELES    ,0,0
Arboga Elementary,6056634,Marysville Joint Unified,YUBA           ,0,0
Arbolita Elementary,6028930,La Habra City Elementary,ORANGE         ,0,0
Arbuckle Alternative High (Continuation),630087,Pierce Joint Unified,COLUSA         ,0,0
Arbuckle Elementary,6003511,Pierce Joint Unified,COLUSA         ,0,0
Arcade Fundamental Middle,6034342,San Juan Unified,SACRAMENTO     ,0,0
Arcadia High,1930288,Arcadia Unified,LOS ANGELES    ,0,19
Arcata Elementary,6007678,Arcata Elementary,HUMBOLDT       ,0,0
Arcata High,1230705,Northern Humboldt Union High,HUMBOLDT       ,0,5
"Architecture, Construction & Engineering Charter H",120634,Oxnard Union High,VENTURA        ,1,0
Arcohe Elementary,6032890,Arcohe Union Elementary,SACRAMENTO     ,0,0
Arden Middle,6034359,San Juan Unified,SACRAMENTO     ,0,0
Ardenwood Elementary,6104723,Fremont Unified,ALAMEDA        ,0,0
Ardis G. Egan Junior High,6047385,Los Altos Elementary,SANTA CLARA    ,0,0
Arellanes (Don Juan Bautista) Elementary,6045975,Santa Maria-Bonita,SANTA BARBARA  ,0,0
Arellanes Junior High,6119820,Santa Maria-Bonita,SANTA BARBARA  ,0,0
Arena Elementary,6025092,Arena Union Elementary,MENDOCINO      ,0,0
Arena High (Continuation),1930353,El Segundo Unified,LOS ANGELES    ,0,0
Arete Charter Academy,136424,Pleasant Ridge Union Elementary,NEVADA         ,0,0
Argonaut Elementary,6049068,Saratoga Union Elementary,SANTA CLARA    ,0,0
Argonaut High,334755,Amador County Unified,AMADOR         ,0,10
Argonne Elementary,6040737,San Francisco Unified,SAN FRANCISCO  ,0,0
Argus High (Continuation),5030200,Ceres Unified,STANISLAUS     ,0,0
Arizona Middle,6031504,Alvord Unified,RIVERSIDE      ,0,0
Ark Independent Studies,4430096,Santa Cruz City High,SANTA CRUZ     ,0,0
Arlanza Elementary,6031512,Alvord Unified,RIVERSIDE      ,0,0
Arlene Hein Elementary,105908,Elk Grove Unified,SACRAMENTO     ,0,0
Arleta High,112045,Los Angeles Unified,LOS ANGELES    ,0,9
Arlie F. Hutchinson Middle,6020846,Norwalk-La Mirada Unified,LOS ANGELES    ,0,0
Arlington Elementary,6022990,Torrance Unified,LOS ANGELES    ,0,0
Arlington Heights Elementary,6034367,San Juan Unified,SACRAMENTO     ,0,0
Arlington High,3330024,Riverside Unified,RIVERSIDE      ,0,14
Arma J. Shull Elementary,6011795,Bonita Unified,LOS ANGELES    ,0,0
Armada Elementary,6032288,Moreno Valley Unified,RIVERSIDE      ,0,0
Armijo High,4830451,Fairfield-Suisun Unified,SOLANO         ,11,1
Arminta Street Elementary,6015879,Los Angeles Unified,LOS ANGELES    ,0,0
Armona Elementary,6010276,Armona Union Elementary,KINGS          ,0,0
Armstrong Elementary,6068787,Pomona Unified,LOS ANGELES    ,0,0
Arnold Adreani Elementary,108720,Elk Grove Unified,SACRAMENTO     ,0,0
Arnold O. Beckman High,102871,Tustin Unified,ORANGE         ,0,19
Aromas,6049654,Aromas - San Juan Unified,SAN BENITO     ,0,0
Arovista Elementary,6027445,Brea-Olinda Unified,ORANGE         ,0,0
Arrow High (Continuation),1930312,Charter Oak Unified,LOS ANGELES    ,0,0
Arrowhead Elementary,6036768,San Bernardino City Unified,SAN BERNARDINO ,0,0
Arrowview Middle,6061907,San Bernardino City Unified,SAN BERNARDINO ,0,0
Arroyo,133645,San Carlos Elementary,SAN MATEO      ,0,0
Arroyo Elementary,6021802,Pomona Unified,LOS ANGELES    ,0,0
Arroyo Elementary,6036123,Ontario-Montclair,SAN BERNARDINO ,0,0
Arroyo Grande High,4030557,Lucia Mar Unified,SAN LUIS OBISPO,0,21
Arroyo High,130849,San Lorenzo Unified,ALAMEDA        ,0,11
Arroyo High,1930320,El Monte Union High,LOS ANGELES    ,0,7
Arroyo Seco Academy,136796,Greenfield Union Elementary,MONTEREY       ,0,0
Arroyo Seco Elementary,6071906,Livermore Valley Joint Unified,ALAMEDA        ,0,0
Arroyo Seco Junior High,6058564,William S. Hart Union High,LOS ANGELES    ,0,0
Arroyo Seco Museum Science,1932896,Los Angeles Unified,LOS ANGELES    ,0,0
Arroyo Valley High,3631082,San Bernardino City Unified,SAN BERNARDINO ,11,12
Arroyo Verde Elementary,6108179,Redlands Unified,SAN BERNARDINO ,0,0
Arroyo Vista Charter,6116859,Chula Vista Elementary,SAN DIEGO      ,0,0
Arroyo Vista Elementary,6110852,Capistrano Unified,ORANGE         ,0,0
Arroyo Vista Middle,111914,Capistrano Unified,ORANGE         ,0,0
Arroyo West Elementary,6109847,Moorpark Unified,VENTURA        ,0,0
Art Freiler,6118699,Tracy Joint Unified,SAN JOAQUIN    ,0,0
Art Haycox Elementary,6055024,Hueneme Elementary,VENTURA        ,0,0
Artesia High,1930361,ABC Unified,LOS ANGELES    ,0,12
Arthur A. Benjamin Health Professions High,108951,Sacramento City Unified,SACRAMENTO     ,0,0
Arthur C. Butler Elementary,6109516,Elk Grove Unified,SACRAMENTO     ,0,0
Arthur E. Mills Intermediate,6005995,Firebaugh-Las Deltas Unified,FRESNO         ,0,0
Arthur E. Wright Middle,6014781,Las Virgenes Unified,LOS ANGELES    ,0,0
Arthur F. Corey Elementary,6027486,Buena Park Elementary,ORANGE         ,0,0
Arthur Hapgood Elementary,6045561,Lompoc Unified,SANTA BARBARA  ,0,0
Arthur S. Dudley Elementary,6032908,Center Joint Unified,SACRAMENTO     ,0,0
Arts Academy at Bauer Speck Elementary,6043145,Paso Robles Joint Unified,SAN LUIS OBISPO,0,0
Arts In Action Community Charter,123158,Los Angeles Unified,LOS ANGELES    ,0,0
Arts in Action Community Middle,134205,Los Angeles Unified,LOS ANGELES    ,0,0
Arturo Sanchez Elementary,6021091,Norwalk-La Mirada Unified,LOS ANGELES    ,0,0
Arundel Elementary,6044721,San Carlos Elementary,SAN MATEO      ,0,0
Arvin High,1530252,Kern High,KERN           ,0,7
"Asawa (Ruth) SF Sch of the Arts, A Public School",3830387,San Francisco Unified,SAN FRANCISCO  ,0,14
Ascot Avenue Elementary,6015887,Los Angeles Unified,LOS ANGELES    ,0,0
Ashley Falls Elementary,6115620,Del Mar Union Elementary,SAN DIEGO      ,0,0
Aspen Elementary,6055859,Conejo Valley Unified,VENTURA        ,0,0
Aspen Meadow Public,133942,Fresno Unified,FRESNO         ,0,0
Aspen Valley Prep Academy,106740,Fresno Unified,FRESNO         ,0,0
Aspire APEX Academy,121541,Stockton Unified,SAN JOAQUIN    ,0,0
Aspire Alexander Twilight College Preparatory Acad,120469,San Juan Unified,SACRAMENTO     ,0,0
Aspire Alexander Twilight Secondary Academy,121467,San Juan Unified,SACRAMENTO     ,0,0
Aspire Antonio Maria Lugo Academy,109660,Los Angeles County Office of Education,LOS ANGELES    ,0,0
Aspire Benjamin Holt College Preparatory Academy,101956,Lodi Unified,SAN JOAQUIN    ,0,3
Aspire Benjamin Holt Middle School,133678,Lodi Unified,SAN JOAQUIN    ,0,0
Aspire Berkley Maynard Academy,109819,Oakland Unified,ALAMEDA        ,0,0
Aspire Capitol Heights Academy,102343,Sacramento City Unified,SACRAMENTO     ,0,0
Aspire Centennial College Preparatory Academy,126797,Los Angeles Unified,LOS ANGELES    ,0,0
Aspire College Academy,128413,Oakland Unified,ALAMEDA        ,0,0
Aspire ERES Academy,120188,Oakland Unified,ALAMEDA        ,0,0
Aspire East Palo Alto Charter,134197,Ravenswood City Elementary,SAN MATEO      ,0,2
Aspire Firestone Academy Charter,122622,Los Angeles Unified,LOS ANGELES    ,0,0
Aspire Gateway Academy Charter,122614,Los Angeles Unified,LOS ANGELES    ,0,0
Aspire Golden State College Preparatory Academy,118224,Oakland Unified,ALAMEDA        ,0,2
Aspire Inskeep Academy Charter,124800,Los Angeles Unified,LOS ANGELES    ,0,0
Aspire Juanita Tate Academy Charter,124792,Los Angeles Unified,LOS ANGELES    ,0,0
Aspire Junior Collegiate Academy,114884,Los Angeles Unified,LOS ANGELES    ,0,0
Aspire Langston Hughes Academy,118497,Stockton Unified,SAN JOAQUIN    ,0,0
Aspire Lionel Wilson College Preparatory Academy,130666,Oakland Unified,ALAMEDA        ,0,2
Aspire Monarch Academy,6117568,Oakland Unified,ALAMEDA        ,0,0
Aspire Ollin University Preparatory Academy,112128,Los Angeles County Office of Education,LOS ANGELES    ,0,6
Aspire Pacific Academy,122721,Los Angeles Unified,LOS ANGELES    ,0,6
Aspire Port City Academy,114876,Stockton Unified,SAN JOAQUIN    ,0,0
Aspire Richmond Ca. College Preparatory Academy,132100,West Contra Costa Unified,CONTRA COSTA   ,0,1
Aspire Richmond Technology Academy,132118,West Contra Costa Unified,CONTRA COSTA   ,0,0
Aspire River Oaks Charter,6118921,Lodi Unified,SAN JOAQUIN    ,0,0
Aspire Rosa Parks Academy,108647,Stockton Unified,SAN JOAQUIN    ,0,0
Aspire Slauson Academy Charter,124784,Los Angeles Unified,LOS ANGELES    ,0,0
Aspire Summit Charter Academy,112292,Ceres Unified,STANISLAUS     ,0,0
Aspire Titan Academy,120477,Los Angeles Unified,LOS ANGELES    ,0,0
Aspire Triumph Technology Academy,130732,Oakland Unified,ALAMEDA        ,0,0
Aspire University Charter,137265,Modesto City Elementary,STANISLAUS     ,0,0
Aspire Vanguard College Preparatory Academy,120212,Modesto City High,STANISLAUS     ,0,0
Aspire Vincent Shalvey Academy,6116594,Lodi Unified,SAN JOAQUIN    ,0,0
Assurance Learning Academy,127100,Acton-Agua Dulce Unified,LOS ANGELES    ,0,1
Atascadero Choices in Education (ACE),4030102,Atascadero Unified,SAN LUIS OBISPO,0,0
Atascadero High,4030755,Atascadero Unified,SAN LUIS OBISPO,0,10
Atascadero Middle,6042931,Atascadero Unified,SAN LUIS OBISPO,0,0
Atherwood Elementary,6084917,Simi Valley Unified,VENTURA        ,0,0
Atkinson Academy Charter,133975,San Juan Unified,SACRAMENTO     ,0,0
Atwater Avenue Elementary,6015895,Los Angeles Unified,LOS ANGELES    ,0,0
Atwater High,2430601,Merced Union High,MERCED         ,0,11
Atwater Senior Academy,101402,Atwater Elementary,MERCED         ,0,0
Auburn Elementary,6112700,Auburn Union Elementary,PLACER         ,0,0
Auburndale Intermediate,6059026,Corona-Norco Unified,RIVERSIDE      ,0,0
Audeo Charter,3731395,San Diego Unified,SAN DIEGO      ,0,2
Audeo Charter II,134577,SBE - Audeo Charter II,SAN DIEGO      ,0,1
Audeo Charter School III,137034,Escondido Union High,SAN DIEGO      ,0,0
Audubon Elementary,6044812,San Mateo-Foster City,SAN MATEO      ,0,0
Audubon K-8,6039143,San Diego Unified,SAN DIEGO      ,0,0
Audubon Middle,6061394,Los Angeles Unified,LOS ANGELES    ,0,0
August Boeger Middle,6048037,Mount Pleasant Elementary,SANTA CLARA    ,0,1
August Elementary,6042519,Stockton Unified,SAN JOAQUIN    ,0,0
August Knodt Elementary,6110555,Manteca Unified,SAN JOAQUIN    ,0,0
August Schilling Elementary,6001440,Newark Unified,ALAMEDA        ,0,0
Augustus F. Hawkins High A Critical Design and Gam,126482,Los Angeles Unified,LOS ANGELES    ,0,8
Augustus F. Hawkins High B Community Health Advoca,126490,Los Angeles Unified,LOS ANGELES    ,0,6
Augustus F. Hawkins High C Responsible Indigenous ,126508,Los Angeles Unified,LOS ANGELES    ,0,5
Aurelia Pennekamp Elementary,6020325,Manhattan Beach Unified,LOS ANGELES    ,0,0
Aurora Elementary,109348,Los Angeles Unified,LOS ANGELES    ,0,0
Aurora High (Continuation),1332154,Calexico Unified,IMPERIAL       ,0,1
Aurum Preparatory Academy,137448,Alameda County Office of Education,ALAMEDA        ,0,0
Austin Creek Elementary,6117907,Rincon Valley Union Elementary,SONOMA         ,0,0
Avalon Elementary,109124,Val Verde Unified,RIVERSIDE      ,0,0
Avalon Gardens Elementary,6015903,Los Angeles Unified,LOS ANGELES    ,0,0
Avalon High,1931930,Los Angeles Unified,LOS ANGELES    ,0,0
Avalon K-12,1930411,Long Beach Unified,LOS ANGELES    ,0,5
Avaxat Elementary,6106868,Murrieta Valley Unified,RIVERSIDE      ,0,0
Avenal Elementary,6010565,Reef-Sunset Unified,KINGS          ,0,0
Avenal High,1630953,Reef-Sunset Unified,KINGS          ,0,7
Avery Middle,6111884,Vallecito Union,CALAVERAS      ,0,0
Aveson Global Leadership Academy,113464,Pasadena Unified,LOS ANGELES    ,0,0
Aveson School of Leaders,113472,Pasadena Unified,LOS ANGELES    ,0,0
Aviara Oaks Elementary,6109201,Carlsbad Unified,SAN DIEGO      ,0,0
Aviara Oaks Middle,6118137,Carlsbad Unified,SAN DIEGO      ,0,0
Avocado Elementary,6069082,Cajon Valley Union,SAN DIEGO      ,0,0
Avondale Elementary,6038400,La Mesa-Spring Valley,SAN DIEGO      ,0,0
Ayer Elementary,6101091,Fresno Unified,FRESNO         ,0,0
Ayers Elementary,6003958,Mt. Diablo Unified,CONTRA COSTA   ,0,0
Aynesworth Elementary,6006076,Fresno Unified,FRESNO         ,0,0
Azusa High,1930528,Azusa Unified,LOS ANGELES    ,12,14
B. Gale Wilson Elementary,6109136,Fairfield-Suisun Unified,SOLANO         ,0,0
B. Roberto Cruz Leadership Academy,131995,East Side Union High,SANTA CLARA    ,0,7
BRIDGES Charter,121756,Ventura County Office of Education,VENTURA        ,0,0
BSD Preschool,119818,Burlingame Elementary,SAN MATEO      ,0,0
BUSD School of Opportunity,124628,Barstow Unified,SAN BERNARDINO ,0,0
Back Bay High,3034907,Newport-Mesa Unified,ORANGE         ,0,0
Baden High (Continuation),4130324,South San Francisco Unified,SAN MATEO      ,0,0
Badger Springs Middle,6108674,Moreno Valley Unified,RIVERSIDE      ,0,0
Badillo Elementary,6012041,Charter Oak Unified,LOS ANGELES    ,0,0
Baechtel Grove Middle,6025282,Willits Unified,MENDOCINO      ,0,0
Bagby Elementary,6046411,Cambrian,SANTA CLARA    ,0,0
Bahia Vista Elementary,6024756,San Rafael City Elementary,MARIN          ,0,0
Baird Middle,6006084,Fresno Unified,FRESNO         ,0,0
Baker Elementary,6020697,Mountain View Elementary,LOS ANGELES    ,0,0
Baker Elementary,6039150,San Diego Unified,SAN DIEGO      ,0,0
Baker High,3630076,Baker Valley Unified,SAN BERNARDINO ,0,0
Baker Junior High,6109193,Baker Valley Unified,SAN BERNARDINO ,0,0
Bakersfield High,1530708,Kern High,KERN           ,0,11
Balboa Elementary,6013619,Glendale Unified,LOS ANGELES    ,0,0
Balboa Elementary,6039168,San Diego Unified,SAN DIEGO      ,0,0
Balboa Gifted/High Ability Magnet Elementary,6100069,Los Angeles Unified,LOS ANGELES    ,0,0
Balboa High,3830288,San Francisco Unified,SAN FRANCISCO  ,0,12
Balboa Middle,6060370,Ventura Unified,VENTURA        ,0,0
Baldwin (Julia) Elementary,6095400,Oak Grove Elementary,SANTA CLARA    ,0,0
Baldwin Academy,6014112,Hacienda la Puente Unified,LOS ANGELES    ,0,0
Baldwin Hills Elementary,6015929,Los Angeles Unified,LOS ANGELES    ,0,0
Baldwin Lane Elementary,6112866,Bear Valley Unified,SAN BERNARDINO ,0,0
Baldwin Park High,1930601,Baldwin Park Unified,LOS ANGELES    ,0,15
Baldwin Stocker Elementary,6011134,Arcadia Unified,LOS ANGELES    ,0,0
Baldy Mesa Elementary,6106710,Snowline Joint Unified,SAN BERNARDINO ,0,0
Baldy View Elementary,6037204,Upland Unified,SAN BERNARDINO ,0,0
Ball Junior High,6061683,Anaheim Union High,ORANGE         ,0,0
Ballard Elementary,6045256,Ballard Elementary,SANTA BARBARA  ,0,0
Ballico-Cressey Community Charter,6025381,Ballico-Cressey Elementary,MERCED         ,0,0
Ballington Academy for the Arts and Sciences,118455,El Centro Elementary,IMPERIAL       ,0,0
Ballington Academy for the Arts and Sciences - San,133892,San Bernardino City Unified,SAN BERNARDINO ,0,0
Bancroft Elementary,6003966,Mt. Diablo Unified,CONTRA COSTA   ,0,0
Bancroft Middle,6057111,San Leandro Unified,ALAMEDA        ,0,0
Bancroft Middle,6061337,Long Beach Unified,LOS ANGELES    ,0,0
Bandini Elementary,6020507,Montebello Unified,LOS ANGELES    ,0,0
Bandini Street Elementary,6015945,Los Angeles Unified,LOS ANGELES    ,0,0
Bangor Elementary,6002919,Bangor Union Elementary,BUTTE          ,0,0
Banning High,3330214,Banning Unified,RIVERSIDE      ,0,9
Banning Independent Study,3330974,Banning Unified,RIVERSIDE      ,0,0
Bannon Creek,6107981,Natomas Unified,SACRAMENTO     ,0,0
Banta Elementary,6041750,Banta Elementary,SAN JOAQUIN    ,0,0
Banyan Elementary,6114649,Alta Loma Elementary,SAN BERNARDINO ,0,0
Barack Obama Charter,118760,SBE - Barack Obama Charter,LOS ANGELES    ,0,0
Barack Obama Global Preparation Academy,122416,Los Angeles Unified,LOS ANGELES    ,0,0
Barbara Benson Elementary,6030688,Tustin Unified,ORANGE         ,0,0
Barbara Chilton Middle,125740,Roseville City Elementary,PLACER         ,0,0
Barbara Comstock Morse Elementary,6113179,Elk Grove Unified,SACRAMENTO     ,0,0
Barbara Spratling Middle,6119002,Keyes Union,STANISLAUS     ,0,0
Barbara Webster Elementary,6055545,Santa Paula Unified,VENTURA        ,0,0
Barbara Worth Junior High,6008262,Brawley Elementary,IMPERIAL       ,0,0
Bardin Elementary,6025985,Alisal Union,MONTEREY       ,0,0
Barfield Elementary,6021927,Pomona Unified,LOS ANGELES    ,0,0
Barnard Elementary,6039184,San Diego Unified,SAN DIEGO      ,0,0
Barnett Elementary,6110720,Ramona City Unified,SAN DIEGO      ,0,0
Barona Indian Charter,6120901,Lakeside Union Elementary,SAN DIEGO      ,0,0
Barranca Elementary,6012439,Covina-Valley Unified,LOS ANGELES    ,0,0
Barrel Springs Elementary,6111538,Palmdale Elementary,LOS ANGELES    ,0,0
Barrett Elementary,6118376,Morgan Hill Unified,SANTA CLARA    ,0,0
Barrett Ranch Elementary,111104,Dry Creek Joint Elementary,PLACER         ,0,0
Barron Park Elementary,6115562,Palo Alto Unified,SANTA CLARA    ,0,0
Barry Elementary,6053359,Yuba City Unified,SUTTER         ,0,0
Barstow High,3630803,Barstow Unified,SAN BERNARDINO ,0,10
Barstow Junior High,6098537,Barstow Unified,SAN BERNARDINO ,0,0
Barstow STEM Academy,129452,Barstow Unified,SAN BERNARDINO ,0,0
Bartlett Middle,6054225,Porterville Unified,TULARE         ,0,0
Barton (Clara) Elementary,6027288,Anaheim Elementary,ORANGE         ,0,0
Barton Elementary,6015135,Long Beach Unified,LOS ANGELES    ,0,0
Barton Hill Elementary,6015952,Los Angeles Unified,LOS ANGELES    ,0,0
Bassett Senior High,1930700,Bassett Unified,LOS ANGELES    ,0,10
Bassett Street Elementary,6015960,Los Angeles Unified,LOS ANGELES    ,0,0
Bates Elementary,6033641,River Delta Joint Unified,SACRAMENTO     ,0,0
Bathgate Elementary,6111793,Capistrano Unified,ORANGE         ,0,0
Battles (Washington) Elementary,6107007,Santa Maria-Bonita,SANTA BARBARA  ,0,0
Bautista Creek Elementary,6110415,Hemet Unified,RIVERSIDE      ,0,0
Bay Area Technology,106906,Oakland Unified,ALAMEDA        ,0,1
Bay Elementary,6002505,San Lorenzo Unified,ALAMEDA        ,0,0
Bay Farm,6110779,Alameda Unified,ALAMEDA        ,0,0
Bay Laurel Elementary,6110563,Las Virgenes Unified,LOS ANGELES    ,0,0
Bay Park Elementary,6039200,San Diego Unified,SAN DIEGO      ,0,0
Bay View Academy,124297,Monterey County Office of Education,MONTEREY       ,0,0
Bay View Elementary,6049860,Santa Cruz City Elementary,SANTA CRUZ     ,0,0
Baypoint Preparatory Academy,132522,SBE - Baypoint Preparatory Academy,RIVERSIDE      ,0,1
Baypoint Preparatory Academy - San Diego,138099,SBE - Baypoint Preparatory Academy San Diego,SAN DIEGO      ,0,0
Bayshore,6043392,Bayshore Elementary,SAN MATEO      ,0,0
Bayside Academy,136242,San Mateo-Foster City,SAN MATEO      ,0,0
Bayside Community Day,3330800,Moreno Valley Unified,RIVERSIDE      ,0,0
Bayside Martin Luther King Jr. Academy,6024889,Sausalito Marin City,MARIN          ,0,0
Bayside STEAM Academy,6040463,South Bay Union,SAN DIEGO      ,0,0
Bayview Elementary,6004600,West Contra Costa Unified,CONTRA COSTA   ,0,0
Baywood Elementary,6044838,San Mateo-Foster City,SAN MATEO      ,0,0
Baywood Elementary,6096325,San Luis Coastal Unified,SAN LUIS OBISPO,0,0
Beach Elementary,6002281,Piedmont City Unified,ALAMEDA        ,0,0
Beach High-Intensive Learning Program,125153,Long Beach Unified,LOS ANGELES    ,0,0
Beachy Avenue Elementary,6015978,Los Angeles Unified,LOS ANGELES    ,0,0
Beacon Park,133389,Irvine Unified,ORANGE         ,0,0
Beamer Elementary,6056444,Woodland Joint Unified,YOLO           ,0,0
Bear Creek High,3930237,Lodi Unified,SAN JOAQUIN    ,0,14
Bear Gulch Elementary,6104525,Central Elementary,SAN BERNARDINO ,0,0
Bear Mountain Elementary,6110464,Arvin Union,KERN           ,0,0
Bear River,6056816,Wheatland,YUBA           ,0,0
Bear River High,2930048,Nevada Joint Union High,NEVADA         ,0,8
Bear Valley Elementary,137125,Alpine County Unified,ALPINE         ,0,0
Bear Valley Elementary,6107890,Moreno Valley Unified,RIVERSIDE      ,0,0
Bear Valley Middle,102590,Escondido Union,SAN DIEGO      ,0,0
Beardslee Dual Language Immersion Academy (PK-8),6012926,Duarte Unified,LOS ANGELES    ,0,0
Beardsley Elementary,6009211,Beardsley Elementary,KERN           ,0,0
Beardsley Junior High,6009229,Beardsley Elementary,KERN           ,0,0
Beattie Middle,102558,Redlands Unified,SAN BERNARDINO ,0,0
Beaumont Elementary,6040588,Vista Unified,SAN DIEGO      ,0,0
Beaumont Senior High,3330479,Beaumont Unified,RIVERSIDE      ,0,15
Beckford Charter for Enriched Studies,6015986,Los Angeles Unified,LOS ANGELES    ,0,0
Beckman Elementary,6108856,Lodi Unified,SAN JOAQUIN    ,0,0
Beckwourth (Jim) High (Continuation),3230042,Plumas Unified,PLUMAS         ,0,0
Beech Avenue Elementary,113944,Fontana Unified,SAN BERNARDINO ,0,0
Beechwood Elementary,6028013,Fullerton Elementary,ORANGE         ,0,0
Beethoven Street Elementary,6015994,Los Angeles Unified,LOS ANGELES    ,0,0
Bel Air Elementary,6003974,Mt. Diablo Unified,CONTRA COSTA   ,0,0
Bel Aire Elementary,6024616,Reed Union Elementary,MARIN          ,0,0
Bel Aire Park Elementary,6026777,Napa Valley Unified,NAPA           ,0,0
Bell Avenue Elementary,6033724,Robla Elementary,SACRAMENTO     ,0,0
Bell Gardens Elementary,6020515,Montebello Unified,LOS ANGELES    ,0,0
Bell Gardens High,1930825,Montebello Unified,LOS ANGELES    ,0,16
Bell Gardens Intermediate,6058408,Montebello Unified,LOS ANGELES    ,0,0
Bell Hill Academy,125955,Grass Valley Elementary,NEVADA         ,0,0
Bell Middle,6059588,San Diego Unified,SAN DIEGO      ,0,0
Bell Mountain Middle,6119721,Menifee Union Elementary,RIVERSIDE      ,0,0
Bell Senior High,1930866,Los Angeles Unified,LOS ANGELES    ,0,17
Bella Mente Montessori Academy,128223,Vista Unified,SAN DIEGO      ,0,0
Bella Vista Elementary,132902,San Ramon Valley Unified,CONTRA COSTA   ,0,0
Bella Vista Elementary,6050074,Bella Vista Elementary,SHASTA         ,0,0
Bella Vista High,3430493,San Juan Unified,SACRAMENTO     ,0,15
Bella Vista Middle,105759,Temecula Valley Unified,RIVERSIDE      ,0,0
Belle Air Elementary,6044614,San Bruno Park Elementary,SAN MATEO      ,0,0
Belle Haven Elementary,6044309,Ravenswood City Elementary,SAN MATEO      ,0,0
Belleview Elementary,6054829,Belleview Elementary,TUOLUMNE       ,0,0
Bellevue Elementary,6025324,Atwater Elementary,MERCED         ,0,0
Bellevue Senior Elementary,126771,Atwater Elementary,MERCED         ,0,0
Bellevue-Santa Fe Charter,6043194,San Luis Coastal Unified,SAN LUIS OBISPO,0,0
Bellflower Adult Education Center,1930759,Bellflower Unified,LOS ANGELES    ,0,0
Bellflower Alternative Education Center,1995679,Bellflower Unified,LOS ANGELES    ,0,0
Bellflower High,1930775,Bellflower Unified,LOS ANGELES    ,0,12
Bellingham Elementary,106914,Los Angeles Unified,LOS ANGELES    ,0,0
Belmont Senior High,1930924,Los Angeles Unified,LOS ANGELES    ,0,11
Belridge Elementary,6009245,Belridge Elementary,KERN           ,0,0
Belshaw Elementary,6003578,Antioch Unified,CONTRA COSTA   ,0,0
Belvedere Elementary,6036784,San Bernardino City Unified,SAN BERNARDINO ,0,0
Belvedere Middle,6057889,Los Angeles Unified,LOS ANGELES    ,0,0
Bemis Elementary,6036602,Rialto Unified,SAN BERNARDINO ,0,0
Ben Hulse Elementary,6008551,Imperial Unified,IMPERIAL       ,0,0
Ben Lomond Elementary,6012447,Covina-Valley Unified,LOS ANGELES    ,0,0
Ben Painter Elementary,6046122,Alum Rock Union Elementary,SANTA CLARA    ,0,0
Benchley/Weinberger Elementary,6040299,San Diego Unified,SAN DIEGO      ,0,0
Bend Elementary,6053474,Evergreen Union,TEHAMA         ,0,0
Benicia High,4831004,Benicia Unified,SOLANO         ,0,18
Benicia Middle,6050983,Benicia Unified,SOLANO         ,0,0
Benjamin Banneker Career and Transition Center,6060495,Los Angeles Unified,LOS ANGELES    ,0,0
Benjamin Bubb Elementary,6047955,Mountain View Whisman,SANTA CLARA    ,0,0
Benjamin F. Beswick Elementary,6030555,Tustin Unified,ORANGE         ,0,0
Benjamin Foxen Elementary,6045264,Blochman Union Elementary,SANTA BARBARA  ,0,0
Benjamin Franklin Elementary,107961,Desert Sands Unified,RIVERSIDE      ,0,0
Benjamin Franklin Elementary,6013676,Glendale Unified,LOS ANGELES    ,0,0
Benjamin Franklin Intermediate,6043723,Jefferson Elementary,SAN MATEO      ,0,0
Benjamin Franklin Senior High,1933043,Los Angeles Unified,LOS ANGELES    ,0,18
Bennett/Kew Elementary,6014435,Inglewood Unified,LOS ANGELES    ,0,0
Berenda Elementary,6105951,Madera Unified,MADERA         ,0,0
Berendo Middle,6061402,Los Angeles Unified,LOS ANGELES    ,0,0
Berenece Carlson Home Hospital,6069157,Los Angeles Unified,LOS ANGELES    ,0,0
Beresford Elementary,6044846,San Mateo-Foster City,SAN MATEO      ,0,0
Berkeley Arts Magnet at Whittier,6097729,Berkeley Unified,ALAMEDA        ,0,0
Berkeley High,131177,Berkeley Unified,ALAMEDA        ,8,20
Berkeley Technology Academy,134924,Berkeley Unified,ALAMEDA        ,0,0
Berkshire Elementary,6119994,Panama-Buena Vista Union,KERN           ,0,0
Berlyn Elementary,6036131,Ontario-Montclair,SAN BERNARDINO ,0,0
Bernal Intermediate,6072177,Oak Grove Elementary,SANTA CLARA    ,0,0
Bernard L. Hughes Elementary,6107932,Empire Union Elementary,STANISLAUS     ,0,0
Bernardo Elementary,107870,Escondido Union,SAN DIEGO      ,0,0
Bernardo Heights Middle,6107460,Poway Unified,SAN DIEGO      ,0,0
Bernardo Yorba Middle,6068621,Placentia-Yorba Linda Unified,ORANGE         ,0,0
Bernhard Marks Elementary,6112940,Dos Palos Oro Loma Joint Unified,MERCED         ,0,0
Bernice Ayer Middle,6115406,Capistrano Unified,ORANGE         ,0,0
Berrendos Middle,6066328,Antelope Elementary,TEHAMA         ,0,0
Berry Creek Elementary,6002927,Pioneer Union Elementary,BUTTE          ,0,0
Bert Corona Charter,106872,Los Angeles Unified,LOS ANGELES    ,0,0
Bert Corona Charter High,132126,Los Angeles Unified,LOS ANGELES    ,0,3
Bert M. Lynn Middle,6023089,Torrance Unified,LOS ANGELES    ,0,0
Bertrand Avenue Elementary,6016026,Los Angeles Unified,LOS ANGELES    ,0,0
Beryl Heights Elementary,6022024,Redondo Beach Unified,LOS ANGELES    ,0,0
Berylwood Elementary,6055651,Simi Valley Unified,VENTURA        ,0,0
Bess Maxwell Elementary,6005375,Del Norte County Unified,DEL NORTE      ,0,0
Bessie E. Owens Intermediate,6116719,Bakersfield City,KERN           ,0,0
Bessie E. Owens Primary,6009138,Bakersfield City,KERN           ,0,0
Bethany Elementary,114645,Lammersville Joint Unified,SAN JOAQUIN    ,0,0
Bethune K-8,6106173,San Diego Unified,SAN DIEGO      ,0,0
Betty Plasencia Elementary,6016638,Los Angeles Unified,LOS ANGELES    ,0,0
Beulah Payne Elementary,6014559,Inglewood Unified,LOS ANGELES    ,0,0
Beverly Hills Elementary,6051387,Vallejo City Unified,SOLANO         ,0,0
Beverly Hills High,1930981,Beverly Hills Unified,LOS ANGELES    ,0,17
Beverly Vista Elementary,6011746,Beverly Hills Unified,LOS ANGELES    ,0,0
Bidwell Continuation High,110494,Antioch Unified,CONTRA COSTA   ,0,0
Bidwell Elementary,6053623,Red Bluff Union Elementary,TEHAMA         ,0,0
Bidwell Junior High,6057129,Chico Unified,BUTTE          ,0,0
Bidwell Point High (Continuation),1130046,Stony Creek Joint Unified,GLENN          ,0,0
Big Bear Elementary,6105936,Bear Valley Unified,SAN BERNARDINO ,0,0
Big Bear High,3631066,Bear Valley Unified,SAN BERNARDINO ,0,5
Big Bear Middle,6035463,Bear Valley Unified,SAN BERNARDINO ,0,0
Big Creek Elementary,6005763,Big Creek Elementary,FRESNO         ,0,0
Big Lagoon Elementary,6007686,Big Lagoon Union Elementary,HUMBOLDT       ,0,0
Big Picture Educational Academy,119628,Fresno County Office of Education,FRESNO         ,0,0
Big Pine Elementary,6008692,Big Pine Unified,INYO           ,0,0
Big Pine High,1431352,Big Pine Unified,INYO           ,0,0
Big Springs Elementary,6055669,Simi Valley Unified,VENTURA        ,0,0
Big Sur Charter,118349,Big Sur Unified,MONTEREY       ,0,0
Big Valley Elementary,6010698,Big Valley Joint Unified,LASSEN         ,0,0
Big Valley Jr. Sr. High,1831601,Big Valley Joint Unified,LASSEN         ,0,1
Biggs Elementary,6002943,Biggs Unified,BUTTE          ,0,0
Biggs High,430827,Biggs Unified,BUTTE          ,0,2
Bijou Community,6005540,Lake Tahoe Unified,EL DORADO      ,0,0
Bill E. Young Jr. Middle,6008395,Calipatria Unified,IMPERIAL       ,0,0
Bill L. Williams Elementary,6113401,Panama-Buena Vista Union,KERN           ,0,0
Bill M. Manes High,1330018,San Pasqual Valley Unified,IMPERIAL       ,1,0
Billy Mitchell Elementary,6014856,Lawndale Elementary,LOS ANGELES    ,0,0
Bing Wong Elementary,116160,San Bernardino City Unified,SAN BERNARDINO ,0,0
Binkley Elementary Charter,6085229,Rincon Valley Union Elementary,SONOMA         ,0,0
Biola-Pershing Elementary,6005789,Central Unified,FRESNO         ,0,0
Birch Grove Intermediate,6001531,Newark Unified,ALAMEDA        ,0,0
Birch Grove Primary,6001499,Newark Unified,ALAMEDA        ,0,0
Birch Lane Elementary,6056246,Davis Joint Unified,YOLO           ,0,0
Bird Rock Elementary,6039242,San Diego Unified,SAN DIEGO      ,0,0
Bird Street Elementary,6003214,Oroville City Elementary,BUTTE          ,0,0
Birdielee V. Bright Elementary,6019491,Los Angeles Unified,LOS ANGELES    ,0,0
Birmingham Community Charter High,1931047,Los Angeles Unified,LOS ANGELES    ,0,19
Birney Elementary,6006092,Fresno Unified,FRESNO         ,0,0
Birney Elementary,6039259,San Diego Unified,SAN DIEGO      ,0,0
Birney Tech Academy,6013304,El Rancho Unified,LOS ANGELES    ,0,0
Bishop Elementary,6049142,Sunnyvale,SANTA CLARA    ,0,0
Bishop Independent Study,119081,Bishop Unified,INYO           ,0,0
Bishop Union Elementary Community Day,110031,Bishop Unified,INYO           ,0,0
Bishop Union Elementary Community Day II,118299,Bishop Unified,INYO           ,0,0
Bishop Union High,1431600,Bishop Unified,INYO           ,0,6
Bishop's Peak Elementary,6043277,San Luis Coastal Unified,SAN LUIS OBISPO,0,0
Bitely (Arlene) Elementary,6105886,Garvey Elementary,LOS ANGELES    ,0,0
Bitney Prep High,114314,Nevada County Office of Education,NEVADA         ,0,0
Bitterwater-Tully Elementary,6035000,Bitterwater-Tully Elementary,SAN BENITO     ,0,0
Bixby Elementary,6015150,Long Beach Unified,LOS ANGELES    ,0,0
Black Butte Elementary,6050082,Black Butte Union Elementary,SHASTA         ,0,0
Black Butte Junior High,6113260,Black Butte Union Elementary,SHASTA         ,0,0
Black Diamond High (Continuation),730184,Pittsburg Unified,CONTRA COSTA   ,0,0
Black Diamond Middle,6113104,Antioch Unified,CONTRA COSTA   ,0,0
Black Mountain Middle,6093223,Poway Unified,SAN DIEGO      ,0,0
Black Rock Alternative/Continuation,3630217,Morongo Unified,SAN BERNARDINO ,0,0
Blackford Elementary,6046510,Campbell Union,SANTA CLARA    ,0,0
Blair High,1931062,Pasadena Unified,LOS ANGELES    ,11,2
Blake Elementary,6009252,Blake Elementary,KERN           ,0,0
Blaker-Kinser Junior High,6112346,Ceres Unified,STANISLAUS     ,0,0
Blanchard Elementary,6055552,Santa Paula Unified,VENTURA        ,0,0
Blanche Charles Elementary,6106975,Calexico Unified,IMPERIAL       ,0,0
Blanche Reynolds Elementary,6056055,Ventura Unified,VENTURA        ,0,0
Blanche Sprentz Elementary,6033146,Folsom-Cordova Unified,SACRAMENTO     ,0,0
Blandford Elementary,6022222,Rowland Unified,LOS ANGELES    ,0,0
Bloomington High,3631322,Colton Joint Unified,SAN BERNARDINO ,0,13
Blosser Lane Elementary,6108369,Willits Unified,MENDOCINO      ,0,0
Blossom Hill Elementary,6047518,Los Gatos Union Elementary,SANTA CLARA    ,0,0
Blossom Valley Elementary,6112148,Cajon Valley Union,SAN DIEGO      ,0,0
Blue Heron,107706,Konocti Unified,LAKE           ,0,0
Blue Hills Elementary,6067185,Cupertino Union,SANTA CLARA    ,0,0
Blue Lake Union Elementary,6007694,Blue Lake Union Elementary,HUMBOLDT       ,0,0
Blue Oak Academy,135459,Tulare County Office of Education,TULARE         ,0,0
Blue Oak Charter,6119523,Chico Unified,BUTTE          ,0,0
Blue Oak Elementary,6107361,Buckeye Union Elementary,EL DORADO      ,0,0
Blue Oaks Elementary,102806,Roseville City Elementary,PLACER         ,0,0
Blue Ridge,106047,El Dorado County Office of Education,EL DORADO      ,0,0
Blythe Street Elementary,6016034,Los Angeles Unified,LOS ANGELES    ,0,0
Bob Holcomb Elementary,127357,San Bernardino City Unified,SAN BERNARDINO ,0,0
Bobbie Smith Elementary,6015200,Long Beach Unified,LOS ANGELES    ,0,0
Bobby Duke Middle,113753,Coachella Valley Unified,RIVERSIDE      ,0,0
Bobier Elementary,6040596,Vista Unified,SAN DIEGO      ,0,0
Bogus Elementary,6050660,Bogus Elementary,SISKIYOU       ,0,0
Bohannon Middle,6002513,San Lorenzo Unified,ALAMEDA        ,0,0
Bolinas-Stinson Elementary,6024137,Bolinas-Stinson Union,MARIN          ,0,0
Bollinger Canyon Elementary,6100952,San Ramon Valley Unified,CONTRA COSTA   ,0,0
Bolsa Grande High,3030434,Garden Grove Unified,ORANGE         ,0,21
Bolsa Knolls Middle,122911,Santa Rita Union Elementary,MONTEREY       ,0,0
Bon View Elementary,6036149,Ontario-Montclair,SAN BERNARDINO ,0,0
Bonita Canyon Elementary,6097042,Irvine Unified,ORANGE         ,0,0
Bonita Elementary,6045272,Santa Maria-Bonita,SANTA BARBARA  ,0,0
Bonita High,1931088,Bonita Unified,LOS ANGELES    ,0,19
Bonita Street Elementary,6016042,Los Angeles Unified,LOS ANGELES    ,0,0
Bonita Vista Middle,6059745,Sweetwater Union High,SAN DIEGO      ,0,0
Bonita Vista Senior High,3730405,Sweetwater Union High,SAN DIEGO      ,13,23
Bonny Doon Elementary,6049563,Bonny Doon Union Elementary,SANTA CRUZ     ,0,0
Bonny View Elementary,6050462,Redding Elementary,SHASTA         ,0,0
Bonsall Elementary,6037543,Bonsall Unified,SAN DIEGO      ,0,0
Bonsall High,129320,Bonsall Unified,SAN DIEGO      ,0,0
Bonsall West Elementary,110122,Bonsall Unified,SAN DIEGO      ,0,0
Booksin Elementary,6048474,San Jose Unified,SANTA CLARA    ,0,0
Boone Elementary,6039267,San Diego Unified,SAN DIEGO      ,0,0
Borel Middle,6044853,San Mateo-Foster City,SAN MATEO      ,0,0
Boron Junior-Senior High,1530997,Muroc Joint Unified,KERN           ,0,1
Boronda Elementary,132407,Salinas City Elementary,MONTEREY       ,0,0
Boronda Meadows,108068,Salinas City Elementary,MONTEREY       ,0,0
Borrego Springs Elementary,6037550,Borrego Springs Unified,SAN DIEGO      ,0,0
Borrego Springs High,3730447,Borrego Springs Unified,SAN DIEGO      ,1,3
Borrego Springs Middle,6115315,Borrego Springs Unified,SAN DIEGO      ,0,0
Bostonia Language Academy,6037576,Cajon Valley Union,SAN DIEGO      ,0,0
Boulder Creek Elementary,6049837,San Lorenzo Valley Unified,SANTA CRUZ     ,0,0
Boulder Creek Elementary,6111470,Enterprise Elementary,SHASTA         ,0,0
Boulder Oaks Elementary,6109086,Alpine Union Elementary,SAN DIEGO      ,0,0
Boulder Ridge Elementary,127761,Romoland Elementary,RIVERSIDE      ,0,0
Bowditch Middle,6044861,San Mateo-Foster City,SAN MATEO      ,0,0
Bowers Elementary,6048797,Santa Clara Unified,SANTA CLARA    ,0,0
Bowling Green Elementary,6033799,Sacramento City Unified,SACRAMENTO     ,0,0
Bowman (Jereann) High (Continuation),1934421,William S. Hart Union High,LOS ANGELES    ,0,0
Bowman Charter,6031009,Ackerman Charter,PLACER         ,0,0
Bowman Elementary,6000889,Hayward Unified,ALAMEDA        ,0,0
Box Springs Elementary,6108716,Moreno Valley Unified,RIVERSIDE      ,0,0
Boyd Elementary,6036610,Rialto Unified,SAN BERNARDINO ,0,0
Boyle Heights Continuation,1932821,Los Angeles Unified,LOS ANGELES    ,0,0
Boyle Heights STEM High,129536,Los Angeles Unified,LOS ANGELES    ,0,5
Boynton High,4330759,Campbell Union High,SANTA CLARA    ,0,0
Boys Academic Leadership Academy,135996,Los Angeles Unified,LOS ANGELES    ,0,0
Boys Republic High,3631587,Chino Valley Unified,SAN BERNARDINO ,0,0
Bracher Elementary,6048805,Santa Clara Unified,SANTA CLARA    ,0,0
Braddock Drive Elementary,6016059,Los Angeles Unified,LOS ANGELES    ,0,0
Bradford Woodbridge Fundamental Elementary,6031280,Roseville City Elementary,PLACER         ,0,0
Bradley Elementary,6026017,Bradley Union Elementary,MONTEREY       ,0,0
Bradley Elementary,6049662,Pajaro Valley Unified,SANTA CRUZ     ,0,0
Bradoaks Elementary,6020424,Monrovia Unified,LOS ANGELES    ,0,0
Bragg Elementary,6071369,ABC Unified,LOS ANGELES    ,0,0
Brainard Elementary,6016067,Los Angeles Unified,LOS ANGELES    ,0,0
Braly Elementary,6048813,Santa Clara Unified,SANTA CLARA    ,0,0
Branch Elementary,6043012,Lucia Mar Unified,SAN LUIS OBISPO,0,0
Branciforte Middle,6060149,Santa Cruz City High,SANTA CRUZ     ,0,0
Brandon Elementary,6067110,Goleta Union Elementary,SANTA BARBARA  ,0,0
Branham High,4330866,Campbell Union High,SANTA CLARA    ,0,17
Bravo Lake High,5436258,Woodlake Unified,TULARE         ,0,0
Brawley Union High,1331404,Brawley Union High,IMPERIAL       ,0,9
Brea Canyon High (Continuation),3030624,Brea-Olinda Unified,ORANGE         ,0,0
Brea Country Hills Elementary,6101901,Brea-Olinda Unified,ORANGE         ,0,0
Brea Junior High,6058911,Brea-Olinda Unified,ORANGE         ,0,0
Brea-Olinda High,3030640,Brea-Olinda Unified,ORANGE         ,0,20
Breed Street Elementary,6016075,Los Angeles Unified,LOS ANGELES    ,0,0
Breen Elementary,6111975,Rocklin Unified,PLACER         ,0,0
Breeze Hill Elementary,6110399,Vista Unified,SAN DIEGO      ,0,0
Brenkwitz High,133009,Hayward Unified,ALAMEDA        ,0,0
Brentwood Academy,6044333,Ravenswood City Elementary,SAN MATEO      ,0,0
Brentwood Elementary,6003644,Brentwood Union Elementary,CONTRA COSTA   ,0,0
Brentwood Science,6016083,Los Angeles Unified,LOS ANGELES    ,0,0
Bret Harte Elementary,6010334,Corcoran Joint Unified,KINGS          ,0,0
Bret Harte Elementary,6033807,Sacramento City Unified,SACRAMENTO     ,0,0
Bret Harte Elementary,6052633,Modesto City Elementary,STANISLAUS     ,0,0
Bret Harte Middle,6056931,Hayward Unified,ALAMEDA        ,0,0
Bret Harte Middle,6056998,Oakland Unified,ALAMEDA        ,0,0
Bret Harte Middle,6060099,San Jose Unified,SANTA CLARA    ,0,0
Bret Harte Preparatory Middle,6058044,Los Angeles Unified,LOS ANGELES    ,0,0
Bret Harte Union High,532507,Bret Harte Union High,CALAVERAS      ,0,8
Brewer Island Elementary,6112650,San Mateo-Foster City,SAN MATEO      ,0,0
Briarwood Elementary,6048821,Santa Clara Unified,SANTA CLARA    ,0,0
Bridge Street Elementary,6016091,Los Angeles Unified,LOS ANGELES    ,0,0
Bridge Street Elementary,6053367,Yuba City Unified,SUTTER         ,0,0
Bridgepoint High (Continuation),135426,Newark Unified,ALAMEDA        ,0,0
Bridgeport Elementary,6025936,Eastern Sierra Unified,MONO           ,0,0
Bridgeport Elementary,6120257,Saugus Union,LOS ANGELES    ,0,0
Bridges,730481,Antioch Unified,CONTRA COSTA   ,0,0
Bridges Academy,128702,Lemoore Union Elementary,KINGS          ,0,0
Bridges Academy,6002075,Oakland Unified,ALAMEDA        ,0,0
Bridges Academy,6047229,Franklin-McKinley Elementary,SANTA CLARA    ,0,0
"Bridges Community Based School, North County Conso",121236,Windsor Unified,SONOMA         ,0,0
Bridges Community Day,1995927,Charter Oak Unified,LOS ANGELES    ,0,0
Bridges Community Day,3030798,Capistrano Unified,ORANGE         ,0,0
Bridgeville Elementary,6007710,Bridgeville Elementary,HUMBOLDT       ,0,0
Bridgeway Island Elementary,6120745,Washington Unified,YOLO           ,0,0
Brier Elementary,6000558,Fremont Unified,ALAMEDA        ,0,0
Briggs Elementary,6054969,Briggs Elementary,VENTURA        ,0,0
Bright Star Secondary Charter Academy,112508,Los Angeles Unified,LOS ANGELES    ,0,8
Brightwood Elementary,6011001,Alhambra Unified,LOS ANGELES    ,0,0
Briones (Alternative),730473,Martinez Unified,CONTRA COSTA   ,1,0
Brisbane Elementary,6043491,Brisbane Elementary,SAN MATEO      ,0,0
Brittan Acres Elementary,6044739,San Carlos Elementary,SAN MATEO      ,0,0
Brittan Elementary,6053235,Brittan Elementary,SUTTER         ,0,0
Broad Avenue Elementary,6016109,Los Angeles Unified,LOS ANGELES    ,0,0
Broadacres Avenue Elementary,6016117,Los Angeles Unified,LOS ANGELES    ,0,0
Broadway Elementary,6016125,Los Angeles Unified,LOS ANGELES    ,0,0
Broadway High,4332110,San Jose Unified,SANTA CLARA    ,0,0
Brock Elliott Elementary,6108237,Manteca Unified,SAN JOAQUIN    ,0,0
Brockton Avenue Elementary,6016133,Los Angeles Unified,LOS ANGELES    ,0,0
Brook Haven Elementary,6052211,Sebastopol Union Elementary,SONOMA         ,0,0
Brook Hill Elementary,6052104,Santa Rosa Elementary,SONOMA         ,0,0
Brook Knoll Elementary,6049936,Scotts Valley Unified,SANTA CRUZ     ,0,0
Brookfield Elementary,6001663,Oakland Unified,ALAMEDA        ,0,0
Brookhaven Elementary,6029995,Placentia-Yorba Linda Unified,ORANGE         ,0,0
Brookhurst Elementary,6028252,Garden Grove Unified,ORANGE         ,0,0
Brookhurst Junior High,6058812,Anaheim Union High,ORANGE         ,0,0
Brooklyn Avenue Elementary,6016141,Los Angeles Unified,LOS ANGELES    ,0,0
Brooks Elementary,6107221,Windsor Unified,SONOMA         ,0,0
Brookside,6111462,Lincoln Unified,SAN JOAQUIN    ,0,0
Brookside Elementary,102749,Beaumont Unified,RIVERSIDE      ,0,0
Brookside Elementary,6024681,Ross Valley Elementary,MARIN          ,0,0
Brookside Elementary,6055677,Oak Park Unified,VENTURA        ,0,0
Brooktree Elementary,6095335,Berryessa Union Elementary,SANTA CLARA    ,0,0
Brookvale Elementary,6089320,Fremont Unified,ALAMEDA        ,0,0
Brown Jr. (Willie L) Middle,132241,San Francisco Unified,SAN FRANCISCO  ,0,0
Brownell Middle,6111785,Gilroy Unified,SANTA CLARA    ,0,0
Browning Road STEAM Academy,6009757,McFarland Unified,KERN           ,0,0
Browns Elementary,6053243,Browns Elementary,SUTTER         ,0,0
Browns Valley Elementary,6026785,Napa Valley Unified,NAPA           ,0,0
Browns Valley Elementary,6109672,Vacaville Unified,SOLANO         ,0,0
Bruce (Robert) Elementary,6046064,Santa Maria-Bonita,SANTA BARBARA  ,0,0
Bryant Elementary,6032544,Riverside Unified,RIVERSIDE      ,0,0
Bryant Middle,6025423,Dos Palos Oro Loma Joint Unified,MERCED         ,0,0
Bryant Ranch Elementary,6109102,Placentia-Yorba Linda Unified,ORANGE         ,0,0
Bryn Mawr Elementary,6111132,Redlands Unified,SAN BERNARDINO ,0,0
Bryson Avenue Elementary,6016158,Los Angeles Unified,LOS ANGELES    ,0,0
Brywood Elementary,6102719,Irvine Unified,ORANGE         ,0,0
Bubbling Wells Elementary,6111025,Palm Springs Unified,RIVERSIDE      ,0,0
Buchanan High,1030501,Clovis Unified,FRESNO         ,1,18
Buchanan Street Elementary,6016166,Los Angeles Unified,LOS ANGELES    ,0,0
Buchser Middle,6101752,Santa Clara Unified,SANTA CLARA    ,0,0
Buckeye Elementary,6005466,Buckeye Union Elementary,EL DORADO      ,0,0
Buckeye School of the Arts,6050090,Gateway Unified,SHASTA         ,0,0
Buckeye Union Mandarin Immersion Charter,137919,Buckeye Union Elementary,EL DORADO      ,0,0
Bud Carson Middle,6014021,Hawthorne,LOS ANGELES    ,0,0
Bud Rank Elementary,113563,Clovis Unified,FRESNO         ,0,0
Budlong Avenue Elementary,6016174,Los Angeles Unified,LOS ANGELES    ,0,0
Buena High,5630793,Ventura Unified,VENTURA        ,0,15
Buena Park High,3030855,Fullerton Joint Union High,ORANGE         ,1,19
Buena Park Junior High,6027551,Buena Park Elementary,ORANGE         ,0,0
Buena Terra Elementary,6027668,Centralia Elementary,ORANGE         ,0,0
Buena Vista Arts-Integrated,6036156,Ontario-Montclair,SAN BERNARDINO ,0,0
Buena Vista Continuation High,3631769,Chino Valley Unified,SAN BERNARDINO ,0,0
Buena Vista Elementary,6005169,Walnut Creek Elementary,CONTRA COSTA   ,0,0
Buena Vista Elementary,6009260,Panama-Buena Vista Union,KERN           ,0,0
Buena Vista Elementary,6053862,Buena Vista Elementary,TULARE         ,0,0
Buena Vista Elementary,6108609,Palmdale Elementary,LOS ANGELES    ,0,0
Buena Vista High,1936756,Paramount Unified,LOS ANGELES    ,0,0
Buena Vista High,4930053,Geyserville Unified,SONOMA         ,0,0
Buena Vista High (Continuation),1530138,Taft Union High,KERN           ,0,0
Buena Vista Middle,6115182,Spreckels Union Elementary,MONTEREY       ,0,0
Buena Vista/ Horace Mann K-8,6062046,San Francisco Unified,SAN FRANCISCO  ,0,0
Buford Elementary,6014948,Lennox,LOS ANGELES    ,0,0
Buhach Colony High,2430205,Merced Union High,MERCED         ,8,9
Bullard High,1030279,Fresno Unified,FRESNO         ,0,16
Bullard Talent,6006100,Fresno Unified,FRESNO         ,0,0
Bullis Charter,106534,Santa Clara County Office of Education,SANTA CLARA    ,0,0
Bunche Middle,6057558,Compton Unified,LOS ANGELES    ,0,0
Burbank (Luther) Elementary,6010953,ABC Unified,LOS ANGELES    ,0,0
Burbank Boulevard Elementary,6016182,Los Angeles Unified,LOS ANGELES    ,0,0
Burbank Elementary,6000905,Hayward Unified,ALAMEDA        ,0,0
Burbank Elementary,6039283,San Diego Unified,SAN DIEGO      ,0,0
Burbank Elementary,6052641,Modesto City Elementary,STANISLAUS     ,0,0
Burbank High,1931187,Burbank Unified,LOS ANGELES    ,1,18
Burbank USD Community Day,1996230,Burbank Unified,LOS ANGELES    ,0,0
Burbank Unified Independent Learning Academy (BUIL,131573,Burbank Unified,LOS ANGELES    ,0,5
Burcham Elementary,6015192,Long Beach Unified,LOS ANGELES    ,0,0
Burckhalter Elementary,6001689,Oakland Unified,ALAMEDA        ,0,0
Buri Buri Elementary,6045041,South San Francisco Unified,SAN MATEO      ,0,0
Burlingame High,4130472,San Mateo Union High,SAN MATEO      ,0,15
Burlingame Intermediate,6043525,Burlingame Elementary,SAN MATEO      ,0,0
Burney Community Day,4530242,Fall River Joint Unified,SHASTA         ,0,0
Burney Elementary,6050272,Fall River Joint Unified,SHASTA         ,0,0
Burney Junior-Senior High,4531000,Fall River Joint Unified,SHASTA         ,0,2
Burns Valley,6010615,Konocti Unified,LAKE           ,0,0
Burnt Ranch Elementary,6053680,Burnt Ranch Elementary,TRINITY        ,0,0
Burrel Elementary,6005797,Burrel Union Elementary,FRESNO         ,0,0
Burroughs Elementary,6006118,Fresno Unified,FRESNO         ,0,0
Burroughs High,1531367,Sierra Sands Unified,KERN           ,0,9
Burroughs High,1931237,Burbank Unified,LOS ANGELES    ,1,11
Bursch Elementary,6012231,Compton Unified,LOS ANGELES    ,0,0
Burton (Phillip and Sala) Academic High,3830254,San Francisco Unified,SAN FRANCISCO  ,0,11
Burton Elementary,6053870,Burton Elementary,TULARE         ,0,0
Burton Middle,6100267,Burton Elementary,TULARE         ,0,0
Burton Street Elementary,6016208,Los Angeles Unified,LOS ANGELES    ,0,0
Burton Valley Elementary,6003727,Lafayette Elementary,CONTRA COSTA   ,0,0
Bushnell Way Elementary,6016216,Los Angeles Unified,LOS ANGELES    ,0,0
Butte County Community,129817,Butte County Office of Education,BUTTE          ,0,0
Butte County Special Education,6069256,Butte County Office of Education,BUTTE          ,0,0
Butte Valley Elementary,6050843,Butte Valley Unified,SISKIYOU       ,0,0
Butte Valley High,4731253,Butte Valley Unified,SISKIYOU       ,0,0
Butte View High,5130042,Sutter Union High,SUTTER         ,0,0
Butte Vista Elementary,6067268,Yuba City Unified,SUTTER         ,0,0
Butterfield Charter High,114348,Porterville Unified,TULARE         ,0,0
Butterfield Elementary,6103501,Moreno Valley Unified,RIVERSIDE      ,0,0
Butterfield Ranch Elementary,6108666,Chino Valley Unified,SAN BERNARDINO ,0,0
Butteville Elementary,6050678,Butteville Union Elementary,SISKIYOU       ,0,0
Buttonwillow Elementary,6009278,Buttonwillow Union Elementary,KERN           ,0,0
C. A. Jacobs Intermediate,6051023,Dixon Unified,SOLANO         ,0,0
C. B. Eaton Elementary,6046718,Cupertino Union,SANTA CLARA    ,0,0
C. C. Violette Elementary,6028278,Garden Grove Unified,ORANGE         ,0,0
C. E. Utt Middle,6030571,Tustin Unified,ORANGE         ,0,0
C. K. McClatchy High,3435419,Sacramento City Unified,SACRAMENTO     ,0,14
C. Roy Carmichael Elementary,6110308,Plumas Unified,PLUMAS         ,0,0
C. T. English Middle,6093058,Loma Prieta Joint Union Elementary,SANTA CLARA    ,0,0
C. W. Dillard Elementary,6033039,Elk Grove Unified,SACRAMENTO     ,0,0
C. W. Haman Elementary,6048847,Santa Clara Unified,SANTA CLARA    ,0,0
"CATCH Prep Charter High, Inc.",101659,Los Angeles Unified,LOS ANGELES    ,0,8
CDS Elementary,6120794,Los Angeles Unified,LOS ANGELES    ,0,0
CDS Secondary,1996651,Los Angeles Unified,LOS ANGELES    ,0,0
CHAMPS - Charter HS of Arts-Multimedia & Performin,108878,Los Angeles Unified,LOS ANGELES    ,0,15
CHIME Institute's Schwarzenegger Community,6119531,Los Angeles Unified,LOS ANGELES    ,0,0
CIS Academy,117440,Pasadena Unified,LOS ANGELES    ,0,0
CNUSD Hybrid School of Innovation,135574,Corona-Norco Unified,RIVERSIDE      ,0,0
CORE Butte Charter,114991,Butte County Office of Education,BUTTE          ,0,1
CORE Charter,6115935,Camptonville Elementary,YUBA           ,0,0
CORE Placer Charter,119214,Placer County Office of Education,PLACER         ,0,4
Cabazon Elementary,6031603,Banning Unified,RIVERSIDE      ,0,0
Cabot Yerxa Elementary,118943,Palm Springs Unified,RIVERSIDE      ,0,0
Cabrillo Avenue Elementary,6016224,Los Angeles Unified,LOS ANGELES    ,0,0
Cabrillo Elementary,6000566,Fremont Unified,ALAMEDA        ,0,0
Cabrillo Elementary,6037212,Upland Unified,SAN BERNARDINO ,0,0
Cabrillo Elementary,6043939,Pacifica,SAN MATEO      ,0,0
Cabrillo High,1995935,Long Beach Unified,LOS ANGELES    ,0,16
Cabrillo High,4230454,Lompoc Unified,SANTA BARBARA  ,0,5
Cabrillo Middle,6060388,Ventura Unified,VENTURA        ,0,0
Cache Creek High (Continuation),5738810,Woodland Joint Unified,YOLO           ,0,0
"Cactus Medical, Health and Technology Magnet Acade",6105613,Palmdale Elementary,LOS ANGELES    ,0,0
Cadence Park,136689,Irvine Unified,ORANGE         ,0,0
Cadman Elementary,6039309,San Diego Unified,SAN DIEGO      ,0,0
Cadwallader Elementary,6047120,Evergreen Elementary,SANTA CLARA    ,0,0
Cahuenga Elementary,6016232,Los Angeles Unified,LOS ANGELES    ,0,0
Cahuilla Desert Academy Junior High,6112874,Coachella Valley Unified,RIVERSIDE      ,0,0
Cahuilla Elementary,6032395,Palm Springs Unified,RIVERSIDE      ,0,0
Cajon High,3632221,San Bernardino City Unified,SAN BERNARDINO ,14,0
Cajon Park Elementary,6040349,Santee,SAN DIEGO      ,0,0
Cajon Valley Home,6118319,Cajon Valley Union,SAN DIEGO      ,0,0
Cajon Valley Middle,6037584,Cajon Valley Union,SAN DIEGO      ,0,0
Cal Aero Preserve Academy,120329,Chino Valley Unified,SAN BERNARDINO ,0,0
Cal Burke High,109512,Los Angeles Unified,LOS ANGELES    ,0,0
Calabasas Elementary,6049670,Pajaro Valley Unified,SANTA CRUZ     ,0,0
Calabasas High,1931781,Las Virgenes Unified,LOS ANGELES    ,0,20
Calabash Charter Academy,6016240,Los Angeles Unified,LOS ANGELES    ,0,0
Calahan Street Elementary,6016257,Los Angeles Unified,LOS ANGELES    ,0,0
Calavera Hills Elementary,6120711,Carlsbad Unified,SAN DIEGO      ,0,0
Calavera Hills Middle,107557,Carlsbad Unified,SAN DIEGO      ,0,0
Calaveras County Special Education (SELPA),6077150,Calaveras County Office of Education,CALAVERAS      ,0,0
Calaveras Elementary,6104509,Hollister,SAN BENITO     ,0,0
Calaveras High,531509,Calaveras Unified,CALAVERAS      ,0,6
Calaveras Hills,4331039,Milpitas Unified,SANTA CLARA    ,0,0
Calaveras River Academy,530048,Calaveras County Office of Education,CALAVERAS      ,0,0
Calaveras Unified Alternative-Sierra Hills Educati,530055,Calaveras Unified,CALAVERAS      ,0,0
Caleb Greenwood Elementary,6033815,Sacramento City Unified,SACRAMENTO     ,0,0
Calero High,125427,East Side Union High,SANTA CLARA    ,0,0
Calexico High,1332204,Calexico Unified,IMPERIAL       ,0,12
Cali Calmecac Language Academy,6052369,Windsor Unified,SONOMA         ,0,0
Caliber: Beta Academy,129528,Contra Costa County Office of Education,CONTRA COSTA   ,0,0
Caliber: ChangeMakers Academy,134262,Vallejo City Unified,SOLANO         ,0,0
Calico Continuation High,3630282,Silver Valley Unified,SAN BERNARDINO ,0,0
California Academy of Mathematics and Science,1995539,Long Beach Unified,LOS ANGELES    ,0,15
California Academy of Sports Science,136747,Dehesa Elementary,SAN DIEGO      ,0,0
California Academy of Sports Science Fresno,136754,Raisin City Elementary,FRESNO         ,0,0
California Avenue Elementary,6040604,Vista Unified,SAN DIEGO      ,0,0
California City High,114512,Mojave Unified,KERN           ,0,1
California City Middle,6111272,Mojave Unified,KERN           ,0,0
California Collegiate Charter,133884,Los Angeles Unified,LOS ANGELES    ,0,0
California Connections Academy @ North Bay,129601,Middletown Unified,LAKE           ,0,7
California Connections Academy @ Ripon,125849,Ripon Unified,SAN JOAQUIN    ,0,12
California Connections Academy@Central,112458,Alpaugh Unified,TULARE         ,0,4
California Elementary,6014138,Hacienda la Puente Unified,LOS ANGELES    ,0,0
California Elementary,6029268,Newport-Mesa Unified,ORANGE         ,0,0
California Elementary,6029748,Orange Unified,ORANGE         ,0,0
California Heritage Youthbuild Academy II,125633,Trinity County Office of Education,TRINITY        ,0,0
California High,730051,San Ramon Valley Unified,CONTRA COSTA   ,0,13
California High,1931302,Whittier Union High,LOS ANGELES    ,0,12
California Middle,6059281,Sacramento City Unified,SACRAMENTO     ,0,0
California Military Institute,101170,Perris Union High,RIVERSIDE      ,0,5
California Montessori Project - Capitol Campus,111757,Sacramento City Unified,SACRAMENTO     ,0,0
California Montessori Project - Elk Grove Campus,111732,Elk Grove Unified,SACRAMENTO     ,0,0
California Montessori Project-San Juan Campus,112169,San Juan Unified,SACRAMENTO     ,0,0
California Montessori Project-Shingle Springs Camp,111724,Buckeye Union Elementary,EL DORADO      ,0,0
California Pacific Charter - San Diego,132472,Warner Unified,SAN DIEGO      ,0,4
California Prep Sutter 8-12,132761,Meridian Elementary,SUTTER         ,0,0
California Prep Sutter K-7,132753,Meridian Elementary,SUTTER         ,0,0
California Preparatory Academy,124131,Capistrano Unified,ORANGE         ,0,4
California STEAM San Bernardino,134247,Trona Joint Unified,SAN BERNARDINO ,0,0
California STEAM Santa Barbara,134866,Cuyama Joint Unified,SANTA BARBARA  ,0,0
California STEAM Sonoma II,136465,Guerneville Elementary,SONOMA         ,0,0
California School for the Blind,131755,California School for the Blind (State Special Sch,ALAMEDA        ,0,0
California School for the Deaf-Fremont,131763,California School for the Deaf-Fremont (State Spec,ALAMEDA        ,0,2
California School for the Deaf-Riverside,3330834,California School for the Deaf-Riverside (State Sp,RIVERSIDE      ,0,3
California School of the Arts - San Gabriel Valley,134858,Duarte Unified,LOS ANGELES    ,0,16
California Vanguard Academy - Fresno,138354,Raisin City Elementary,FRESNO         ,0,0
California Virtual Academy @ Los Angeles,112706,West Covina Unified,LOS ANGELES    ,0,12
California Virtual Academy @ San Diego,6120893,Spencer Valley Elementary,SAN DIEGO      ,0,11
California Virtual Academy @ San Joaquin,127191,New Jerusalem Elementary,SAN JOAQUIN    ,0,11
California Virtual Academy @ Sonoma,107284,Liberty Elementary,SONOMA         ,0,10
California Virtual Academy San Mateo,112284,Jefferson Elementary,SAN MATEO      ,0,12
California Virtual Academy at Fresno,137661,Orange Center,FRESNO         ,0,4
California Virtual Academy at Kings,112698,Armona Union Elementary,KINGS          ,0,5
California Virtual Academy at Maricopa,137687,Maricopa Unified,KERN           ,0,4
California Virtual Academy at Sutter,129007,Meridian Elementary,SUTTER         ,0,10
Calimesa Elementary,6037402,Yucaipa-Calimesa Joint Unified,SAN BERNARDINO ,0,0
Calipatria High,1332501,Calipatria Unified,IMPERIAL       ,0,5
Calistoga Elementary,6026744,Calistoga Joint Unified,NAPA           ,0,0
Calistoga Junior-Senior High,2831758,Calistoga Joint Unified,NAPA           ,0,6
Calla High,3935111,Manteca Unified,SAN JOAQUIN    ,0,0
Calle Mayor Middle,6023014,Torrance Unified,LOS ANGELES    ,0,0
Callie Kirkpatrick Elementary,6110365,Menifee Union Elementary,RIVERSIDE      ,0,0
Calpella Elementary,6025183,Ukiah Unified,MENDOCINO      ,0,0
Calvert Charter for Enriched Studies,6016265,Los Angeles Unified,LOS ANGELES    ,0,0
Calvine High,3430311,Elk Grove Unified,SACRAMENTO     ,0,0
Calwa Elementary,6006126,Fresno Unified,FRESNO         ,0,0
Camarena (Enrique S.) Elementary,127431,Chula Vista Elementary,SAN DIEGO      ,0,0
Camarillo Academy of Progressive Education,115105,Oxnard Union High,VENTURA        ,0,0
Camarillo Heights Elementary,6055396,Pleasant Valley,VENTURA        ,0,0
Cambria Grammar,6042972,Coast Unified,SAN LUIS OBISPO,0,0
Cambridge Continuation High,1030584,Fresno Unified,FRESNO         ,0,0
Cambridge Elementary,6003982,Mt. Diablo Unified,CONTRA COSTA   ,0,0
Cambridge Heights Elementary,6068670,San Juan Unified,SACRAMENTO     ,0,0
Cambridge High,1030113,Coalinga-Huron Unified,FRESNO         ,0,0
Camellia Avenue Elementary,6016273,Los Angeles Unified,LOS ANGELES    ,0,0
Camellia Elementary,6033823,Sacramento City Unified,SACRAMENTO     ,0,0
Camerado Springs Middle,6096614,Buckeye Union Elementary,EL DORADO      ,0,0
Cameron Elementary,6023428,West Covina Unified,LOS ANGELES    ,0,0
Cameron Elementary,6035299,Barstow Unified,SAN BERNARDINO ,0,0
Cameron Ranch Elementary,6034383,San Juan Unified,SACRAMENTO     ,0,0
Camino Elementary,6005482,Camino Union Elementary,EL DORADO      ,0,0
Camino Grove Elementary,6011159,Arcadia Unified,LOS ANGELES    ,0,0
Camino Nuevo Academy #2,122861,Los Angeles Unified,LOS ANGELES    ,0,0
Camino Nuevo Charter Academy,6117667,Los Angeles Unified,LOS ANGELES    ,0,0
Camino Nuevo Charter Academy #4,124826,Los Angeles Unified,LOS ANGELES    ,0,0
Camino Nuevo Charter High,106435,Los Angeles Unified,LOS ANGELES    ,0,5
Camino Nuevo Elementary #3,122564,Los Angeles Unified,LOS ANGELES    ,1,0
Camino Nuevo High #2,127910,Los Angeles Unified,LOS ANGELES    ,0,8
Camino Pablo Elementary,6003909,Moraga Elementary,CONTRA COSTA   ,0,0
Camino Polytechnic,123125,Camino Union Elementary,EL DORADO      ,0,0
Camino Real Elementary,6106835,Jurupa Unified,RIVERSIDE      ,0,0
Camp Glenwood,113266,San Mateo County Office of Education,SAN MATEO      ,0,0
Camp Lockett Middle,126995,Mountain Empire Unified,SAN DIEGO      ,0,0
Campbell School of Innovation,137273,Campbell Union,SANTA CLARA    ,0,0
Campo Elementary,6038681,Mountain Empire Unified,SAN DIEGO      ,0,0
Campo High (Continuation),3730934,Mountain Empire Unified,SAN DIEGO      ,0,0
Campolindo High,731125,Acalanes Union High,CONTRA COSTA   ,0,19
Camptonville Elementary,6056600,Camptonville Elementary,YUBA           ,0,0
Campus Canyon Elementary,6106439,Moorpark Unified,VENTURA        ,0,0
Campus Park Elementary,6025506,Livingston Union,MERCED         ,0,0
Canalino Elementary,6045306,Carpinteria Unified,SANTA BARBARA  ,0,0
Canfield Avenue Elementary,6016281,Los Angeles Unified,LOS ANGELES    ,0,0
Canoas Elementary,6048490,San Jose Unified,SANTA CLARA    ,0,0
Canoga Park Elementary,6016299,Los Angeles Unified,LOS ANGELES    ,0,0
Canoga Park Senior High,1931476,Los Angeles Unified,LOS ANGELES    ,0,6
Cantara Street Elementary,6016307,Los Angeles Unified,LOS ANGELES    ,0,0
Canterbury Avenue Elementary,6016315,Los Angeles Unified,LOS ANGELES    ,0,0
Cantua Elementary,6005805,Golden Plains Unified,FRESNO         ,0,0
Canyon Charter Elementary,6016323,Los Angeles Unified,LOS ANGELES    ,0,0
Canyon Crest Academy,106328,San Dieguito Union High,SAN DIEGO      ,0,16
Canyon Crest Elementary,6110670,Fontana Unified,SAN BERNARDINO ,0,0
Canyon Elementary,6003677,Canyon Elementary,CONTRA COSTA   ,0,0
Canyon High,1931492,William S. Hart Union High,LOS ANGELES    ,0,18
Canyon High,3030046,Orange Unified,ORANGE         ,5,5
Canyon Hills,6029920,Orange Unified,ORANGE         ,0,0
Canyon Hills Junior High,6109813,Chino Valley Unified,SAN BERNARDINO ,0,0
Canyon Lake Middle,6120463,Lake Elsinore Unified,RIVERSIDE      ,0,0
Canyon Middle,6097653,Castro Valley Unified,ALAMEDA        ,0,0
Canyon Oaks Elementary,109140,Napa Valley Unified,NAPA           ,0,0
Canyon Oaks High,1935899,Monrovia Unified,LOS ANGELES    ,0,0
Canyon Oaks Youth Center,117143,San Mateo County Office of Education,SAN MATEO      ,0,0
Canyon Ridge High,115444,Hesperia Unified,SAN BERNARDINO ,0,0
Canyon Rim Elementary,6114565,Orange Unified,ORANGE         ,0,0
Canyon Springs Community Elementary,6022677,Sulphur Springs Union,LOS ANGELES    ,0,0
Canyon Springs High,3330396,Moreno Valley Unified,RIVERSIDE      ,7,13
Canyon View Elementary,6106520,Poway Unified,SAN DIEGO      ,0,0
Canyon Vista Elementary,100735,Capistrano Unified,ORANGE         ,0,0
Capay Joint Union Elementary,6007439,Capay Joint Union Elementary,GLENN          ,0,0
Capistrano Avenue Elementary,6016331,Los Angeles Unified,LOS ANGELES    ,0,0
Capistrano Connections Academy,106765,Capistrano Unified,ORANGE         ,0,12
Capistrano Elementary,6093504,Empire Union Elementary,STANISLAUS     ,0,0
Capistrano Valley High,3030210,Capistrano Unified,ORANGE         ,10,20
Capistrano Virtual/Home,112748,Capistrano Unified,ORANGE         ,0,0
Capital City Independent Study,3430519,Sacramento City Unified,SACRAMENTO     ,0,1
Capitol Collegiate Academy,123901,Sacramento City Unified,SACRAMENTO     ,0,0
Cappy Culver Elementary,108522,San Miguel Joint Union,SAN LUIS OBISPO,0,0
Capri Elementary,6046536,Campbell Union,SANTA CLARA    ,0,0
Captain Cooper Elementary,6026025,Carmel Unified,MONTEREY       ,0,0
Captain Jason M. Dahl Elementary,6047211,Franklin-McKinley Elementary,SANTA CLARA    ,0,0
Captain John Continuation High,1230028,Klamath-Trinity Joint Unified,HUMBOLDT       ,0,0
Captain Leland Norton Elementary,6036800,San Bernardino City Unified,SAN BERNARDINO ,0,0
Captain Raymond Collins,6021380,Paramount Unified,LOS ANGELES    ,0,0
Capuchino High,4130738,San Mateo Union High,SAN MATEO      ,11,1
Cardiff Elementary,6037766,Cardiff Elementary,SAN DIEGO      ,0,0
Cardozo Middle,6052989,Riverbank Unified,STANISLAUS     ,0,0
Career Technical Education Charter,136291,Fresno County Office of Education,FRESNO         ,0,0
Carl B. Munck Elementary,6001697,Oakland Unified,ALAMEDA        ,0,0
Carl E. Gilbert Elementary,6027494,Buena Park Elementary,ORANGE         ,0,0
Carl H. Sundahl Elementary,6106892,Folsom-Cordova Unified,SACRAMENTO     ,0,0
Carl Hankey Elementary,6098495,Capistrano Unified,ORANGE         ,0,0
Carl Hankey Middle,115501,Capistrano Unified,ORANGE         ,0,0
Carl Harvey Elementary,6030225,Santa Ana Unified,ORANGE         ,0,0
Carl Smith Middle,6112510,Terra Bella Union Elementary,TULARE         ,0,0
Carle (William C.) High (Continuation),1730027,Konocti Unified,LAKE           ,0,0
Carleton P. Lightfoot Elementary,6112114,Etiwanda Elementary,SAN BERNARDINO ,0,0
Carlin C. Coppin Elementary,6085252,Western Placer Unified,PLACER         ,0,0
Carlmont High,4130993,Sequoia Union High,SAN MATEO      ,0,14
Carlos Santana Arts Academy,122234,Los Angeles Unified,LOS ANGELES    ,0,0
Carlsbad High,3730694,Carlsbad Unified,SAN DIEGO      ,0,18
Carlsbad Seaside Academy,3731163,Carlsbad Unified,SAN DIEGO      ,0,2
Carlsbad Village Academy,3730017,Carlsbad Unified,SAN DIEGO      ,0,0
Carlton Elementary,6049316,Union Elementary,SANTA CLARA    ,0,0
Carlton Hills Elementary,6040356,Santee,SAN DIEGO      ,0,0
Carlton Oaks Elementary,6068159,Santee,SAN DIEGO      ,0,0
Carmel Child Development Center,118687,Carmel Unified,MONTEREY       ,0,0
Carmel Creek Elementary,6112353,Solana Beach Elementary,SAN DIEGO      ,0,0
Carmel Del Mar Elementary,6110696,Del Mar Union Elementary,SAN DIEGO      ,0,0
Carmel Elementary,6108120,Hesperia Unified,SAN BERNARDINO ,0,0
Carmel High,2730414,Carmel Unified,MONTEREY       ,0,16
Carmel Middle,6026033,Carmel Unified,MONTEREY       ,0,0
Carmel River Elementary,6026041,Carmel Unified,MONTEREY       ,0,0
Carmel Valley High,2730018,Carmel Unified,MONTEREY       ,0,0
Carmel Valley Middle,6117352,San Dieguito Union High,SAN DIEGO      ,0,0
Carmela Elementary,6022800,South Whittier Elementary,LOS ANGELES    ,0,0
Carmen Dragon Elementary,106583,Antioch Unified,CONTRA COSTA   ,0,0
Carmenita Middle,6066708,ABC Unified,LOS ANGELES    ,0,0
Carmichael (Bessie)/FEC,6040752,San Francisco Unified,SAN FRANCISCO  ,0,0
Carmichael Elementary,6034391,San Juan Unified,SACRAMENTO     ,0,0
Carnelian Elementary,6035232,Alta Loma Elementary,SAN BERNARDINO ,0,0
Caroldale Learning Community,6016349,Los Angeles Unified,LOS ANGELES    ,0,0
Caroline Harris Elementary,6008858,Bakersfield City,KERN           ,0,0
Caroline Wenzel Elementary,6033831,Sacramento City Unified,SACRAMENTO     ,0,0
Carolyn A. Clark Elementary,102616,Evergreen Elementary,SANTA CLARA    ,0,0
Carpe Diem High (Continuation),4930103,Petaluma Joint Union High,SONOMA         ,0,0
Carpenter (C. C.) Elementary,6012751,Downey Unified,LOS ANGELES    ,0,0
Carpenter Community Charter,6016356,Los Angeles Unified,LOS ANGELES    ,0,0
Carpinteria Family,102129,Carpinteria Unified,SANTA BARBARA  ,0,0
Carpinteria Middle,6060008,Carpinteria Unified,SANTA BARBARA  ,0,0
Carpinteria Senior High,4230587,Carpinteria Unified,SANTA BARBARA  ,0,13
Carquinez Middle,6003685,John Swett Unified,CONTRA COSTA   ,0,0
Carr Lake Community Day,2730273,Salinas Union High,MONTEREY       ,0,0
Carriage Drive Elementary,6034433,San Juan Unified,SACRAMENTO     ,0,0
Carrillo Ranch Elementary,108464,Desert Sands Unified,RIVERSIDE      ,0,0
Carrisa Plains Elementary,6042907,Atascadero Unified,SAN LUIS OBISPO,0,0
Carroll Elementary,111112,Elk Grove Unified,SACRAMENTO     ,0,0
Carroll Fowler Elementary,6052427,Ceres Unified,STANISLAUS     ,0,0
Carson Elementary,6039341,San Diego Unified,SAN DIEGO      ,0,0
Carson Senior High,1931526,Los Angeles Unified,LOS ANGELES    ,0,11
Carson Street Elementary,6016364,Los Angeles Unified,LOS ANGELES    ,0,0
Carson-Gore Academy of Enviornmental Studies,122101,Los Angeles Unified,LOS ANGELES    ,0,0
Carter G. Woodson Public Charter,1030840,Fresno Unified,FRESNO         ,0,0
Carthay Elementary Of Environmental Studies Magnet,6016372,Los Angeles Unified,LOS ANGELES    ,0,0
Caruthers Elementary,6005813,Caruthers Unified,FRESNO         ,0,0
Caruthers High,1030535,Caruthers Unified,FRESNO         ,0,8
Carver (Charles J.) Elementary,6010904,ABC Unified,LOS ANGELES    ,0,0
Carver (George Washington) Elementary,6093496,San Francisco Unified,SAN FRANCISCO  ,0,0
Carver Elementary,6022495,San Marino Unified,LOS ANGELES    ,0,0
Caryn Elementary,6107569,Etiwanda Elementary,SAN BERNARDINO ,0,0
Casa Grande High,4930012,Petaluma Joint Union High,SONOMA         ,0,14
Casa Loma Elementary,6008866,Bakersfield City,KERN           ,0,0
Casa Roble Fundamental High,3431111,San Juan Unified,SACRAMENTO     ,0,7
Casa de Oro Elementary,6038434,La Mesa-Spring Valley,SAN DIEGO      ,0,0
Casey Elementary,6036628,Rialto Unified,SAN BERNARDINO ,0,0
Casillas (Joseph) Elementary,6115646,Chula Vista Elementary,SAN DIEGO      ,0,0
Casimir Middle,6023030,Torrance Unified,LOS ANGELES    ,0,0
Casita Center for Science/Math/Technology,6069124,Vista Unified,SAN DIEGO      ,0,0
Castaic Elementary,6012033,Castaic Union,LOS ANGELES    ,0,0
Castaic Middle,6106215,Castaic Union,LOS ANGELES    ,0,0
Castelar Street Elementary,6016380,Los Angeles Unified,LOS ANGELES    ,0,0
Casterlin Elementary,6008197,Southern Humboldt Joint Unified,HUMBOLDT       ,0,0
Castille Elementary,6089452,Capistrano Unified,ORANGE         ,0,0
Castillero Middle,6095418,San Jose Unified,SANTA CLARA    ,0,0
Castle Heights Elementary,6016398,Los Angeles Unified,LOS ANGELES    ,0,0
Castle Park Elementary,6037824,Chula Vista Elementary,SAN DIEGO      ,0,0
Castle Park Middle,6059752,Sweetwater Union High,SAN DIEGO      ,0,0
Castle Park Senior High,3730801,Sweetwater Union High,SAN DIEGO      ,8,12
Castle Rock,830059,Del Norte County Office of Education,DEL NORTE      ,0,0
Castle Rock Elementary,6023352,Walnut Valley Unified,LOS ANGELES    ,0,0
Castle Rock Elementary,6050165,Castle Rock Union Elementary,SHASTA         ,0,0
Castle View Elementary,6032569,Riverside Unified,RIVERSIDE      ,0,0
Castlebay Lane Charter,6071435,Los Angeles Unified,LOS ANGELES    ,0,0
Castlemont Elementary,6046544,Campbell Union,SANTA CLARA    ,0,0
Castlemont High,125161,Oakland Unified,ALAMEDA        ,0,3
Castro Valley Elementary,6090351,Castro Valley Unified,ALAMEDA        ,0,0
Castro Valley High,132225,Castro Valley Unified,ALAMEDA        ,0,17
Castro Valley Virtual Academy,133876,Castro Valley Unified,ALAMEDA        ,0,0
Castroville Elementary,6026397,North Monterey County Unified,MONTEREY       ,0,0
Caswell Elementary,6052435,Ceres Unified,STANISLAUS     ,0,0
Cathedral City Elementary,6032403,Palm Springs Unified,RIVERSIDE      ,0,0
Cathedral City High,3330578,Palm Springs Unified,RIVERSIDE      ,12,6
Catherine Everett Elementary,6052674,Modesto City Elementary,STANISLAUS     ,0,0
Catherine L. Zane Middle,6057376,Eureka City Schools,HUMBOLDT       ,0,0
Catheryn Gates Elementary,6116099,Roseville City Elementary,PLACER         ,0,0
Catskill Avenue Elementary,6016406,Los Angeles Unified,LOS ANGELES    ,0,0
Cave Language Academy,6051429,Vallejo City Unified,SOLANO         ,0,0
Cawston Elementary,102772,Hemet Unified,RIVERSIDE      ,0,0
Cayucos Elementary,6042998,Cayucos Elementary,SAN LUIS OBISPO,0,0
Cecil Avenue Math and Science Academy,6009351,Delano Union Elementary,KERN           ,0,0
Cecilia Lucero Solorio Elementary,6117519,Etiwanda Elementary,SAN BERNARDINO ,0,0
Cedar Grove Elementary,6067193,Evergreen Elementary,SANTA CLARA    ,0,0
Cedar Lane Elementary,6056659,Marysville Joint Unified,YUBA           ,0,0
Cedar Middle,114108,Hesperia Unified,SAN BERNARDINO ,0,0
Cedarcreek Elementary,6022651,Saugus Union,LOS ANGELES    ,0,0
Cedargrove Elementary,6012066,Charter Oak Unified,LOS ANGELES    ,0,0
Cedarlane Academy,122465,Hacienda la Puente Unified,LOS ANGELES    ,0,0
Cedarwood Elementary,6113526,Paradise Unified,BUTTE          ,0,0
Ceiba College Preparatory Academy,117804,Pajaro Valley Unified,SANTA CRUZ     ,0,3
Centennial Continuation High,5231675,Corning Union High,TEHAMA         ,0,0
Centennial Elementary,6006142,Fresno Unified,FRESNO         ,0,0
Centennial High,1530369,Kern High,KERN           ,0,8
Centennial High,1931567,Compton Unified,LOS ANGELES    ,0,3
Centennial High,3330446,Corona-Norco Unified,RIVERSIDE      ,13,8
Centennial Independent Study,111443,Golden Valley Unified,MADERA         ,0,0
Center Elementary,6051254,Travis Unified,SOLANO         ,0,0
Center High,3430378,Center Joint Unified,SACRAMENTO     ,0,9
Center Middle,6011225,Azusa Unified,LOS ANGELES    ,0,0
Center Street Elementary,6013429,El Segundo Unified,LOS ANGELES    ,0,0
Center for Advanced Learning,115139,Los Angeles Unified,LOS ANGELES    ,0,0
Center for Alternative Learning,123976,Chico Unified,BUTTE          ,0,0
Centerville Elementary,6007108,Sanger Unified,FRESNO         ,0,0
Centerville Junior High,6056873,Fremont Unified,ALAMEDA        ,0,0
Centinela Elementary,6014450,Inglewood Unified,LOS ANGELES    ,0,0
Centinela Valley Independent Study,118521,Centinela Valley Union High,LOS ANGELES    ,0,0
Central Bay High (Continuation),2730141,North Monterey County Unified,MONTEREY       ,0,0
Central City Value,100800,Los Angeles Unified,LOS ANGELES    ,0,10
Central Coast High,2732253,Monterey Peninsula Unified,MONTEREY       ,0,0
Central Coast New Tech High,125328,Lucia Mar Unified,SAN LUIS OBISPO,0,0
Central County Special Education Programs,107334,Contra Costa County Office of Education,CONTRA COSTA   ,0,0
Central Elementary,6010300,Central Union Elementary,KINGS          ,0,0
Central Elementary,6035489,Central Elementary,SAN BERNARDINO ,0,0
Central Gaither Elementary,6053375,Yuba City Unified,SUTTER         ,0,0
Central High,1930387,Los Angeles Unified,LOS ANGELES    ,0,0
Central High (Continuation),3630712,Barstow Unified,SAN BERNARDINO ,0,0
Central High (Continuation),4334488,Morgan Hill Unified,SANTA CLARA    ,0,0
Central High East Campus,1030626,Central Unified,FRESNO         ,0,18
Central Juvenile Hall,121897,Los Angeles County Office of Education,LOS ANGELES    ,0,0
Central Language Academy,6036164,Ontario-Montclair,SAN BERNARDINO ,0,0
Central Middle,6003230,Oroville City Elementary,BUTTE          ,0,0
Central Middle,6044747,San Carlos Elementary,SAN MATEO      ,0,0
Central Middle,6059125,Riverside Unified,RIVERSIDE      ,0,1
Central Park Elementary,133363,Santa Clara Unified,SANTA CLARA    ,0,0
Central Unified Alternative/Opportunity,1030386,Central Unified,FRESNO         ,0,0
Central Union High,1333004,Central Union High,IMPERIAL       ,0,15
Central Valley High,108076,Ceres Unified,STANISLAUS     ,1,10
Central Valley High,4531901,Gateway Unified,SHASTA         ,1,5
Central Valley High (Continuation),1530021,Kern High,KERN           ,0,0
Central Valley Home,6114805,Kingsburg Elementary Charter,FRESNO         ,0,0
Centralia Elementary,6027676,Centralia Elementary,ORANGE         ,0,0
Century Academy,123349,Conejo Valley Unified,VENTURA        ,0,8
Century Academy for Excellence,112250,Lennox,LOS ANGELES    ,0,0
Century Community Charter,107508,Lennox,LOS ANGELES    ,0,0
Century Elementary,6117550,Clovis Unified,FRESNO         ,0,0
Century High,1930122,Alhambra Unified,LOS ANGELES    ,0,0
Century High,3030491,Santa Ana Unified,ORANGE         ,0,14
Century Park Elementary,6016414,Los Angeles Unified,LOS ANGELES    ,0,0
Ceres Elementary,6012975,East Whittier City Elementary,LOS ANGELES    ,0,0
Ceres High,5030879,Ceres Unified,STANISLAUS     ,1,15
Ceres Special Education,133827,Ceres Unified,STANISLAUS     ,0,0
Cerra Vista Elementary,6107338,Hollister,SAN BENITO     ,0,0
Cerritos Elementary,6030456,Savanna Elementary,ORANGE         ,0,0
Cerritos Elementary,6068274,ABC Unified,LOS ANGELES    ,0,0
Cerritos High,1930056,ABC Unified,LOS ANGELES    ,0,16
Cerro Villa Middle,6058937,Orange Unified,ORANGE         ,0,0
Cesar Chavez Academy,6114151,Corona-Norco Unified,RIVERSIDE      ,0,0
Cesar Chavez Community,113787,Yolo County Office of Education,YOLO           ,0,0
Cesar Chavez Continuation High,1995695,Compton Unified,LOS ANGELES    ,0,0
Cesar Chavez Elementary,113985,Calexico Unified,IMPERIAL       ,0,0
Cesar Chavez Elementary,6044366,Ravenswood City Elementary,SAN MATEO      ,0,0
Cesar Chavez Elementary,6046239,Alum Rock Union Elementary,SANTA CLARA    ,0,0
Cesar Chavez High,108159,Stockton Unified,SAN JOAQUIN    ,0,1
Cesar Chavez Intermediate,6119440,Sacramento City Unified,SACRAMENTO     ,0,0
Cesar Chavez Junior High,123679,Ceres Unified,STANISLAUS     ,0,0
Cesar Chavez Language Academy,128074,Santa Rosa Elementary,SONOMA         ,0,0
Cesar Chavez Middle,108399,Lynwood Unified,LOS ANGELES    ,0,0
Cesar Chavez Middle,113522,Oceanside Unified,SAN DIEGO      ,0,0
Cesar Chavez Middle,6056949,Hayward Unified,ALAMEDA        ,0,0
Cesar Chavez Middle,6097679,New Haven Unified,ALAMEDA        ,0,0
Cesar E Chavez Elementary,6007058,Parlier Unified,FRESNO         ,0,0
Cesar E. Chavez Elementary,6055321,Oxnard,VENTURA        ,0,0
Cesar E. Chavez Elementary,6111900,Bakersfield City,KERN           ,0,0
Cesar E. Chavez Elementary,6114094,West Contra Costa Unified,CONTRA COSTA   ,0,0
Cesar E. Chavez High,100529,Delano Joint Union High,KERN           ,0,8
Cesar E. Chavez High,3030475,Santa Ana Unified,ORANGE         ,0,0
Cesar E. Chavez Learning Academies - Arts/Theatre/,124370,Los Angeles Unified,LOS ANGELES    ,0,10
Cesar E. Chavez Learning Academies-Academy of Scie,124396,Los Angeles Unified,LOS ANGELES    ,0,9
Cesar E. Chavez Learning Academies-Social Justice ,124388,Los Angeles Unified,LOS ANGELES    ,0,6
Cesar E. Chavez Learning Academies-Technology Prep,124404,Los Angeles Unified,LOS ANGELES    ,0,4
Cesar E. Chavez Middle,109488,San Bernardino City Unified,SAN BERNARDINO ,1,0
Cesar E. Chavez Middle,109595,Pajaro Valley Unified,SANTA CRUZ     ,0,0
Cesar E. Chavez Middle,6120448,Planada Elementary,MERCED         ,0,0
Chabot Elementary,6090369,Castro Valley Unified,ALAMEDA        ,0,0
Chaboya Middle,6110159,Evergreen Elementary,SANTA CLARA    ,0,0
Chaffey Community Day,3630845,Chaffey Joint Union High,SAN BERNARDINO ,0,0
Chaffey District Online High,126243,Chaffey Joint Union High,SAN BERNARDINO ,0,1
Chaffey High,3632205,Chaffey Joint Union High,SAN BERNARDINO ,0,12
Challenger Middle,6106561,Wilsona Elementary,LOS ANGELES    ,0,0
Challenger Middle,6107056,San Diego Unified,SAN DIEGO      ,0,0
Challenger School of Sports and Fitness,106641,Victor Elementary,SAN BERNARDINO ,0,0
Challenges Community Day,112672,Barstow Unified,SAN BERNARDINO ,0,0
Chalone Peaks Middle,6026124,King City Union,MONTEREY       ,0,0
Chandler Learning Academy,6016422,Los Angeles Unified,LOS ANGELES    ,0,0
Channel Islands High,5631742,Oxnard Union High,VENTURA        ,0,13
Chaparral Elementary,6012157,Claremont Unified,LOS ANGELES    ,0,0
Chaparral Elementary,6097216,Poway Unified,SAN DIEGO      ,0,0
Chaparral Elementary,6106702,Fontana Unified,SAN BERNARDINO ,0,0
Chaparral Elementary,6118947,Capistrano Unified,ORANGE         ,0,0
Chaparral High,3330743,Temecula Valley Unified,RIVERSIDE      ,0,20
Chaparral High,3630365,Snowline Joint Unified,SAN BERNARDINO ,0,0
Chaparral High,3732559,Grossmont Union High,SAN DIEGO      ,0,0
Chaparral High,5631817,Ojai Unified,VENTURA        ,0,0
Chaparral High (Continuation),1937598,Bonita Unified,LOS ANGELES    ,0,0
Chaparral Hills Elementary,6106967,Moreno Valley Unified,RIVERSIDE      ,0,0
Chaparral Middle,6096358,Walnut Valley Unified,LOS ANGELES    ,0,0
Chaparral Middle,6102230,Moorpark Unified,VENTURA        ,0,0
Chapman Elementary,6002968,Chico Unified,BUTTE          ,0,0
Chapman Heights Elementary,117416,Yucaipa-Calimesa Joint Unified,SAN BERNARDINO ,0,0
Chapman Hills Elementary,6107767,Orange Unified,ORANGE         ,0,0
Charles Blackstock Junior High,6055032,Hueneme Elementary,VENTURA        ,0,0
Charles Bursch Elementary,6011373,Baldwin Park Unified,LOS ANGELES    ,0,0
Charles D. Jones Junior High,6011399,Baldwin Park Unified,LOS ANGELES    ,0,0
Charles Drew Middle,6057962,Los Angeles Unified,LOS ANGELES    ,0,0
Charles E. Mack Elementary,6033005,Elk Grove Unified,SACRAMENTO     ,0,0
Charles G. Emery Elementary,6027510,Buena Park Elementary,ORANGE         ,0,0
Charles H. Castle Elementary,6095012,Panama-Buena Vista Union,KERN           ,0,0
Charles H. Kim Elementary,111989,Los Angeles Unified,LOS ANGELES    ,0,0
Charles H. Lee Elementary,6011233,Azusa Unified,LOS ANGELES    ,0,0
Charles Helmers Elementary,6106876,Saugus Union,LOS ANGELES    ,0,0
Charles Hoffman Elementary,6036735,Rim of the World Unified,SAN BERNARDINO ,0,0
Charles Leroy Lowman Special Education and Career ,6060461,Los Angeles Unified,LOS ANGELES    ,0,0
Charles Maclay Middle,6058101,Los Angeles Unified,LOS ANGELES    ,0,0
Charles Peck Elementary,6034839,San Juan Unified,SACRAMENTO     ,0,0
Charles T. Kranz Intermediate,6020705,Mountain View Elementary,LOS ANGELES    ,0,0
Charles W. Barrett Elementary,6018360,Los Angeles Unified,LOS ANGELES    ,0,0
Charles W. Eliot Middle,6058465,Pasadena Unified,LOS ANGELES    ,0,0
Charles W. Tewinkle Middle,6029284,Newport-Mesa Unified,ORANGE         ,0,0
Charles Wagner Elementary,6030001,Placentia-Yorba Linda Unified,ORANGE         ,0,0
Charles White Elementary,106948,Los Angeles Unified,LOS ANGELES    ,0,0
Charles Wright Elementary,6025605,Merced City Elementary,MERCED         ,0,0
Charleston Elementary,6025530,Los Banos Unified,MERCED         ,0,0
Charlotte N. Werner Elementary,116483,Rialto Unified,SAN BERNARDINO ,0,0
Charlotte Wood Middle,6005078,San Ramon Valley Unified,CONTRA COSTA   ,0,0
Charnock Road Elementary,6016448,Los Angeles Unified,LOS ANGELES    ,0,0
Charter Alternative Program (CAP),123521,El Dorado County Office of Education,EL DORADO      ,0,0
Charter Community School Home Study Academy,930123,El Dorado County Office of Education,EL DORADO      ,0,2
Charter Home School Academy,6116909,Visalia Unified,TULARE         ,0,0
Charter Montessori Valley View Campus,107227,Buckeye Union Elementary,EL DORADO      ,0,0
Charter Oak High,1931666,Charter Oak Unified,LOS ANGELES    ,12,3
Charter School of Morgan Hill,6118541,Morgan Hill Unified,SANTA CLARA    ,0,0
Charter School of San Diego,3730959,San Diego Unified,SAN DIEGO      ,0,6
Chase Avenue Elementary,6037592,Cajon Valley Union,SAN DIEGO      ,0,0
Chase Street Elementary,6016455,Los Angeles Unified,LOS ANGELES    ,0,0
Chatom Elementary,6052484,Chatom Union,STANISLAUS     ,0,0
Chatsworth Charter High,1931708,Los Angeles Unified,LOS ANGELES    ,0,16
Chatsworth Park Elementary,6016463,Los Angeles Unified,LOS ANGELES    ,0,0
Chautauqua High (Continuation),3630290,Bear Valley Unified,SAN BERNARDINO ,1,0
Chavez (Cesar) Elementary,6041149,San Francisco Unified,SAN FRANCISCO  ,0,0
Chavez Elementary,107458,Long Beach Unified,LOS ANGELES    ,0,0
Chavez Elementary,6114300,San Diego Unified,SAN DIEGO      ,0,0
Chawanakee Academy Charter,132936,Chawanakee Unified,MADERA         ,0,3
Chemawa Middle,6061790,Riverside Unified,RIVERSIDE      ,0,1
Chemehuevi Valley Elementary,131888,Needles Unified,SAN BERNARDINO ,0,0
Cheremoya Avenue Elementary,6016471,Los Angeles Unified,LOS ANGELES    ,0,0
Cherokee Point Elementary,108282,San Diego Unified,SAN DIEGO      ,0,0
Cherry Avenue Middle,6054464,Tulare City,TULARE         ,0,0
Cherry Chase Elementary,6049167,Sunnyvale,SANTA CLARA    ,0,0
Cherryland Elementary,6000913,Hayward Unified,ALAMEDA        ,0,0
Cherrylee Elementary,6013130,El Monte City,LOS ANGELES    ,0,0
Cherrywood Elementary,6089288,Berryessa Union Elementary,SANTA CLARA    ,0,0
Chesnut High (Continuation),1030477,Coalinga-Huron Unified,FRESNO         ,0,0
Chester Elementary,6031413,Plumas Unified,PLUMAS         ,0,0
Chester Junior/Senior High,3232006,Plumas Unified,PLUMAS         ,0,2
Chester W. Morrison Elementary,6108229,Menifee Union Elementary,RIVERSIDE      ,0,0
Chester W. Nimitz Elementary,6046742,Cupertino Union,SANTA CLARA    ,0,0
Chester W. Nimitz Middle,6057939,Los Angeles Unified,LOS ANGELES    ,0,0
Chesterton Elementary,6039374,San Diego Unified,SAN DIEGO      ,0,0
Chet F. Harritt Elementary,6040364,Santee,SAN DIEGO      ,0,0
Cheviot Hills Continuation,1931336,Los Angeles Unified,LOS ANGELES    ,0,0
Chicago Park Community Charter,125013,Chicago Park Elementary,NEVADA         ,0,0
Chicago Park Elementary,6027080,Chicago Park Elementary,NEVADA         ,0,0
Chico Country Day,6113773,Chico Unified,BUTTE          ,0,0
Chico High,431676,Chico Unified,BUTTE          ,0,12
Chico Junior High,6057137,Chico Unified,BUTTE          ,0,0
Children of Promise Preparatory Academy,121186,Inglewood Unified,LOS ANGELES    ,0,0
Children's Community Charter,6113765,Paradise Unified,BUTTE          ,0,0
Chin (John Yehall) Elementary,6113252,San Francisco Unified,SAN FRANCISCO  ,0,0
Chinese Camp Elementary,6054852,Jamestown Elementary,TUOLUMNE       ,0,0
Chinese Immersion School at DeAvila,120386,San Francisco Unified,SAN FRANCISCO  ,0,0
Chino High,3632502,Chino Valley Unified,SAN BERNARDINO ,0,16
Chino Hills High,3631017,Chino Valley Unified,SAN BERNARDINO ,0,20
Chino Valley Learning Academy,3631181,Chino Valley Unified,SAN BERNARDINO ,0,0
Chipman Junior High,6008841,Bakersfield City,KERN           ,0,0
Chollas/Mead Elementary,6039382,San Diego Unified,SAN DIEGO      ,0,0
Chowchilla Union High,2032357,Chowchilla Union High,MADERA         ,0,11
Christa McAuliffe Elementary,6108211,Oceanside Unified,SAN DIEGO      ,0,0
Christa McAuliffe Elementary,6110001,Panama-Buena Vista Union,KERN           ,0,0
Christa McAuliffe Middle,102657,Lodi Unified,SAN JOAQUIN    ,0,0
Christian Sorensen Elementary,6023626,Whittier City Elementary,LOS ANGELES    ,0,0
Christine Sipherd Elementary,6098180,Empire Union Elementary,STANISLAUS     ,0,0
Christopher Columbus Middle,6057947,Los Angeles Unified,LOS ANGELES    ,0,0
Christopher Dena Elementary,6016679,Los Angeles Unified,LOS ANGELES    ,0,0
Christopher Elementary,6048102,Oak Grove Elementary,SANTA CLARA    ,0,0
Christopher High,118380,Gilroy Unified,SANTA CLARA    ,0,13
Chrysalis Charter,111674,Shasta County Office of Education,SHASTA         ,0,0
Chualar Elementary,6026082,Chualar Union,MONTEREY       ,0,0
Chula Vista Adult,3731171,Sweetwater Union High,SAN DIEGO      ,0,0
Chula Vista Hills Elementary,6107775,Chula Vista Elementary,SAN DIEGO      ,0,0
Chula Vista Learning Community Charter,6115778,Chula Vista Elementary,SAN DIEGO      ,0,10
Chula Vista Middle,6059760,Sweetwater Union High,SAN DIEGO      ,0,0
Chula Vista Senior High,3731064,Sweetwater Union High,SAN DIEGO      ,0,22
Cielo Vista Charter,6032411,Palm Springs Unified,RIVERSIDE      ,0,0
Cielo Vista Elementary,6109540,Saddleback Valley Unified,ORANGE         ,0,0
Cienega Elementary,6035018,Cienega Union Elementary,SAN BENITO     ,0,0
Cimarron Avenue Elementary,6016497,Los Angeles Unified,LOS ANGELES    ,0,0
Cimarron Elementary,6113906,Palmdale Elementary,LOS ANGELES    ,0,0
Cinnabar Charter,6051635,Cinnabar Elementary,SONOMA         ,0,0
Cinnabar Elementary,125724,Cinnabar Elementary,SONOMA         ,0,0
Cinnamon Elementary,6118590,Lemoore Union Elementary,KINGS          ,0,0
Cipriani Elementary,6043442,Belmont-Redwood Shores Elementary,SAN MATEO      ,0,0
Circle View Elementary,6029540,Ocean View,ORANGE         ,0,0
Circle of Independent Learning,130534,Fremont Unified,ALAMEDA        ,0,11
Citizens of the World Charter School Hollywood,122556,Los Angeles Unified,LOS ANGELES    ,0,0
Citizens of the World Charter School Mar Vista,126193,Los Angeles Unified,LOS ANGELES    ,0,0
Citizens of the World Charter School Silver Lake,126177,Los Angeles Unified,LOS ANGELES    ,0,0
Citrus Avenue Elementary,6002976,Chico Unified,BUTTE          ,0,0
Citrus Elementary,6037220,Upland Unified,SAN BERNARDINO ,0,0
Citrus Elementary,6115984,Fontana Unified,SAN BERNARDINO ,0,0
Citrus Glen Elementary,6116040,Ventura Unified,VENTURA        ,0,0
Citrus High,5430624,Porterville Unified,TULARE         ,0,0
Citrus High (Continuation),3630480,Fontana Unified,SAN BERNARDINO ,0,0
Citrus Hill High,109108,Val Verde Unified,RIVERSIDE      ,4,15
Citrus Hills Intermediate,6116412,Corona-Norco Unified,RIVERSIDE      ,0,0
Citrus Middle,6006746,Kings Canyon Joint Unified,FRESNO         ,0,0
Citrus Springs Charter,134940,Orange County Department of Education,ORANGE         ,0,1
Citrus Valley High,118802,Redlands Unified,SAN BERNARDINO ,1,18
City Arts and Tech High,107300,San Francisco Unified,SAN FRANCISCO  ,0,5
City Heights Preparatory Charter,124347,San Diego Unified,SAN DIEGO      ,0,1
City Honors College Preparatory Academy,1996529,Inglewood Unified,LOS ANGELES    ,0,7
City Language Immersion Charter,127886,Los Angeles Unified,LOS ANGELES    ,0,0
City Terrace Elementary,6016505,Los Angeles Unified,LOS ANGELES    ,0,0
City of Angels,1996115,Los Angeles Unified,LOS ANGELES    ,0,1
Civicorps Corpsmember Academy,115386,Oakland Unified,ALAMEDA        ,0,0
Clairemont High,3731213,San Diego Unified,SAN DIEGO      ,0,4
Clairmont Elementary,6104426,Lodi Unified,SAN JOAQUIN    ,0,0
Clara Barton Elementary,100974,Corona-Norco Unified,RIVERSIDE      ,0,0
Clara J. King Elementary,6027791,Cypress Elementary,ORANGE         ,0,0
Claremont High,1931823,Claremont Unified,LOS ANGELES    ,12,14
Claremont Middle,6057004,Oakland Unified,ALAMEDA        ,0,0
Clarence Lobo Elementary,6111819,Capistrano Unified,ORANGE         ,0,0
Clarence Ruth Elementary,6045587,Lompoc Unified,SANTA BARBARA  ,0,0
Clarendon Alternative Elementary,6040828,San Francisco Unified,SAN FRANCISCO  ,0,0
Clark Intermediate,6066617,Clovis Unified,FRESNO         ,0,0
Clark Middle,6114060,San Diego Unified,SAN DIEGO      ,0,0
Clarksburg Middle,112078,River Delta Joint Unified,SACRAMENTO     ,0,0
Clarksville Charter,136200,Buckeye Union Elementary,EL DORADO      ,0,2
Classical Academy,6116776,Escondido Union,SAN DIEGO      ,0,0
Classical Academy High,111195,Escondido Union High,SAN DIEGO      ,0,12
Classical Academy Vista,138404,San Diego County Office of Education,SAN DIEGO      ,0,0
Claudia Landeen,6104020,Lincoln Unified,SAN JOAQUIN    ,0,0
Clay Elementary,6039390,San Diego Unified,SAN DIEGO      ,0,0
"Clayton A. Record, Jr., Elementary",102723,San Jacinto Unified,RIVERSIDE      ,0,0
Clayton Valley Charter High,731380,Contra Costa County Office of Education,CONTRA COSTA   ,0,15
Clear Creek Elementary,6027098,Clear Creek Elementary,NEVADA         ,0,0
Clear Lake High,1732304,Lakeport Unified,LAKE           ,0,4
Clear Passage Educational Center,131938,Long Beach Unified,LOS ANGELES    ,0,0
Clear View,6109771,Chula Vista Elementary,SAN DIEGO      ,0,0
Clearlake Creativity,128231,Lake County Office of Education,LAKE           ,0,0
Clearwater Elementary,133579,Perris Elementary,RIVERSIDE      ,0,0
Clement Middle,6059414,Redlands Unified,SAN BERNARDINO ,0,0
Clemente Charter,129825,Los Angeles Unified,LOS ANGELES    ,0,0
Cleminson Elementary,6013148,El Monte City,LOS ANGELES    ,0,0
Cleo Gordon Elementary,6051098,Fairfield-Suisun Unified,SOLANO         ,0,0
Cleveland Elementary,6001739,Oakland Unified,ALAMEDA        ,0,0
Cleveland Elementary,6042535,Stockton Unified,SAN JOAQUIN    ,0,0
Cleveland Elementary,6045827,Santa Barbara Unified,SANTA BARBARA  ,0,0
Clifford D. Murray Elementary,6011241,Azusa Unified,LOS ANGELES    ,0,0
Clifford Elementary,6044424,Redwood City Elementary,SAN MATEO      ,0,0
Clifford Street Elementary,6016513,Los Angeles Unified,LOS ANGELES    ,0,0
Clifton Middle,6020432,Monrovia Unified,LOS ANGELES    ,0,0
Clinton Elementary,6028294,Garden Grove Unified,ORANGE         ,0,0
"Clinton, William Jefferson",6120877,Compton Unified,LOS ANGELES    ,0,0
Clover Avenue Elementary,6016521,Los Angeles Unified,LOS ANGELES    ,0,0
Clover Flat Elementary,6085054,Mountain Empire Unified,SAN DIEGO      ,0,0
Clover Valley High (Continuation),1730050,Upper Lake Unified,LAKE           ,0,0
Cloverdale Elementary,6107080,Moreno Valley Unified,RIVERSIDE      ,0,0
Cloverdale High,4930855,Cloverdale Unified,SONOMA         ,0,4
Cloverland Elementary,6052880,Oakdale Joint Unified,STANISLAUS     ,0,0
Cloverly Elementary,6022925,Temple City Unified,LOS ANGELES    ,0,0
Clovis Community Day Elementary,101949,Clovis Unified,FRESNO         ,0,0
Clovis Community Day Secondary,110270,Clovis Unified,FRESNO         ,0,0
Clovis East High,1030683,Clovis Unified,FRESNO         ,1,18
Clovis Elementary,6116313,Clovis Unified,FRESNO         ,0,0
Clovis High,1031053,Clovis Unified,FRESNO         ,1,19
Clovis North High,113555,Clovis Unified,FRESNO         ,1,19
Clovis Online Charter,118018,Clovis Unified,FRESNO         ,0,6
Clovis West High,1030196,Clovis Unified,FRESNO         ,1,21
Clyde Arbuckle Elementary,6046130,Alum Rock Union Elementary,SANTA CLARA    ,0,0
Clyde L. Fischer Middle,6046148,Alum Rock Union Elementary,SANTA CLARA    ,0,0
Clyde W. Needham Elementary,6042204,Lodi Unified,SAN JOAQUIN    ,0,0
Coachella Valley High,3330990,Coachella Valley Unified,RIVERSIDE      ,0,13
Coalinga High,1031376,Coalinga-Huron Unified,FRESNO         ,0,8
Coalinga Middle,6057269,Coalinga-Huron Unified,FRESNO         ,0,0
Coarsegold Elementary,6023915,Yosemite Unified,MADERA         ,0,0
Coast High,3030368,Huntington Beach Union High,ORANGE         ,0,1
Coast Union High,4032009,Coast Unified,SAN LUIS OBISPO,0,10
Coastal Academy Charter,136267,Oceanside Unified,SAN DIEGO      ,0,2
Coastal Buttes,136580,Colusa County Office of Education,COLUSA         ,0,0
Coastal Grove Charter,6120562,Arcata Elementary,HUMBOLDT       ,0,0
Cobalt Institute of Math and Science Academy,6114698,Victor Valley Union High,SAN BERNARDINO ,0,11
Cobb (William L.) Elementary,6040968,San Francisco Unified,SAN FRANCISCO  ,0,0
Cobb Mountain Elementary,6105456,Middletown Unified,LAKE           ,0,0
Cobblestone Elementary,114652,Plumas Lake Elementary,YUBA           ,0,0
Cobblestone Elementary,6109870,Rocklin Unified,PLACER         ,0,0
Coeur D'Alene Avenue Elementary,6016539,Los Angeles Unified,LOS ANGELES    ,0,0
Coffee Creek Elementary,6053706,Coffee Creek Elementary,TRINITY        ,0,0
Cogswell Elementary,6020713,Mountain View Elementary,LOS ANGELES    ,0,0
Cohasset Street Elementary,6016547,Los Angeles Unified,LOS ANGELES    ,0,0
Col. J. K. Tuffree Middle,6030019,Placentia-Yorba Linda Unified,ORANGE         ,0,0
Cold Spring Elementary,6045348,Cold Spring Elementary,SANTA BARBARA  ,0,0
Cold Springs High,5530100,Summerville Union High,TUOLUMNE       ,0,0
Cold Stream Alternative,3130192,Tahoe-Truckee Unified,PLACER         ,0,2
Coldwater Canyon Elementary,6016554,Los Angeles Unified,LOS ANGELES    ,0,0
Cole Canyon Elementary,6117659,Murrieta Valley Unified,RIVERSIDE      ,0,0
Cole Elementary,6036834,San Bernardino City Unified,SAN BERNARDINO ,0,0
Coleman Elementary,6024764,San Rafael City Elementary,MARIN          ,0,0
Coleman F. Brown Elementary,6071583,Sylvan Union Elementary,STANISLAUS     ,0,0
Coleville High,2633006,Eastern Sierra Unified,MONO           ,0,2
Colfax Charter Elementary,6016562,Los Angeles Unified,LOS ANGELES    ,0,0
Colfax Elementary,6031066,Colfax Elementary,PLACER         ,0,0
Colfax High,3131851,Placer Union High,PLACER         ,0,8
Colina Middle,6055925,Conejo Valley Unified,VENTURA        ,0,0
Coliseum College Prep Academy,112797,Oakland Unified,ALAMEDA        ,0,3
Coliseum Street Elementary,6016570,Los Angeles Unified,LOS ANGELES    ,0,0
College Bridge Academy,128454,Inyo County Office of Education,INYO           ,0,0
College Connection Academy,127225,Franklin-McKinley Elementary,SANTA CLARA    ,0,0
College Heights Elementary,6008882,Bakersfield City,KERN           ,0,0
College Park Elementary,6029300,Newport-Mesa Unified,ORANGE         ,0,0
College Park Elementary,6044952,San Mateo-Foster City,SAN MATEO      ,0,0
College Park High,731646,Mt. Diablo Unified,CONTRA COSTA   ,0,15
College Preparatory Middle - La Mesa Spring Valley,137356,SBE - College Preparatory Middle - La Mesa Spring ,SAN DIEGO      ,0,0
College View,6099022,Glendale Unified,LOS ANGELES    ,0,0
College View Elementary,6029557,Ocean View,ORANGE         ,0,0
College and Career Preparatory Academy,132910,Orange County Department of Education,ORANGE         ,0,0
Collegeville Elementary,6041784,Escalon Unified,SAN JOAQUIN    ,0,0
Collegewood Elementary,6023360,Walnut Valley Unified,LOS ANGELES    ,0,0
Collegiate Charter High of Los Angeles,131821,Los Angeles Unified,LOS ANGELES    ,0,6
Collett Elementary,6031520,Alvord Unified,RIVERSIDE      ,0,0
Collins Elementary,6004659,West Contra Costa Unified,CONTRA COSTA   ,0,0
Colonel Howard Nichols Elementary,6008890,Bakersfield City,KERN           ,0,0
Colonel Joseph C. Rodriguez PREP Academy,116178,San Bernardino City Unified,SAN BERNARDINO ,0,0
Colonel Mitchell Paige Middle,111021,Desert Sands Unified,RIVERSIDE      ,0,0
Colonial Acres Elementary,6002521,San Lorenzo Unified,ALAMEDA        ,0,0
Colonial Heights,6041891,Lincoln Unified,SAN JOAQUIN    ,0,0
Colony Basic Skills Alternative High,2430106,Hilmar Unified,MERCED         ,0,0
Colony High,3631157,Chaffey Joint Union High,SAN BERNARDINO ,0,17
Colony Oak Elementary,6109284,Ripon Unified,SAN JOAQUIN    ,0,0
Colton High,3632742,Colton Joint Unified,SAN BERNARDINO ,0,11
Colton Middle,6061857,Colton Joint Unified,SAN BERNARDINO ,0,0
Columbia Academy,6114466,Corning Union Elementary,TEHAMA         ,0,0
Columbia Elementary,106096,Val Verde Unified,RIVERSIDE      ,0,0
Columbia Elementary,6006159,Fresno Unified,FRESNO         ,0,0
Columbia Elementary,6013155,El Monte City,LOS ANGELES    ,0,0
Columbia Middle,107433,Adelanto Elementary,SAN BERNARDINO ,0,0
Columbia Middle,6049241,Sunnyvale,SANTA CLARA    ,0,0
Columbia-East Valley K-6 Community Day,101113,Columbia Elementary,SHASTA         ,0,0
Columbine Elementary,6053896,Columbine Elementary,TULARE         ,0,0
Columbus (Christopher) High,1931625,Downey Unified,LOS ANGELES    ,0,0
Columbus Avenue,6120679,Los Angeles Unified,LOS ANGELES    ,0,0
Columbus Elementary,6013635,Glendale Unified,LOS ANGELES    ,0,0
Columbus Tustin Middle,6030589,Tustin Unified,ORANGE         ,0,0
Colusa Alternative High (Continuation),630012,Colusa Unified,COLUSA         ,0,0
Colusa Alternative Home,630046,Colusa Unified,COLUSA         ,0,0
Colusa High,631259,Colusa Unified,COLUSA         ,0,3
Come Back Butte Charter,134213,Butte County Office of Education,BUTTE          ,0,0
Come Back Charter,138032,Merced County Office of Education,MERCED         ,0,0
Come Back Kids,128397,Riverside County Office of Education,RIVERSIDE      ,0,0
Commodore Stockton Skills,6098651,Stockton Unified,SAN JOAQUIN    ,0,0
Commonwealth Avenue Elementary,6016604,Los Angeles Unified,LOS ANGELES    ,0,0
Commonwealth Elementary,6028021,Fullerton Elementary,ORANGE         ,0,0
Communication and Technology at Diego Rivera Learn,124495,Los Angeles Unified,LOS ANGELES    ,0,5
Community Collaborative Charter,108837,Twin Rivers Unified,SACRAMENTO     ,0,0
Community Collaborative Charter,132654,Acton-Agua Dulce Unified,LOS ANGELES    ,0,11
Community Collaborative Virtual - Keppel Partnersh,136127,Keppel Union Elementary,LOS ANGELES    ,0,1
Community Collaborative Virtual - Sage Oak Charter,136069,Helendale Elementary,SAN BERNARDINO ,0,8
Community Day,118968,Benicia Unified,SOLANO         ,0,0
Community Day,1030824,Sanger Unified,FRESNO         ,0,0
Community Day,1996297,Claremont Unified,LOS ANGELES    ,0,0
Community Day,4330569,Fremont Union High,SANTA CLARA    ,0,0
Community Day High,106542,Oakland Unified,ALAMEDA        ,0,0
Community Day Middle,106559,Oakland Unified,ALAMEDA        ,0,0
Community Day School III,125047,Bishop Unified,INYO           ,0,0
Community High (Continuation),2731115,Pacific Grove Unified,MONTEREY       ,0,0
Community Magnet Charter Elementary,6094726,Los Angeles Unified,LOS ANGELES    ,0,0
Community Montessori,137695,San Diego County Office of Education,SAN DIEGO      ,0,0
Community Outreach Academy,101766,Twin Rivers Unified,SACRAMENTO     ,0,0
Community Preparatory Academy,129874,Los Angeles Unified,LOS ANGELES    ,0,0
Community Roots Academy,123729,Capistrano Unified,ORANGE         ,0,0
Community School for Creative Education,123968,Alameda County Office of Education,ALAMEDA        ,0,0
Community School/Independent Alternative Education,107466,San Bernardino County Office of Education,SAN BERNARDINO ,0,0
Community United Elementary,115204,Oakland Unified,ALAMEDA        ,0,0
Compass Charter Schools of Fresno,130880,Orange Center,FRESNO         ,0,0
Compass Charter Schools of Los Angeles,135145,Acton-Agua Dulce Unified,LOS ANGELES    ,0,0
Compass Charter Schools of San Diego,127084,Mountain Empire Unified,SAN DIEGO      ,0,0
Competitive Edge Charter Academy (CECA),124032,Yucaipa-Calimesa Joint Unified,SAN BERNARDINO ,0,0
Comptche Elementary,6025142,Mendocino Unified,MENDOCINO      ,0,0
Compton Avenue Elementary,6016612,Los Angeles Unified,LOS ANGELES    ,0,0
Compton Community Day High,1996040,Compton Unified,LOS ANGELES    ,0,0
Compton Community Day Middle,6114441,Compton Unified,LOS ANGELES    ,0,0
Compton Early College High,132969,Compton Unified,LOS ANGELES    ,0,7
Compton High,1931963,Compton Unified,LOS ANGELES    ,0,14
Compton Junior High,6009021,Bakersfield City,KERN           ,0,0
Concord High,731836,Mt. Diablo Unified,CONTRA COSTA   ,0,10
Concordia Elementary,6027585,Capistrano Unified,ORANGE         ,0,0
Concow Elementary,6003131,Golden Feather Union Elementary,BUTTE          ,0,0
Condit Elementary,6012165,Claremont Unified,LOS ANGELES    ,0,0
Condor Elementary,6109615,Morongo Unified,SAN BERNARDINO ,0,0
Condor High,125674,Oxnard Union High,VENTURA        ,0,0
Conejo Elementary,6055933,Conejo Valley Unified,VENTURA        ,0,0
Conejo Middle,6006894,Laton Joint Unified,FRESNO         ,0,0
Conejo Valley High (Continuation),5630108,Conejo Valley Unified,VENTURA        ,0,0
Confluence Continuation High,3131687,Placer Union High,PLACER         ,0,0
Congressman Jerry Lewis Elementary,6035331,Silver Valley Unified,SAN BERNARDINO ,0,0
Conley Elementary,6010110,Taft City,KERN           ,0,0
Connect Community Charter,127282,Redwood City Elementary,SAN MATEO      ,0,0
Connecting Waters Charter,5030317,Waterford Unified,STANISLAUS     ,0,4
Connecting Waters Charter - East Bay,136101,Alameda County Office of Education,ALAMEDA        ,0,3
Connecting Waters Charter School - Central Valley,138057,Modesto City Elementary,STANISLAUS     ,0,0
Connections Visual and Performing Arts Academy,5530191,Summerville Union High,TUOLUMNE       ,1,4
Conservatory of Vocal/Instrumental Arts High,132555,Oakland Unified,ALAMEDA        ,0,1
Contra Costa School of Performing Arts,134114,Contra Costa County Office of Education,CONTRA COSTA   ,0,3
Contreras Learning Center-Academic Leadership Comm,117721,Los Angeles Unified,LOS ANGELES    ,0,9
Contreras Learning Center-Los Angeles School of Gl,112870,Los Angeles Unified,LOS ANGELES    ,0,0
Contreras Learning Center-School of Social Justice,127795,Los Angeles Unified,LOS ANGELES    ,0,5
Conway Elementary,6038186,Escondido Union,SAN DIEGO      ,0,0
Conyer Elementary,6054530,Visalia Unified,TULARE         ,0,0
Cook (Hazel Goes) Elementary,6037881,Chula Vista Elementary,SAN DIEGO      ,0,0
Cooley Ranch Elementary,6110142,Colton Joint Unified,SAN BERNARDINO ,0,0
Coolidge Elementary,6022420,San Gabriel Unified,LOS ANGELES    ,0,0
Cooper Elementary,6110241,Vacaville Unified,SOLANO         ,0,0
Cooper Middle,6057285,Fresno Unified,FRESNO         ,0,0
Cope Middle,6059422,Redlands Unified,SAN BERNARDINO ,0,0
Copper Hills Elementary,6113583,Clovis Unified,FRESNO         ,0,0
Copperopolis Elementary,6003388,Mark Twain Union Elementary,CALAVERAS      ,0,0
Coral Mountain Academy,112649,Coachella Valley Unified,RIVERSIDE      ,0,0
Corcoran Academy,110858,Corcoran Joint Unified,KINGS          ,0,0
Corcoran High,1632207,Corcoran Joint Unified,KINGS          ,0,4
Cordelia Hills Elementary,113092,Fairfield-Suisun Unified,SOLANO         ,0,0
Cordillera Elementary,6068639,Saddleback Valley Unified,ORANGE         ,0,0
Cordova Gardens Elementary,6033153,Folsom-Cordova Unified,SACRAMENTO     ,0,0
Cordova High,3431533,Folsom-Cordova Unified,SACRAMENTO     ,9,1
Cordova Meadows Elementary,6033179,Folsom-Cordova Unified,SACRAMENTO     ,0,0
Cordova Villa Elementary,6033187,Folsom-Cordova Unified,SACRAMENTO     ,0,0
Cordua Elementary,6056667,Marysville Joint Unified,YUBA           ,0,0
Core Learning Academy at Conley-Caraballo High,110460,New Haven Unified,ALAMEDA        ,0,0
Cornell Elementary,6090146,Albany City Unified,ALAMEDA        ,0,0
Cornerstone at Pedregal Elementary,6021307,Palos Verdes Peninsula Unified,LOS ANGELES    ,0,0
Corning High,5231709,Corning Union High,TEHAMA         ,0,3
Corning Independent Study,137414,Corning Union High,TEHAMA         ,0,0
Corona Avenue Elementary,6016620,Los Angeles Unified,LOS ANGELES    ,0,0
Corona Creek Elementary,6114409,Waugh Elementary,SONOMA         ,0,0
Corona Elementary,6036172,Ontario-Montclair,SAN BERNARDINO ,0,0
Corona Fundamental Intermediate,6059034,Corona-Norco Unified,RIVERSIDE      ,0,0
Corona High,3331600,Corona-Norco Unified,RIVERSIDE      ,0,14
Corona Ranch Elementary,6120364,Corona-Norco Unified,RIVERSIDE      ,0,0
Corona Vista High,3330602,Corona-Norco Unified,RIVERSIDE      ,0,0
Corona del Mar High,3031697,Newport-Mesa Unified,ORANGE         ,0,20
Corona-Norco Alternative,3330131,Corona-Norco Unified,RIVERSIDE      ,0,0
Coronado Elementary,6004667,West Contra Costa Unified,CONTRA COSTA   ,0,0
Coronado High,3731478,Coronado Unified,SAN DIEGO      ,0,16
Coronado High (Continuation),1938513,West Covina Unified,LOS ANGELES    ,0,0
Coronado Middle,6059570,Coronado Unified,SAN DIEGO      ,0,0
Coronado Village Elementary,6038053,Coronado Unified,SAN DIEGO      ,0,0
Coronita Elementary,6031751,Corona-Norco Unified,RIVERSIDE      ,0,0
Correia Middle,6059596,San Diego Unified,SAN DIEGO      ,0,0
Cortada Elementary,6013163,El Monte City,LOS ANGELES    ,0,0
Corte Madera,6044275,Portola Valley Elementary,SAN MATEO      ,0,0
Cortez Elementary,111054,Pomona Unified,LOS ANGELES    ,0,0
Corvallis Elementary,6002539,San Lorenzo Unified,ALAMEDA        ,0,0
Corvallis Middle,6020887,Norwalk-La Mirada Unified,LOS ANGELES    ,0,0
Costa Mesa High,3031853,Newport-Mesa Unified,ORANGE         ,0,16
Costano Elementary,6044325,Ravenswood City Elementary,SAN MATEO      ,0,0
Costanoa Continuation High,4436960,Santa Cruz City High,SANTA CRUZ     ,0,0
Cosumnes Oaks High,116897,Elk Grove Unified,SACRAMENTO     ,0,15
Cosumnes River Elementary,6033013,Elk Grove Unified,SACRAMENTO     ,0,0
Cottage Elementary,6034441,San Juan Unified,SACRAMENTO     ,0,0
Cottage Hill Elementary,6101018,Pleasant Ridge Union Elementary,NEVADA         ,0,0
Cottonwood Canyon Elementary,6120455,Lake Elsinore Unified,RIVERSIDE      ,0,0
Cottonwood Community Day,3731080,Mountain Empire Unified,SAN DIEGO      ,0,0
Cottonwood Creek,136929,Dublin Unified,ALAMEDA        ,0,0
Cottonwood Creek Charter,121640,Cottonwood Union Elementary,SHASTA         ,0,0
Cottonwood Creek Elementary,110940,Visalia Unified,TULARE         ,0,0
Cottonwood Elementary,6032080,Hemet Unified,RIVERSIDE      ,0,0
Cottonwood Elementary,6109664,Westside Union Elementary,LOS ANGELES    ,0,0
Coulterville High,2230076,Mariposa County Unified,MARIPOSA       ,0,0
Country Club Elementary,6005086,San Ramon Valley Unified,CONTRA COSTA   ,0,0
Country High,4833869,Vacaville Unified,SOLANO         ,0,0
Country Lane Elementary,6047740,Moreland,SANTA CLARA    ,0,0
Country Springs Elementary,6111710,Chino Valley Unified,SAN BERNARDINO ,0,0
Countryside Community Day,107649,Tulare Joint Union High,TULARE         ,0,0
County Collaborative Charter,129668,Mountain Empire Unified,SAN DIEGO      ,0,0
County Community,330035,Amador County Office of Education,AMADOR         ,0,0
Courreges (Roch) Elementary,6094635,Fountain Valley Elementary,ORANGE         ,0,0
Cove,129148,Larkspur-Corte Madera,MARIN          ,0,0
Covillaud Elementary,6056733,Marysville Joint Unified,YUBA           ,0,0
Covina High,1932086,Covina-Valley Unified,LOS ANGELES    ,0,15
Covington Elementary,6047401,Los Altos Elementary,SANTA CLARA    ,0,0
Cowan Avenue Elementary,6016646,Los Angeles Unified,LOS ANGELES    ,0,0
Cox (James H.) Elementary,6066922,Fountain Valley Elementary,ORANGE         ,0,0
Cox Academy,6001788,Alameda County Office of Education,ALAMEDA        ,0,0
Coyle Avenue Elementary,6034466,San Juan Unified,SACRAMENTO     ,0,0
Coyote Canyon Elementary,6106603,Central Elementary,SAN BERNARDINO ,0,0
Coyote Creek Elementary,6117485,San Ramon Valley Unified,CONTRA COSTA   ,0,0
Coyote Ridge Elementary,6119887,Dry Creek Joint Elementary,PLACER         ,0,0
Coyote Valley Elementary,6110761,Middletown Unified,LAKE           ,0,0
Crafton Elementary,6036479,Redlands Unified,SAN BERNARDINO ,0,0
Cragmont Elementary,6090195,Berkeley Unified,ALAMEDA        ,0,0
Craig Williams Elementary,6011654,Bellflower Unified,LOS ANGELES    ,0,0
Cram Elementary,6036487,Redlands Unified,SAN BERNARDINO ,0,0
Crawford High,107177,San Diego Unified,SAN DIEGO      ,0,10
Creative Arts Charter,6112601,San Francisco Unified,SAN FRANCISCO  ,0,0
Creative Connections Arts Academy,108795,Twin Rivers Unified,SACRAMENTO     ,0,2
Creative Performing and Media Arts,3731551,San Diego Unified,SAN DIEGO      ,0,0
Credo High,123786,Cotati-Rohnert Park Unified,SONOMA         ,0,0
Creek View Elementary,6105449,Mountain View Elementary,SAN BERNARDINO ,0,0
Creekside Charter,120105,Newcastle Elementary,PLACER         ,0,0
Creekside Early Learning Center,6118723,Alpine Union Elementary,SAN DIEGO      ,0,0
Creekside Elementary,119032,San Ramon Valley Unified,CONTRA COSTA   ,0,0
Creekside Elementary,6106942,Moreno Valley Unified,RIVERSIDE      ,0,0
Creekside Elementary,6117469,Poway Unified,SAN DIEGO      ,0,0
Creekside High,3030129,Irvine Unified,ORANGE         ,0,0
Creekside High,4930152,Sonoma Valley Unified,SONOMA         ,0,0
Creekside Junior High,133413,Los Banos Unified,MERCED         ,0,0
Creekside Middle,6060297,Patterson Joint Unified,STANISLAUS     ,0,0
Creekside Middle,6090385,Castro Valley Unified,ALAMEDA        ,0,0
Creekside Oaks Elementary,6098610,Western Placer Unified,PLACER         ,0,0
Creekview Ranch,129080,Dry Creek Joint Elementary,PLACER         ,0,0
"Crenshaw Science, Technology, Engineering, Math an",1932128,Los Angeles Unified,LOS ANGELES    ,0,9
Crescent Elementary,6029763,Orange Unified,ORANGE         ,0,0
Crescent Elementary,6051106,Fairfield-Suisun Unified,SOLANO         ,0,0
Crescent Elk Middle,6005383,Del Norte County Unified,DEL NORTE      ,0,0
Crescent Heights Boulevard Elementary,6016653,Los Angeles Unified,LOS ANGELES    ,0,0
Crescent Valley Public Charter II,136507,Stone Corral Elementary,TULARE         ,0,0
Crescent View South II,136523,Westside Elementary,FRESNO         ,0,0
Crescent View West Public Charter,109991,Fresno County Office of Education,FRESNO         ,0,0
Crescenta Valley High,1932144,Glendale Unified,LOS ANGELES    ,0,24
Crespi Junior High,6061170,West Contra Costa Unified,CONTRA COSTA   ,0,0
Cressey Elementary,6025399,Ballico-Cressey Elementary,MERCED         ,0,0
Cresson Elementary,6014997,Little Lake City Elementary,LOS ANGELES    ,0,0
Crest Elementary,6037600,Cajon Valley Union,SAN DIEGO      ,0,0
Crestline Elementary,6035307,Barstow Unified,SAN BERNARDINO ,0,0
Crestmont Elementary,6031231,Roseville City Elementary,PLACER         ,0,0
Crestmore Elementary,6035604,Colton Joint Unified,SAN BERNARDINO ,0,0
Creston Elementary,6042915,Atascadero Unified,SAN LUIS OBISPO,0,0
Crestview Elementary,6045595,Lompoc Unified,SANTA BARBARA  ,0,0
Crestview Elementary,6055685,Simi Valley Unified,VENTURA        ,0,0
Crestwood Elementary,6054688,Visalia Unified,TULARE         ,0,0
Crestwood Street Elementary,6016661,Los Angeles Unified,LOS ANGELES    ,0,0
Crete Academy,135616,Los Angeles Unified,LOS ANGELES    ,0,0
Crittenden Middle,6049472,Mountain View Whisman,SANTA CLARA    ,0,0
Crocker Highlands Elementary,6001754,Oakland Unified,ALAMEDA        ,0,0
Crocker Middle,6043707,Hillsborough City Elementary,SAN MATEO      ,0,0
Crocker/Riverside Elementary,6034243,Sacramento City Unified,SACRAMENTO     ,0,0
Crossroads,138560,Petaluma Joint Union High,SONOMA         ,0,0
Crossroads Alternative Education Center,119073,Los Banos Unified,MERCED         ,0,0
Crossroads Charter,101717,Armona Union Elementary,KINGS          ,0,0
Crossroads Community Day,6117022,Lancaster Elementary,LOS ANGELES    ,0,0
Crossroads Elementary,113795,Sylvan Union Elementary,STANISLAUS     ,0,0
Crossroads High,138115,Mt. Diablo Unified,CONTRA COSTA   ,0,0
Crossroads High (Alternative),130484,Newark Unified,ALAMEDA        ,0,0
Crowell Elementary,6053151,Turlock Unified,STANISLAUS     ,0,0
Crowley Elementary,6054548,Visalia Unified,TULARE         ,0,0
Crown Point Elementary,6039424,San Diego Unified,SAN DIEGO      ,0,0
Crown Preparatory Academy,121848,Los Angeles Unified,LOS ANGELES    ,0,0
Crowne Hill Elementary,108480,Temecula Valley Unified,RIVERSIDE      ,0,0
Crozier (George W.) Middle,6057749,Inglewood Unified,LOS ANGELES    ,0,0
Crystal Middle,6051114,Fairfield-Suisun Unified,SOLANO         ,0,0
Cubberley Elementary,6039432,San Diego Unified,SAN DIEGO      ,0,0
Cubberley K-8,6015267,Long Beach Unified,LOS ANGELES    ,0,0
Cucamonga Elementary,6035752,Cucamonga Elementary,SAN BERNARDINO ,0,0
Cucamonga Middle,6035497,Central Elementary,SAN BERNARDINO ,0,0
Cuddeback Elementary,6007728,Cuddeback Union Elementary,HUMBOLDT       ,0,0
Cullen Elementary,6013866,Glendora Unified,LOS ANGELES    ,0,0
Culver City High,1932201,Culver City Unified,LOS ANGELES    ,0,18
Culver City Middle,6057608,Culver City Unified,LOS ANGELES    ,0,0
Culver City Unified School District iAcademy,128322,Culver City Unified,LOS ANGELES    ,0,1
Culver Park High,1932656,Culver City Unified,LOS ANGELES    ,0,0
Culverdale Elementary,6089429,Irvine Unified,ORANGE         ,0,0
Cumberland Elementary,6049175,Sunnyvale,SANTA CLARA    ,0,0
Cummings Valley Elementary,6108898,Tehachapi Unified,KERN           ,0,0
Cunningham Elementary,6053169,Turlock Unified,STANISLAUS     ,0,0
Cupertino High,4331799,Fremont Union High,SANTA CLARA    ,0,16
Cupertino Middle,6046767,Cupertino Union,SANTA CLARA    ,0,0
Curie Elementary,6039440,San Diego Unified,SAN DIEGO      ,0,0
Curran Middle,6009005,Bakersfield City,KERN           ,0,0
Curren Elementary,6055263,Oxnard,VENTURA        ,0,0
Curtis Creek Elementary,6054894,Curtis Creek Elementary,TUOLUMNE       ,0,0
Curtis Middle,6061915,San Bernardino City Unified,SAN BERNARDINO ,0,0
Curtner Elementary,6047609,Milpitas Unified,SANTA CLARA    ,0,0
Cutler Elementary,6053904,Cutler-Orosi Joint Unified,TULARE         ,0,0
Cutler-Orosi Community Day,5430244,Cutler-Orosi Joint Unified,TULARE         ,0,0
Cutten Elementary,6007736,Cutten Elementary,HUMBOLDT       ,0,0
Cuyama Elementary,6045389,Cuyama Joint Unified,SANTA BARBARA  ,0,0
Cuyama Valley High,4231205,Cuyama Joint Unified,SANTA BARBARA  ,0,0
Cypress Charter High,100305,Live Oak Elementary,SANTA CRUZ     ,0,3
Cypress Elementary,6068761,Fontana Unified,SAN BERNARDINO ,0,0
Cypress Elementary,6105381,Tulare City,TULARE         ,0,0
Cypress High,3030038,Anaheim Union High,ORANGE         ,0,14
Cypress School of the Arts,107805,Hesperia Unified,SAN BERNARDINO ,0,0
Cypress Village Elementary,129155,Irvine Unified,ORANGE         ,0,0
Cyril Spinelli Elementary,6032924,Center Joint Unified,SACRAMENTO     ,0,0
Cyrus J. Morris Elementary,6095467,Walnut Valley Unified,LOS ANGELES    ,0,0
D. D. Johnston Elementary,6020895,Norwalk-La Mirada Unified,LOS ANGELES    ,0,0
D. H. White Elementary,6033716,River Delta Joint Unified,SACRAMENTO     ,0,0
D. J. Sedgwick Elementary,6046775,Cupertino Union,SANTA CLARA    ,0,0
D. Russell Parks Junior High,6085286,Fullerton Elementary,ORANGE         ,0,0
D. W. Babcock Elementary,6033351,Twin Rivers Unified,SACRAMENTO     ,0,0
Da Vinci Charter Academy,119578,Davis Joint Unified,YOLO           ,0,5
Da Vinci Communications High,131128,Wiseburn Unified,LOS ANGELES    ,0,0
Da Vinci Design,119636,Wiseburn Unified,LOS ANGELES    ,0,0
Da Vinci Innovation Academy,128728,Wiseburn Unified,LOS ANGELES    ,0,0
Da Vinci RISE High,138669,Los Angeles County Office of Education,LOS ANGELES    ,0,0
Da Vinci Science,119016,Wiseburn Unified,LOS ANGELES    ,0,0
Dahlia Heights Elementary,6016687,Los Angeles Unified,LOS ANGELES    ,0,0
Dailard Elementary,6096879,San Diego Unified,SAN DIEGO      ,0,0
Daily (Allan F.) High (Continuation),1933472,Glendale Unified,LOS ANGELES    ,0,0
Dairyland Elementary,6023923,Alview-Dairyland Union Elementary,MADERA         ,0,0
Daisy Gibson Elementary,6106272,Keppel Union Elementary,LOS ANGELES    ,0,0
Dale Junior High,6058820,Anaheim Union High,ORANGE         ,0,0
Dallas Ranch Middle,100479,Antioch Unified,CONTRA COSTA   ,0,0
Dan Jacobs,5730106,Yolo County Office of Education,YOLO           ,0,0
Dan Mini Elementary,6051411,Vallejo City Unified,SOLANO         ,0,0
Dan O. Root Elementary,6109128,Fairfield-Suisun Unified,SOLANO         ,0,0
Dana,6059604,San Diego Unified,SAN DIEGO      ,0,0
Dana Elementary,6043129,Lucia Mar Unified,SAN LUIS OBISPO,0,0
Dana Gray Elementary,6025100,Fort Bragg Unified,MENDOCINO      ,0,0
Dana Hills High,3038569,Capistrano Unified,ORANGE         ,0,21
Danbrook Elementary,6027684,Centralia Elementary,ORANGE         ,0,0
Danbury Special Education,6012173,Claremont Unified,LOS ANGELES    ,0,0
Daniel J. Savage Middle,108761,Sylvan Union Elementary,STANISLAUS     ,0,0
Daniel Lewis Middle,6113096,Paso Robles Joint Unified,SAN LUIS OBISPO,0,0
Daniel N. Buchanan Elementary,6118558,Murrieta Valley Unified,RIVERSIDE      ,0,0
Daniel Pearl Journalism & Communications Magnet,120360,Los Angeles Unified,LOS ANGELES    ,0,6
Daniel Phelan Elementary,6023634,Whittier City Elementary,LOS ANGELES    ,0,0
Daniel Webster Elementary,6043772,Jefferson Elementary,SAN MATEO      ,0,0
Daniel Webster Middle,6058358,Los Angeles Unified,LOS ANGELES    ,0,0
"Danny J. Bakewell, Sr., Primary Center",109231,Los Angeles Unified,LOS ANGELES    ,0,0
Danube Avenue Elementary,6016695,Los Angeles Unified,LOS ANGELES    ,0,0
Dapplegray Elementary,6116172,Palos Verdes Peninsula Unified,LOS ANGELES    ,0,0
Darby Avenue Elementary,6016703,Los Angeles Unified,LOS ANGELES    ,0,0
Dario Cassina High,5530019,Sonora Union High,TUOLUMNE       ,0,0
Darnall Charter,6039457,San Diego Unified,SAN DIEGO      ,0,0
Dartmouth Middle,6049332,Union Elementary,SANTA CLARA    ,0,0
Dartmouth Middle,6112007,Hemet Unified,RIVERSIDE      ,0,0
Date Elementary,6114052,Fontana Unified,SAN BERNARDINO ,0,0
Daves Avenue Elementary,6047526,Los Gatos Union Elementary,SANTA CLARA    ,0,0
David A. Brown Middle,6112734,Lake Elsinore Unified,RIVERSIDE      ,0,0
David G. Millen Law and Government Magnet Academy,126268,Palmdale Elementary,LOS ANGELES    ,0,0
David L. Greenberg Elementary,6117477,Fresno Unified,FRESNO         ,0,0
David Lubin Elementary,6033880,Sacramento City Unified,SACRAMENTO     ,0,0
David Reese Elementary,6033021,Elk Grove Unified,SACRAMENTO     ,0,0
David Starr Jordan Middle,6057525,Burbank Unified,LOS ANGELES    ,0,0
David Starr Jordan Senior High,1934454,Los Angeles Unified,LOS ANGELES    ,0,8
David W. Long Elementary,6116263,Etiwanda Elementary,SAN BERNARDINO ,0,0
Davidson Elementary,6036859,San Bernardino City Unified,SAN BERNARDINO ,0,0
Davila Day,120485,San Diego County Office of Education,SAN DIEGO      ,0,0
Davis (Caroline) Intermediate,6048094,Oak Grove Elementary,SANTA CLARA    ,0,0
Davis Elementary,6042055,Lodi Unified,SAN JOAQUIN    ,0,0
Davis Middle,6066732,Compton Unified,LOS ANGELES    ,0,0
Davis School for Independent Study,5730098,Davis Joint Unified,YOLO           ,0,0
Davis Senior High,5732201,Davis Joint Unified,YOLO           ,0,18
Day Creek Intermediate,102947,Etiwanda Elementary,SAN BERNARDINO ,0,0
Daylor (William) High (Continuation),3432002,Elk Grove Unified,SACRAMENTO     ,0,0
Dayton Elementary,6002547,San Lorenzo Unified,ALAMEDA        ,0,0
Dayton Heights Elementary,6016711,Los Angeles Unified,LOS ANGELES    ,0,0
De Anza Academy of Technology and the Arts,6062152,Ventura Unified,VENTURA        ,0,0
De Anza Elementary,6011407,Baldwin Park Unified,LOS ANGELES    ,0,0
De Anza High,732164,West Contra Costa Unified,CONTRA COSTA   ,0,10
De Anza Middle,6036206,Ontario-Montclair,SAN BERNARDINO ,0,0
De Laveaga Elementary,6049886,Santa Cruz City Elementary,SANTA CRUZ     ,0,0
De Portola Elementary,6085336,Saddleback Valley Unified,ORANGE         ,0,0
De Portola Middle,6106181,San Diego Unified,SAN DIEGO      ,0,0
Dean L. Shively,6023345,Valle Lindo Elementary,LOS ANGELES    ,0,0
Dearborn Elementary Charter Academy,6016729,Los Angeles Unified,LOS ANGELES    ,0,0
Death Valley High Academy,1438308,Death Valley Unified,INYO           ,0,0
Deborah A. Williams Elementary,113811,Fresno Unified,FRESNO         ,0,0
Decker Elementary,6101133,Pomona Unified,LOS ANGELES    ,0,0
Decoto School for Independent Study,126763,New Haven Unified,ALAMEDA        ,0,0
Deep Creek Academy,5430277,Farmersville Unified,TULARE         ,0,0
Deer Canyon Elementary,6101786,Alta Loma Elementary,SAN BERNARDINO ,0,0
Deer Canyon Elementary,6109300,Poway Unified,SAN DIEGO      ,0,0
Deer Creek Elementary,6097315,Nevada City Elementary,NEVADA         ,0,0
Deer Valley High,730465,Antioch Unified,CONTRA COSTA   ,0,15
Deerfield Elementary,6096184,Irvine Unified,ORANGE         ,0,0
Dehesa Charter,6119564,Dehesa Elementary,SAN DIEGO      ,0,0
Dehesa Elementary,6038095,Dehesa Elementary,SAN DIEGO      ,0,0
Del Amigo High (Continuation),736819,San Ramon Valley Unified,CONTRA COSTA   ,0,0
Del Amo Elementary,6016737,Los Angeles Unified,LOS ANGELES    ,0,0
Del Campo High,3432051,San Juan Unified,SACRAMENTO     ,0,6
Del Cerro Elementary,6071153,Saddleback Valley Unified,ORANGE         ,0,0
Del Dayo Elementary,6034482,San Juan Unified,SACRAMENTO     ,0,0
Del Dios Academy of Arts and Sciences,6038194,Escondido Union,SAN DIEGO      ,0,0
Del Lago Academy - Campus of Applied Science,127241,Escondido Union High,SAN DIEGO      ,0,3
Del Lago Elementary,6101059,Saddleback Valley Unified,ORANGE         ,0,0
Del Mar Elementary,6006183,Fresno Unified,FRESNO         ,0,0
Del Mar Elementary,6043210,San Luis Coastal Unified,SAN LUIS OBISPO,0,0
Del Mar Heights Elementary,6038111,Del Mar Union Elementary,SAN DIEGO      ,0,0
Del Mar High,1996081,San Gabriel Unified,LOS ANGELES    ,0,0
Del Mar High,4331955,Campbell Union High,SANTA CLARA    ,11,2
Del Mar Hills Elementary,6088983,Del Mar Union Elementary,SAN DIEGO      ,0,0
Del Mar Middle,6024632,Reed Union Elementary,MARIN          ,0,0
Del Norte Community,830042,Del Norte County Office of Education,DEL NORTE      ,0,0
Del Norte Elementary,6036214,Ontario-Montclair,SAN BERNARDINO ,0,0
Del Norte High,118935,Poway Unified,SAN DIEGO      ,0,10
Del Norte High,833004,Del Norte County Unified,DEL NORTE      ,0,5
Del Obispo Elementary,6094619,Capistrano Unified,ORANGE         ,0,0
Del Oro High,3132453,Placer Union High,PLACER         ,0,9
Del Paso Heights Elementary,6032932,Twin Rivers Unified,SACRAMENTO     ,0,0
Del Paso Manor Elementary,6034490,San Juan Unified,SACRAMENTO     ,0,0
Del Puerto High,5030127,Patterson Joint Unified,STANISLAUS     ,0,0
Del Rey Elementary,6002554,San Lorenzo Unified,ALAMEDA        ,0,0
Del Rey Elementary,6004444,Orinda Union Elementary,CONTRA COSTA   ,0,0
Del Rey Elementary,6007116,Sanger Unified,FRESNO         ,0,0
Del Rey Elementary,6037329,Victor Elementary,SAN BERNARDINO ,0,0
Del Rey Woods Elementary,6026181,Monterey Peninsula Unified,MONTEREY       ,0,0
Del Rio Elementary,6110431,Rosedale Union Elementary,KERN           ,0,0
Del Roble Elementary,6072151,Oak Grove Elementary,SANTA CLARA    ,0,0
Del Rosa Elementary,6036867,San Bernardino City Unified,SAN BERNARDINO ,0,0
Del Sol Academy,136721,Jurupa Unified,RIVERSIDE      ,0,0
Del Sur Elementary,116475,Poway Unified,SAN DIEGO      ,0,0
Del Sur Senior Elementary,6023568,Westside Union Elementary,LOS ANGELES    ,0,0
Del Valle Continuation High,132670,Livermore Valley Joint Unified,ALAMEDA        ,0,0
Del Valle Elementary,6014153,Hacienda la Puente Unified,LOS ANGELES    ,0,0
Del Vallejo Middle,6059489,San Bernardino City Unified,SAN BERNARDINO ,0,0
Del Vista Math and Science Academy,6009369,Delano Union Elementary,KERN           ,0,0
Delaine Eastin Elementary,6118525,New Haven Unified,ALAMEDA        ,0,0
Delano High,1531672,Delano Joint Union High,KERN           ,0,9
Delevan Drive Elementary,6016745,Los Angeles Unified,LOS ANGELES    ,0,0
Delhi High,2430114,Delhi Unified,MERCED         ,0,8
Delhi Middle,131862,Delhi Unified,MERCED         ,0,0
Della S. Lindley Elementary,6106207,Palm Springs Unified,RIVERSIDE      ,0,0
Delphic Elementary,6050694,Delphic Elementary,SISKIYOU       ,0,0
Delta Bridges Charter,132050,New Jerusalem Elementary,SAN JOAQUIN    ,0,0
Delta Charter,4430187,Santa Cruz City High,SANTA CRUZ     ,0,0
Delta Charter,6119309,New Jerusalem Elementary,SAN JOAQUIN    ,0,0
Delta Charter Online,130864,New Jerusalem Elementary,SAN JOAQUIN    ,0,0
Delta Charter Online No.2,136135,New Jerusalem Elementary,SAN JOAQUIN    ,0,0
Delta Elementary Charter,114660,River Delta Joint Unified,SACRAMENTO     ,0,0
Delta High,4231452,Santa Maria Joint Union High,SANTA BARBARA  ,0,1
Delta High,5731708,River Delta Joint Unified,SACRAMENTO     ,0,7
Delta Home Charter,129890,New Jerusalem Elementary,SAN JOAQUIN    ,0,0
Delta Keys Charter #2,136028,New Jerusalem Elementary,SAN JOAQUIN    ,0,0
Delta Sierra Middle,6107114,Lodi Unified,SAN JOAQUIN    ,0,0
Delta View Elementary,106088,Mt. Diablo Unified,CONTRA COSTA   ,0,0
Delta Vista Middle,6119226,Oakley Union Elementary,CONTRA COSTA   ,0,0
Demille Elementary,6030738,Westminster,ORANGE         ,0,0
Dena Boer,6113823,Salida Union Elementary,STANISLAUS     ,0,0
Denair Charter Academy,5030267,Denair Unified,STANISLAUS     ,0,0
Denair Elementary Charter Academy,132662,Denair Unified,STANISLAUS     ,0,0
Denair High,5031521,Denair Unified,STANISLAUS     ,0,6
Denair Middle,6071575,Denair Unified,STANISLAUS     ,0,0
Denker Avenue Elementary,6016752,Los Angeles Unified,LOS ANGELES    ,0,0
Denman (James) Middle,6059869,San Francisco Unified,SAN FRANCISCO  ,0,0
Dennis G. Earl Elementary,6115208,Turlock Unified,STANISLAUS     ,0,0
Dent Elementary,6041792,Escalon Unified,SAN JOAQUIN    ,0,0
Descanso Elementary,6038699,Mountain Empire Unified,SAN DIEGO      ,0,0
Desert Hot Springs High,3330818,Palm Springs Unified,RIVERSIDE      ,0,12
Desert Junior-Senior High,1531987,Muroc Joint Unified,KERN           ,0,9
Desert Knolls Elementary,6037337,Apple Valley Unified,SAN BERNARDINO ,0,0
Desert Learning Academy,133090,Palm Springs Unified,RIVERSIDE      ,0,3
Desert Mirage High,100255,Coachella Valley Unified,RIVERSIDE      ,0,10
Desert Oasis High (Continuation),1333558,Central Union High,IMPERIAL       ,0,0
Desert Ridge Academy,119305,Desert Sands Unified,RIVERSIDE      ,0,0
Desert Rose Elementary,6105621,Palmdale Elementary,LOS ANGELES    ,0,0
Desert Sands Charter,1996537,Antelope Valley Union High,LOS ANGELES    ,0,0
Desert Springs Middle,6108443,Palm Springs Unified,RIVERSIDE      ,0,0
Desert Trails Preparatory Academy,6111918,San Bernardino County Office of Education,SAN BERNARDINO ,0,0
Desert Valley High (Continuation),1331354,Brawley Union High,IMPERIAL       ,0,1
Desert View Elementary,6014674,Lancaster Elementary,LOS ANGELES    ,0,0
"Desert Willow Fine Arts, Science and Technology Ma",105981,Palmdale Elementary,LOS ANGELES    ,0,0
Desert Winds Continuation High,1931732,Antelope Valley Union High,LOS ANGELES    ,0,0
Design 39 Campus,129056,Poway Unified,SAN DIEGO      ,0,0
Design Science Middle College High,108555,Fresno Unified,FRESNO         ,0,1
Design Tech High,129759,San Mateo Union High,SAN MATEO      ,0,0
Dewey Academy,132688,Oakland Unified,ALAMEDA        ,0,0
Dewey Avenue Elementary,6013510,Garvey Elementary,LOS ANGELES    ,0,0
Dewey Elementary,6039481,San Diego Unified,SAN DIEGO      ,0,0
Dewolf Continuation High,1031632,Fresno Unified,FRESNO         ,0,0
Di Giorgio Elementary,6009419,Di Giorgio Elementary,KERN           ,0,0
Diablo Community Day,730655,Mt. Diablo Unified,CONTRA COSTA   ,0,0
Diablo View Middle,6111504,Mt. Diablo Unified,CONTRA COSTA   ,0,0
Diablo Vista Elementary,6117501,Antioch Unified,CONTRA COSTA   ,0,0
Diablo Vista Middle,6117451,San Ramon Valley Unified,CONTRA COSTA   ,0,0
Diamond Bar High,1932862,Walnut Valley Unified,LOS ANGELES    ,11,19
Diamond Creek Elementary,3130234,Roseville City Elementary,PLACER         ,0,0
Diamond Elementary,6030233,Santa Ana Unified,ORANGE         ,0,0
Diamond Point Elementary,6021828,Pomona Unified,LOS ANGELES    ,0,0
Diamond Ranch High,1995901,Pomona Unified,LOS ANGELES    ,0,19
Diamond Technology Institute,4430245,Pajaro Valley Unified,SANTA CRUZ     ,0,0
Diamond Valley Elementary,6002794,Alpine County Unified,ALPINE         ,0,0
Diamond Valley Middle,102780,Hemet Unified,RIVERSIDE      ,0,0
Diamond View Middle,6010813,Susanville Elementary,LASSEN         ,0,0
Diane S. Leichman Career Preparatory and Transitio,1931633,Los Angeles Unified,LOS ANGELES    ,0,0
Dickens (Billy Joe) High (Continuation),5032669,Hughson Unified,STANISLAUS     ,0,0
Dickison Elementary,6012256,Compton Unified,LOS ANGELES    ,0,0
Dickson Elementary,6098347,Chino Valley Unified,SAN BERNARDINO ,0,0
Diego Hills Central Public Charter,136614,Dehesa Elementary,SAN DIEGO      ,0,0
Diego Rivera Learning Complex Green Design STEAM A,124503,Los Angeles Unified,LOS ANGELES    ,0,9
Diego Valley East Public Charter,137109,Julian Union Elementary,SAN DIEGO      ,0,0
Diegueno Middle,6104749,San Dieguito Union High,SAN DIEGO      ,0,0
Dimensions Collaborative,137752,San Diego County Office of Education,SAN DIEGO      ,0,0
Dingeman Elementary,6112726,San Diego Unified,SAN DIEGO      ,0,0
Dingle Elementary,6056469,Woodland Joint Unified,YOLO           ,0,0
Dinuba High,5431184,Dinuba Unified,TULARE         ,0,10
Discovery,124099,Lancaster Elementary,LOS ANGELES    ,0,0
Discovery Bay Elementary,6101943,Byron Union Elementary,CONTRA COSTA   ,0,0
Discovery Charter,111880,Santa Clara County Office of Education,SANTA CLARA    ,0,0
Discovery Charter,6111322,Chula Vista Elementary,SAN DIEGO      ,0,0
Discovery Charter,6118665,Tracy Joint Unified,SAN JOAQUIN    ,0,0
Discovery Charter II,127969,Santa Clara County Office of Education,SANTA CLARA    ,0,0
Discovery Charter Preparatory School #2,115253,Los Angeles Unified,LOS ANGELES    ,0,3
Discovery Elementary,6109987,Fruitvale Elementary,KERN           ,0,0
Discovery High,3430626,Natomas Unified,SACRAMENTO     ,0,0
Discovery High,4730024,Yreka Union High,SISKIYOU       ,0,0
Discovery School of the Arts,6117766,Victor Elementary,SAN BERNARDINO ,0,0
District Office,0,Colton Joint Unified,SAN BERNARDINO ,0,1
District Office,0,Corona-Norco Unified,RIVERSIDE      ,0,0
District Office,0,East Whittier City Elementary,LOS ANGELES    ,0,0
District Office,0,Greenfield Union Elementary,MONTEREY       ,0,0
District Office,0,Long Beach Unified,LOS ANGELES    ,0,0
District Office,0,Manzanita Elementary,BUTTE          ,0,0
District Office,0,Marysville Joint Unified,YUBA           ,0,0
District Office,0,Mt. Diablo Unified,CONTRA COSTA   ,0,4
District Office,0,Newhall,LOS ANGELES    ,0,0
District Office,0,Pleasanton Unified,ALAMEDA        ,0,0
District Office,0,Poway Unified,SAN DIEGO      ,0,0
District Office,0,Redlands Unified,SAN BERNARDINO ,0,0
District Office,0,Sacramento City Unified,SACRAMENTO     ,0,0
District Office,0,San Juan Unified,SACRAMENTO     ,0,0
District Office,0,San Ramon Valley Unified,CONTRA COSTA   ,0,0
District Office,0,Sanger Unified,FRESNO         ,0,0
District Office,0,Sweetwater Union High,SAN DIEGO      ,0,0
District Office,0,Temple City Unified,LOS ANGELES    ,0,0
District Special Education,6104368,Stockton Unified,SAN JOAQUIN    ,0,0
Divide High,930099,Black Oak Mine Unified,EL DORADO      ,0,0
Divisadero Middle,6054555,Visalia Unified,TULARE         ,0,0
Dixie Canyon Community Charter,6016778,Los Angeles Unified,LOS ANGELES    ,0,0
Dixie Elementary,6024160,Dixie Elementary,MARIN          ,0,0
Dixieland Elementary,6023949,Madera Unified,MADERA         ,0,0
Dixon Community Day,102012,Dixon Unified,SOLANO         ,0,0
Dixon High,4832259,Dixon Unified,SOLANO         ,0,11
Dixon Montessori Charter,122267,Dixon Unified,SOLANO         ,0,0
Dobbins Elementary,6056675,Marysville Joint Unified,YUBA           ,0,0
Dogwood Elementary,135657,Heber Elementary,IMPERIAL       ,0,0
Dolores Huerta Elementary,100610,Lennox,LOS ANGELES    ,0,0
Dolores Huerta Elementary,6118871,Stockton Unified,SAN JOAQUIN    ,0,0
Dolores Huerta International Academy,133371,Fontana Unified,SAN BERNARDINO ,0,0
Dolores S. Whitley Elementary,136713,Panama-Buena Vista Union,KERN           ,0,0
Dolores Street Elementary,6016786,Los Angeles Unified,LOS ANGELES    ,0,0
Dominguez Elementary,6016794,Los Angeles Unified,LOS ANGELES    ,0,0
Dominguez High,1932326,Compton Unified,LOS ANGELES    ,0,12
Don Antonio Lugo High,3630035,Chino Valley Unified,SAN BERNARDINO ,0,17
Don Benito Fundamental,6021554,Pasadena Unified,LOS ANGELES    ,0,0
Don Callejon,110700,Santa Clara Unified,SANTA CLARA    ,0,0
Don Juan Avila Elementary,6117634,Capistrano Unified,ORANGE         ,0,0
Don Juan Avila Middle,6117642,Capistrano Unified,ORANGE         ,0,0
Don Julian Elementary,6011530,Bassett Unified,LOS ANGELES    ,0,0
Don Pedro Elementary,6052443,Ceres Unified,STANISLAUS     ,0,0
Don Pedro High,5530084,Big Oak Flat-Groveland Unified,TUOLUMNE       ,0,0
Don Riggio,6105738,Lincoln Unified,SAN JOAQUIN    ,0,0
Don Stowell Elementary,6115729,Merced City Elementary,MERCED         ,0,0
Dona Merced Elementary,6099204,Central Elementary,SAN BERNARDINO ,0,0
Donald D. Lum Elementary,6090005,Alameda Unified,ALAMEDA        ,0,0
Donald E. Suburu,6115042,Lakeside Union,KERN           ,0,0
Donald F. Bradach Elementary,6115117,Adelanto Elementary,SAN BERNARDINO ,0,0
Donald Graham Elementary,6111090,Lake Elsinore Unified,RIVERSIDE      ,0,0
Donald J. Meyer Elementary,6046155,Alum Rock Union Elementary,SANTA CLARA    ,0,0
Donald L. Rheem Elementary,6003917,Moraga Elementary,CONTRA COSTA   ,0,0
Donald S. Jordan Intermediate,6028302,Garden Grove Unified,ORANGE         ,0,0
Donaldson Way Elementary,6026827,Napa Valley Unified,NAPA           ,0,0
Donlon Elementary,6001366,Pleasanton Unified,ALAMEDA        ,0,0
Donn B. Chenoweth Elementary,6025613,Merced City Elementary,MERCED         ,0,0
Donner Trail Elementary,6031298,Tahoe-Truckee Unified,PLACER         ,0,0
Dool Elementary,6008346,Calexico Unified,IMPERIAL       ,0,0
Dooley Elementary,114603,Long Beach Unified,LOS ANGELES    ,0,0
Dorothy Grant Elementary,102517,Fontana Unified,SAN BERNARDINO ,0,0
Dorothy McElhinney Middle,117408,Murrieta Valley Unified,RIVERSIDE      ,0,0
Dorothy V. Johnson Community Day,120808,Los Angeles Unified,LOS ANGELES    ,0,0
Dorris Place Elementary,6016802,Los Angeles Unified,LOS ANGELES    ,0,0
Dos Caminos,124156,Palmdale Elementary,LOS ANGELES    ,0,0
Dos Caminos Elementary,6055404,Pleasant Valley,VENTURA        ,0,0
Dos Palos Elementary,6025431,Dos Palos Oro Loma Joint Unified,MERCED         ,0,0
Dos Palos High,2431203,Dos Palos Oro Loma Joint Unified,MERCED         ,0,6
Dos Pueblos Senior High,4231726,Santa Barbara Unified,SANTA BARBARA  ,12,18
Doty (Wendy Lopour) Middle,6057616,Downey Unified,LOS ANGELES    ,0,0
Dougherty Valley High,113118,San Ramon Valley Unified,CONTRA COSTA   ,0,24
Douglas City Elementary,6053722,Douglas City Elementary,TRINITY        ,0,0
Douglas J. Miller Elementary,119099,Panama-Buena Vista Union,KERN           ,0,0
Douglas MacArthur Fundamental Intermediate,6102826,Santa Ana Unified,ORANGE         ,0,0
Douglass Middle,6071278,Woodland Joint Unified,YOLO           ,0,0
Dove Hill Elementary,6107593,Evergreen Elementary,SANTA CLARA    ,0,0
Dover Academy for International Studies,133595,Fairfield-Suisun Unified,SOLANO         ,0,0
Dover Elementary,6004691,West Contra Costa Unified,CONTRA COSTA   ,0,0
Dow's Prairie Elementary,6008056,McKinleyville Union Elementary,HUMBOLDT       ,0,0
Downey High,1932441,Downey Unified,LOS ANGELES    ,0,21
Downieville Elementary,6050611,Sierra-Plumas Joint Unified,SIERRA         ,0,0
Downieville Junior-Senior High,4632303,Sierra-Plumas Joint Unified,SIERRA         ,0,1
Downtown Business High,1932888,Los Angeles Unified,LOS ANGELES    ,8,19
Downtown Charter Academy,129635,Oakland Unified,ALAMEDA        ,0,0
Downtown College Prep - Alum Rock,123257,Santa Clara County Office of Education,SANTA CLARA    ,0,2
Downtown College Preparatory,4330585,San Jose Unified,SANTA CLARA    ,0,5
Downtown College Preparatory Middle,129718,San Jose Unified,SANTA CLARA    ,0,0
Downtown Elementary,6114284,Bakersfield City,KERN           ,0,0
Downtown High,3830064,San Francisco Unified,SAN FRANCISCO  ,0,0
Downtown Value,6119903,Los Angeles Unified,LOS ANGELES    ,0,0
Doyle Elementary,6099055,San Diego Unified,SAN DIEGO      ,0,0
Dozier-Libbey Medical High,117218,Antioch Unified,CONTRA COSTA   ,0,8
Dr Bob Forinash Community Day,132738,Lompoc Unified,SANTA BARBARA  ,0,0
Dr. Albert Schweitzer,6029110,Magnolia Elementary,ORANGE         ,0,0
Dr. Augustine Ramirez Intermediate,123828,Corona-Norco Unified,RIVERSIDE      ,0,0
Dr. Bernice Jameson Todd Academy,113647,Corona-Norco Unified,RIVERSIDE      ,0,0
Dr. Doug Sears Learning Center,1995745,Temple City Unified,LOS ANGELES    ,0,0
Dr. Douglas K. Fletcher Elementary,129171,Bakersfield City,KERN           ,0,0
Dr. J. Michael McGrath Elementary,100644,Newhall,LOS ANGELES    ,0,0
Dr. James Edward Jones Primary Center,117028,Los Angeles Unified,LOS ANGELES    ,0,0
Dr. Julian Nava Learning Academy,124453,Los Angeles Unified,LOS ANGELES    ,0,0
Dr. Juliet Thorner Elementary,6109078,Bakersfield City,KERN           ,0,0
"Dr. Lawrence H. Moore Math, Science, Technology Ac",126433,Los Angeles Unified,LOS ANGELES    ,0,0
Dr. Lewis Dolphin Stallworth Sr. Charter,117853,Stockton Unified,SAN JOAQUIN    ,0,0
"Dr. Martin Luther King, Jr. Academy",6120273,Alisal Union,MONTEREY       ,0,0
Dr. Maya Angelou Community High,124479,Los Angeles Unified,LOS ANGELES    ,0,10
Dr. Mildred Dalton Henry Elementary,127324,San Bernardino City Unified,SAN BERNARDINO ,0,0
Dr. Owen Lloyd Knox Elementary,122143,Los Angeles Unified,LOS ANGELES    ,0,0
Dr. Peter Marshall,6029177,Magnolia Elementary,ORANGE         ,0,0
Dr. Reynaldo J. Carreon Jr. Academy,100164,Desert Sands Unified,RIVERSIDE      ,0,0
Dr. Richard A. Vladovic Harbor Teacher Preparation,102921,Los Angeles Unified,LOS ANGELES    ,0,10
Dr. Sammy Lee Medical and Health Science Magnet El,128710,Los Angeles Unified,LOS ANGELES    ,0,0
Dr. TJ Owens Gilroy Early College Academy,114496,Gilroy Unified,SANTA CLARA    ,0,5
Dr. Theodore T. Alexander Jr. Science Center,102491,Los Angeles Unified,LOS ANGELES    ,0,0
Dr. Walter C. Ralston Intermediate,6028534,Garden Grove Unified,ORANGE         ,0,0
Drew (Charles) College Preparatory Academy,6104673,San Francisco Unified,SAN FRANCISCO  ,0,0
Driffill Elementary,6055271,Oxnard,VENTURA        ,0,0
Dry Creek Elementary,6033484,Twin Rivers Unified,SACRAMENTO     ,0,0
Dual Language Academy of the Monterey Peninsula,129239,Monterey Peninsula Unified,MONTEREY       ,0,0
Duarte High,1932482,Duarte Unified,LOS ANGELES    ,0,10
Dublin Elementary,6001374,Dublin Unified,ALAMEDA        ,0,0
Dublin High,132704,Dublin Unified,ALAMEDA        ,0,20
Dublin Unified Transition Program,138164,Dublin Unified,ALAMEDA        ,0,0
Ducor Union Elementary,6054019,Ducor Union Elementary,TULARE         ,0,0
Duff Language Magnet Academy,138172,Garvey Elementary,LOS ANGELES    ,0,0
Dunbar Elementary,6052252,Sonoma Valley Unified,SONOMA         ,0,0
Duncan-Russell Continuation,3937976,Tracy Joint Unified,SAN JOAQUIN    ,0,0
Dunham Charter,122440,Dunham Elementary,SONOMA         ,0,0
Dunham Elementary,6051700,Dunham Elementary,SONOMA         ,0,0
Dunlap Elementary,6006753,Kings Canyon Joint Unified,FRESNO         ,0,0
Dunlap Elementary,6037410,Yucaipa-Calimesa Joint Unified,SAN BERNARDINO ,0,0
Dunlap Leadership Academy,116640,Kings Canyon Joint Unified,FRESNO         ,0,0
Dunn Elementary,6036636,Rialto Unified,SAN BERNARDINO ,0,0
Dunsmore Elementary,6013643,Glendale Unified,LOS ANGELES    ,0,0
Dunsmuir Elementary,6050710,Dunsmuir Elementary,SISKIYOU       ,0,0
Dunsmuir High,4732707,Dunsmuir Joint Union High,SISKIYOU       ,0,0
Durfee Elementary,6013171,El Monte City,LOS ANGELES    ,0,0
Durfee Elementary,6013312,El Rancho Unified,LOS ANGELES    ,0,0
Durham Elementary,6003115,Durham Unified,BUTTE          ,0,0
Durham High,433201,Durham Unified,BUTTE          ,0,0
Durham Intermediate,6105761,Durham Unified,BUTTE          ,0,0
Duveneck Elementary,6048292,Palo Alto Unified,SANTA CLARA    ,0,0
Dwight D. Eisenhower Elementary,105791,Corona-Norco Unified,RIVERSIDE      ,0,0
Dyer Street Elementary,6016828,Los Angeles Unified,LOS ANGELES    ,0,0
Dyer-Kelly Elementary,6034524,San Juan Unified,SACRAMENTO     ,0,0
E. A. Hall Middle,6049688,Pajaro Valley Unified,SANTA CRUZ     ,0,0
E. G. Garrison Elementary,6069108,Oceanside Unified,SAN DIEGO      ,0,0
E. Hale Curran Elementary,6107858,Murrieta Valley Unified,RIVERSIDE      ,0,0
E. J. Marshall Elementary,6035513,Chino Valley Unified,SAN BERNARDINO ,0,0
E. L. Musick Elementary,6001457,Newark Unified,ALAMEDA        ,0,0
E. M. Grimmer Elementary,6000590,Fremont Unified,ALAMEDA        ,0,0
E. Neal Roberts Elementary,6109714,San Bernardino City Unified,SAN BERNARDINO ,0,0
E. O. Green Junior High,6055040,Hueneme Elementary,VENTURA        ,0,0
E. P. Foster Elementary,6056063,Ventura Unified,VENTURA        ,0,0
E. Ruth Sheldon Academy of Innovative Learning,6051148,Fairfield-Suisun Unified,SOLANO         ,0,0
EDUHSD Virtual Academy at Shenandoah,930214,El Dorado Union High,EL DORADO      ,0,1
EJE Elementary Academy Charter,108563,Cajon Valley Union,SAN DIEGO      ,0,0
EJE Middle Academy,119255,Cajon Valley Union,SAN DIEGO      ,0,0
EPIC Charter (Excellence Performance Innovation Ci,134239,Orange County Department of Education,ORANGE         ,2,1
EPIC de Cesar Chavez,130823,Nevada County Office of Education,NEVADA         ,0,0
EV Cain Middle,6031033,Auburn Union Elementary,PLACER         ,1,0
Eagle Canyon Elementary,6106629,Chino Valley Unified,SAN BERNARDINO ,0,0
Eagle Canyon High,4030128,Templeton Unified,SAN LUIS OBISPO,0,0
Eagle Mountain Elementary,6031900,Desert Center Unified,RIVERSIDE      ,0,0
Eagle Peak Middle,6114581,Ukiah Unified,MENDOCINO      ,0,0
Eagle Peak Montessori,6118087,Mt. Diablo Unified,CONTRA COSTA   ,0,0
Eagle Prairie Elementary,6008114,Rio Dell Elementary,HUMBOLDT       ,0,0
Eagle Ranch Elementary,6109409,Adelanto Elementary,SAN BERNARDINO ,0,0
Eagle Rock Elementary,6016836,Los Angeles Unified,LOS ANGELES    ,0,0
Eagle Rock High,1932540,Los Angeles Unified,LOS ANGELES    ,10,19
Eagle Summit Community Day,3631108,Snowline Joint Unified,SAN BERNARDINO ,0,0
Eagle Tree Continuation,1932318,Los Angeles Unified,LOS ANGELES    ,0,0
Earl E. Edmondson Elementary,6020952,Norwalk-La Mirada Unified,LOS ANGELES    ,0,0
Earl F. Johnson High (Continuation),1634245,Hanford Joint Union High,KINGS          ,0,0
Earl Legette Elementary,6034672,San Juan Unified,SACRAMENTO     ,0,0
Earl Warren Elementary,113100,Lake Elsinore Unified,RIVERSIDE      ,0,0
Earl Warren Elementary,6033906,Sacramento City Unified,SACRAMENTO     ,0,0
Earl Warren Junior High,6112262,Panama-Buena Vista Union,KERN           ,0,0
Earl Warren Middle,6061998,San Dieguito Union High,SAN DIEGO      ,0,0
Earle E. Williams Middle,6109003,Tracy Joint Unified,SAN JOAQUIN    ,0,0
Earle Jamieson Educational Options,116681,Nevada County Office of Education,NEVADA         ,0,0
Earlimart Community Day,101303,Earlimart Elementary,TULARE         ,0,0
Earlimart Elementary,6054027,Earlimart Elementary,TULARE         ,0,0
Earlimart Middle,6054035,Earlimart Elementary,TULARE         ,0,0
Early Childhood Education Center - Carver Campus,133165,Garden Grove Unified,ORANGE         ,0,0
Early College Academy-LA Trade Tech College,127803,Los Angeles Unified,LOS ANGELES    ,0,0
Early College High,111666,Newport-Mesa Unified,ORANGE         ,0,0
Early Learning Program,119644,El Rancho Unified,LOS ANGELES    ,0,0
East Avenue Elementary,6000921,Hayward Unified,ALAMEDA        ,0,0
East Avenue Middle,6001242,Livermore Valley Joint Unified,ALAMEDA        ,0,0
East Bakersfield High,1532290,Kern High,KERN           ,0,7
East Bay Arts High,111799,San Lorenzo Unified,ALAMEDA        ,0,1
East Bay Innovation Academy,129932,Oakland Unified,ALAMEDA        ,0,7
East County Elementary Special Education,107342,Contra Costa County Office of Education,CONTRA COSTA   ,0,0
East Heritage Elementary,6112130,Etiwanda Elementary,SAN BERNARDINO ,0,0
East High (Continuation),1233352,Fortuna Union High,HUMBOLDT       ,0,0
East Hills Academy,115873,Sweetwater Union High,SAN DIEGO      ,0,0
East Lake,6010623,Konocti Unified,LAKE           ,0,0
East Los Angeles Renaissance Academy at Esteban E.,122374,Los Angeles Unified,LOS ANGELES    ,0,5
East Nicolaus High,5132758,East Nicolaus Joint Union High,SUTTER         ,0,4
East Oakland Pride Elementary,115600,Oakland Unified,ALAMEDA        ,0,0
East Palo Alto Academy,126722,Sequoia Union High,SAN MATEO      ,0,1
East Stanislaus High,5031950,Oakdale Joint Unified,STANISLAUS     ,0,0
East Union High,3932001,Manteca Unified,SAN JOAQUIN    ,0,8
East Valley Senior High,112037,Los Angeles Unified,LOS ANGELES    ,0,2
East Village High,118315,San Diego Unified,SAN DIEGO      ,0,0
East Whittier Middle,6012991,East Whittier City Elementary,LOS ANGELES    ,0,0
EastLake Elementary,6108492,Chula Vista Elementary,SAN DIEGO      ,0,0
Eastbluff Elementary,6068399,Newport-Mesa Unified,ORANGE         ,0,0
Easterbrook Discovery,6047765,Moreland,SANTA CLARA    ,0,0
Easterby Elementary,6006191,Fresno Unified,FRESNO         ,0,0
Eastin Arcola,129544,Madera Unified,MADERA         ,0,0
Eastlake High,3730843,Sweetwater Union High,SAN DIEGO      ,0,20
Eastlake Middle,6120968,Sweetwater Union High,SAN DIEGO      ,0,0
Eastman Avenue Elementary,6016844,Los Angeles Unified,LOS ANGELES    ,0,0
Eastmont Intermediate,6058416,Montebello Unified,LOS ANGELES    ,0,0
Easton Community Day,108993,Washington Unified,FRESNO         ,0,0
Easton Continuation High,1038298,Washington Unified,FRESNO         ,0,0
Eastshore Elementary,6100317,Irvine Unified,ORANGE         ,0,0
Eastside Academy/Transitional Learning Center,122929,Eastside Union Elementary,LOS ANGELES    ,0,0
Eastside Elementary,6012967,Eastside Union Elementary,LOS ANGELES    ,0,0
Eastside High,108407,Antelope Valley Union High,LOS ANGELES    ,0,15
Eastvale Elementary,110643,Corona-Norco Unified,RIVERSIDE      ,0,0
Eastwood Elementary,6020903,Norwalk-La Mirada Unified,LOS ANGELES    ,0,0
Eastwood Elementary,6030761,Westminster,ORANGE         ,0,0
Eaton Elementary,6068704,Fresno Unified,FRESNO         ,0,0
Echo Valley Elementary,6026405,North Monterey County Unified,MONTEREY       ,0,0
Ed Donaldson Education Center,1730043,Kelseyville Unified,LAKE           ,0,0
Eden Gardens Elementary,6090583,Hayward Unified,ALAMEDA        ,0,0
Edendale Middle,6002562,San Lorenzo Unified,ALAMEDA        ,0,0
Edenvale Elementary,6048128,Oak Grove Elementary,SANTA CLARA    ,0,0
Edgemont Elementary,6032304,Moreno Valley Unified,RIVERSIDE      ,0,0
Edgewater Elementary,119362,Marysville Joint Unified,YUBA           ,0,0
Edgewood Academy,6057483,Bassett Unified,LOS ANGELES    ,0,0
Edgewood High,122432,West Covina Unified,LOS ANGELES    ,14,0
Edgewood Middle,6107296,West Covina Unified,LOS ANGELES    ,1,0
Edison (Thomas) Elementary,6027429,Anaheim Elementary,ORANGE         ,0,0
Edison Computech,6103840,Fresno Unified,FRESNO         ,0,0
Edison Elementary,6022545,Santa Monica-Malibu Unified,LOS ANGELES    ,0,0
Edison Elementary,6023063,Torrance Unified,LOS ANGELES    ,0,0
Edison High,1031897,Fresno Unified,FRESNO         ,0,19
Edison High,3031895,Huntington Beach Union High,ORANGE         ,0,4
Edison High,3932100,Stockton Unified,SAN JOAQUIN    ,0,2
Edison Middle,6009435,Edison Elementary,KERN           ,0,0
Edison-Bethune Charter Academy,6085112,Fresno County Office of Education,FRESNO         ,0,0
Edith B. Storey Elementary,6111249,Fresno Unified,FRESNO         ,0,0
Edith Landels Elementary,6047963,Mountain View Whisman,SANTA CLARA    ,0,0
Edna Batey Elementary,101790,Elk Grove Unified,SACRAMENTO     ,0,0
Edna Beaman Elementary,6025928,Eastern Sierra Unified,MONO           ,0,0
Edna Brewer Middle,6057061,Oakland Unified,ALAMEDA        ,0,0
Edna Hill Middle,6003651,Brentwood Union Elementary,CONTRA COSTA   ,0,0
Edna Maguire Elementary,6024418,Mill Valley Elementary,MARIN          ,0,0
Ednovate - Brio College Prep,135723,Los Angeles Unified,LOS ANGELES    ,0,1
Ednovate - East College Prep,132282,Los Angeles Unified,LOS ANGELES    ,0,7
Ednovate - Esperanza College Prep,135715,Los Angeles Unified,LOS ANGELES    ,0,1
Ednovate - Legacy College Prep.,133983,Orange County Department of Education,ORANGE         ,0,4
Ednovate - USC Hybrid High College Prep,125864,Los Angeles Unified,LOS ANGELES    ,0,9
Educational Partnership High,1995570,Long Beach Unified,LOS ANGELES    ,0,0
Educational Training Center,3630266,Needles Unified,SAN BERNARDINO ,0,0
Edward B. Cole Academy,101626,Santa Ana Unified,ORANGE         ,0,0
Edward C. Merlo Institute of Environmental Studies,115402,Stockton Unified,SAN JOAQUIN    ,0,4
Edward Fitzgerald Elementary,6111728,Rialto Unified,SAN BERNARDINO ,0,0
"Edward Harris, Jr. Middle",105924,Elk Grove Unified,SACRAMENTO     ,0,0
Edward J. Richardson Middle,6023196,Torrance Unified,LOS ANGELES    ,0,0
Edward Kemble Elementary,6033914,Sacramento City Unified,SACRAMENTO     ,0,0
Edward M. Downer Elementary,6057210,West Contra Costa Unified,CONTRA COSTA   ,0,0
Edward R. Roybal Learning Center,117051,Los Angeles Unified,LOS ANGELES    ,0,16
Edward Russell Elementary,6028336,Garden Grove Unified,ORANGE         ,0,0
Edwin Markham Elementary,6051296,Vacaville Unified,SOLANO         ,0,0
Edwin Markham Middle,6005649,Placerville Union Elementary,EL DORADO      ,0,0
Edwin Markham Middle,6061527,Los Angeles Unified,LOS ANGELES    ,0,0
Edwin Rhodes Elementary,100578,Chino Valley Unified,SAN BERNARDINO ,0,0
Eel River Charter,2330272,Round Valley Unified,MENDOCINO      ,0,0
Eel River Community,106153,Humboldt County Office of Education,HUMBOLDT       ,0,0
Eisenhower Senior High,3633005,Rialto Unified,SAN BERNARDINO ,0,15
El Cajon Valley High,3731692,Grossmont Union High,SAN DIEGO      ,0,9
El Camino Creek Elementary,6117709,Encinitas Union Elementary,SAN DIEGO      ,0,0
El Camino Elementary,6036230,Ontario-Montclair,SAN BERNARDINO ,0,0
El Camino Fundamental High,3432317,San Juan Unified,SACRAMENTO     ,0,15
El Camino High,3739018,Oceanside Unified,SAN DIEGO      ,0,11
El Camino High,4132551,South San Francisco Unified,SAN MATEO      ,0,9
El Camino High,4930046,Cotati-Rohnert Park Unified,SONOMA         ,0,0
El Camino High,5630298,Ventura Unified,VENTURA        ,0,0
El Camino High (Continuation),1936475,Norwalk-La Mirada Unified,LOS ANGELES    ,0,0
El Camino Junior High,6045991,Santa Maria-Bonita,SANTA BARBARA  ,0,0
El Camino Real Charter High,1932623,Los Angeles Unified,LOS ANGELES    ,0,26
El Camino Real Continuation High,3031945,Placentia-Yorba Linda Unified,ORANGE         ,0,0
El Camino Real Elementary,113027,Arvin Union,KERN           ,0,0
El Capitan Elementary,6025407,Delhi Unified,MERCED         ,0,0
El Capitan High,127373,Merced Union High,MERCED         ,0,11
El Capitan High,3731809,Grossmont Union High,SAN DIEGO      ,0,8
El Capitan Middle,6006936,Central Unified,FRESNO         ,0,0
El Carmelo Elementary,6048235,Palo Alto Unified,SANTA CLARA    ,0,0
El Centro Jr./Sr. High,106278,Sacramento County Office of Education,SACRAMENTO     ,0,0
El Cerrito Elementary,6028948,La Habra City Elementary,ORANGE         ,0,0
El Cerrito High,732941,West Contra Costa Unified,CONTRA COSTA   ,0,11
El Cerrito Middle,100966,Corona-Norco Unified,RIVERSIDE      ,0,0
El Diamante High,5430368,Visalia Unified,TULARE         ,0,13
El Dorado Avenue Elementary,6016851,Los Angeles Unified,LOS ANGELES    ,0,0
El Dorado Elementary,6014682,Lancaster Elementary,LOS ANGELES    ,0,0
El Dorado High,932756,El Dorado Union High,EL DORADO      ,0,7
El Dorado High,3031929,Placentia-Yorba Linda Unified,ORANGE         ,0,15
El Dorado Middle,6004030,Mt. Diablo Unified,CONTRA COSTA   ,0,0
El Gabilan Elementary,6026520,Salinas City Elementary,MONTEREY       ,0,0
El Granada Elementary,6043624,Cabrillo Unified,SAN MATEO      ,0,0
El Marino Elementary,6012678,Culver City Unified,LOS ANGELES    ,0,0
El Mirage,125880,Adelanto Elementary,SAN BERNARDINO ,0,0
El Modena High,3031952,Orange Unified,ORANGE         ,0,24
El Molino High,4931507,West Sonoma County Union High,SONOMA         ,0,11
El Monte Elementary,6004048,Mt. Diablo Unified,CONTRA COSTA   ,0,0
El Monte High,1932664,El Monte Union High,LOS ANGELES    ,0,16
El Monte Middle,6118111,Cutler-Orosi Joint Unified,TULARE         ,0,0
El Monte Union High School Community Day,1996123,El Monte Union High,LOS ANGELES    ,0,0
El Morro Elementary,6028906,Laguna Beach Unified,ORANGE         ,0,0
El Nido Elementary,6025456,El Nido Elementary,MERCED         ,0,0
El Oro Way Charter For Enriched Studies,6016869,Los Angeles Unified,LOS ANGELES    ,0,0
El Portal Elementary,6020127,Lowell Joint,LOS ANGELES    ,0,0
El Portal Middle,6070957,Escalon Unified,SAN JOAQUIN    ,0,0
El Potrero Pre-School,116251,Val Verde Unified,RIVERSIDE      ,0,0
El Puente,124610,Salinas Union High,MONTEREY       ,0,0
El Puente High,1030147,Firebaugh-Las Deltas Unified,FRESNO         ,0,0
El Rancho Charter,6094874,Orange Unified,ORANGE         ,0,0
El Rancho High,1932706,El Rancho Unified,LOS ANGELES    ,6,13
El Rincon Elementary,6012686,Culver City Unified,LOS ANGELES    ,0,0
El Roble Elementary,6047294,Gilroy Unified,SANTA CLARA    ,0,0
El Roble Intermediate,6057541,Claremont Unified,LOS ANGELES    ,0,0
El Rodeo Elementary,6011753,Beverly Hills Unified,LOS ANGELES    ,0,0
El Sausal Middle,6058762,Salinas Union High,MONTEREY       ,0,0
El Segundo High,1932763,El Segundo Unified,LOS ANGELES    ,0,13
El Segundo Middle,6013452,El Segundo Unified,LOS ANGELES    ,1,0
El Sereno Alternative Education,3430386,San Juan Unified,SACRAMENTO     ,0,1
El Sereno Elementary,6016877,Los Angeles Unified,LOS ANGELES    ,0,0
El Sereno Middle,6068431,Los Angeles Unified,LOS ANGELES    ,0,0
El Sol Santa Ana Science and Arts Academy,6119127,Santa Ana Unified,ORANGE         ,0,0
El Tejon Elementary,6009468,El Tejon Unified,KERN           ,0,0
El Toro Health Science Academy,6109375,Morgan Hill Unified,SANTA CLARA    ,0,0
El Toro High,3030061,Saddleback Valley Unified,ORANGE         ,4,20
El Toyon Elementary,6038749,National Elementary,SAN DIEGO      ,0,0
El Verano Elementary,6052260,Sonoma Valley Unified,SONOMA         ,0,0
El Vista Elementary,6052658,Modesto City Elementary,STANISLAUS     ,0,0
Elbow Creek Elementary,6054563,Visalia Unified,TULARE         ,0,0
Elder Creek Elementary,6033930,Sacramento City Unified,SACRAMENTO     ,0,0
Elderberry Elementary,6036248,Ontario-Montclair,SAN BERNARDINO ,0,0
Eldridge Elementary,6000947,Hayward Unified,ALAMEDA        ,0,0
Eleanor J. Toll Middle,6057723,Glendale Unified,LOS ANGELES    ,0,0
Eleanor Murray Fallon,125930,Dublin Unified,ALAMEDA        ,0,0
Eleanor Roosevelt Community Learning Center,6119291,Tulare County Office of Education,TULARE         ,0,0
Eleanor Roosevelt High,110627,Corona-Norco Unified,RIVERSIDE      ,0,19
Elevate Elementary,129395,San Diego Unified,SAN DIEGO      ,0,0
Elihu Beard Elementary,6052625,Modesto City Elementary,STANISLAUS     ,0,0
Elim Elementary,6025464,Hilmar Unified,MERCED         ,0,0
Elinor Lincoln Hickey Jr./Sr. High,106237,Sacramento County Office of Education,SACRAMENTO     ,0,0
Eliot Elementary,6047302,Gilroy Unified,SANTA CLARA    ,0,0
Elise P. Buckingham Charter Magnet High,4830113,Vacaville Unified,SOLANO         ,0,5
Elite Academic Academy - Adult Work Force Investme,138107,Lucerne Valley Unified,SAN BERNARDINO ,0,0
Elite Academic Academy - Lucerne,136960,Lucerne Valley Unified,SAN BERNARDINO ,0,0
Elite Academic Academy - Mountain Empire,136978,Mountain Empire Unified,SAN DIEGO      ,0,0
Elite Academy,3731486,Grossmont Union High,SAN DIEGO      ,0,0
Elitha Donner Elementary,6112106,Elk Grove Unified,SACRAMENTO     ,0,0
Elizabeth Learning Center,6016885,Los Angeles Unified,LOS ANGELES    ,0,10
Elizabeth Pinkerton Middle,116871,Elk Grove Unified,SACRAMENTO     ,0,0
Elizabeth T. Hughbanks Elementary,6107155,Rialto Unified,SAN BERNARDINO ,0,0
Elizabeth Terronez Middle,6112882,Fresno Unified,FRESNO         ,0,0
Elizabeth Ustach Middle,6111017,Sylvan Union Elementary,STANISLAUS     ,0,0
Elk Creek,106625,Del Norte County Office of Education,DEL NORTE      ,0,0
Elk Creek Elementary,6007546,Stony Creek Joint Unified,GLENN          ,0,0
Elk Creek Junior-Senior High,1132109,Stony Creek Joint Unified,GLENN          ,0,0
Elk Grove Charter,6112254,Elk Grove Unified,SACRAMENTO     ,0,0
Elk Grove Elementary,6033047,Elk Grove Unified,SACRAMENTO     ,0,0
Elk Grove High,3432572,Elk Grove Unified,SACRAMENTO     ,0,17
Elk Hills Elementary,6009450,Elk Hills Elementary,KERN           ,0,0
Elkhorn,6042063,Lodi Unified,SAN JOAQUIN    ,0,0
Elkhorn Elementary,6026413,North Monterey County Unified,MONTEREY       ,0,0
Elkhorn Village Elementary,6056352,Washington Unified,YOLO           ,0,0
Elkins Elementary,6053508,Elkins Elementary,TEHAMA         ,0,0
Ella Barkley High,1130053,Hamilton Unified,GLENN          ,0,0
Ella Elementary,6056683,Marysville Joint Unified,YUBA           ,0,0
Ellen Feickert Elementary,6101844,Elk Grove Unified,SACRAMENTO     ,0,0
Ellen Fletcher Middle,6118707,Palo Alto Unified,SANTA CLARA    ,0,0
Ellen Ochoa Learning Center,6118186,Los Angeles Unified,LOS ANGELES    ,0,0
Ellen Ochoa Prep Academy,133835,El Rancho Unified,LOS ANGELES    ,8,2
Ellerhorst Elementary,6004733,West Contra Costa Unified,CONTRA COSTA   ,0,0
Ellerth E. Larson Elementary,108209,Lodi Unified,SAN JOAQUIN    ,0,0
Ellington (Duke) High (Continuation),1931955,Los Angeles Unified,LOS ANGELES    ,0,0
Elliott (William F) Elementary,6010987,ABC Unified,LOS ANGELES    ,0,0
Elliott Ranch Elementary,6120034,Elk Grove Unified,SACRAMENTO     ,0,0
Ellis Elementary,6049191,Sunnyvale,SANTA CLARA    ,0,0
Ellwood Elementary,6045421,Goleta Union Elementary,SANTA BARBARA  ,0,0
Elm High,122473,Washington Unified,FRESNO         ,0,0
Elm Street Elementary,6070783,Bishop Unified,INYO           ,0,0
Elmer Wood Elementary,6025332,Atwater Elementary,MERCED         ,0,0
Elmhurst Community Prep,112789,Oakland Unified,ALAMEDA        ,0,0
Elmhurst Elementary,6056089,Ventura Unified,VENTURA        ,0,0
Elmwood Elementary,6042550,Stockton Unified,SAN JOAQUIN    ,0,0
Elsa Widenmann Elementary,6071302,Vallejo City Unified,SOLANO         ,0,0
Elsie Allen High,4930160,Santa Rosa High,SONOMA         ,0,9
Elsinore Elementary,6032031,Lake Elsinore Unified,RIVERSIDE      ,0,0
Elsinore High,3332350,Lake Elsinore Unified,RIVERSIDE      ,0,17
Elsinore Middle,6071203,Lake Elsinore Unified,RIVERSIDE      ,0,0
Elverta Elementary,6033138,Elverta Joint Elementary,SACRAMENTO     ,0,0
Elwin Elementary,6011415,Baldwin Park Unified,LOS ANGELES    ,0,0
Elwood J. Keema High,3430634,Twin Rivers Unified,SACRAMENTO     ,0,0
Elysian Heights Elementary,6016893,Los Angeles Unified,LOS ANGELES    ,0,0
Emblem Academy,6022669,Saugus Union,LOS ANGELES    ,0,0
Emelita Academy Charter,6016901,Los Angeles Unified,LOS ANGELES    ,0,0
Emerald Middle,6037626,Cajon Valley Union,SAN DIEGO      ,0,0
Emerson (Ralph Waldo) Elementary,6013593,Garvey Elementary,LOS ANGELES    ,0,0
Emerson Community Charter,6057988,Los Angeles Unified,LOS ANGELES    ,0,0
Emerson Elementary,6032577,Riverside Unified,RIVERSIDE      ,0,0
Emerson Elementary,6090211,Berkeley Unified,ALAMEDA        ,0,0
Emerson Middle,6008916,Bakersfield City,KERN           ,0,0
Emerson Middle,6058507,Pomona Unified,LOS ANGELES    ,0,0
Emerson Parkside Academy,6015283,Long Beach Unified,LOS ANGELES    ,0,0
Emerson/Bandini Elementary,6039507,San Diego Unified,SAN DIEGO      ,0,0
Emery Park Elementary,6011019,Alhambra Unified,LOS ANGELES    ,0,0
Emery Secondary,132746,Emery Unified,ALAMEDA        ,0,4
Emilie J. Ross Middle,6052567,Hughson Unified,STANISLAUS     ,0,0
Emilie Ritchen Elementary,6110738,Oxnard,VENTURA        ,0,0
Emma C. Smith Elementary,6001259,Livermore Valley Joint Unified,ALAMEDA        ,0,0
Emma W. Shuey Elementary,6022164,Rosemead Elementary,LOS ANGELES    ,0,0
Emma Wilson Elementary,6111116,Chico Unified,BUTTE          ,0,0
Emmerton Elementary,6068191,San Bernardino City Unified,SAN BERNARDINO ,0,0
Emmett S. Finley Elementary,6008510,Holtville Unified,IMPERIAL       ,0,0
Emory Elementary,6040489,South Bay Union,SAN DIEGO      ,0,0
Emperor Elementary,6022933,Temple City Unified,LOS ANGELES    ,0,0
Empire Elementary,6052518,Empire Union Elementary,STANISLAUS     ,0,0
Empire Gardens Elementary,6048516,San Jose Unified,SANTA CLARA    ,0,0
Empire Oaks Elementary,6118574,Folsom-Cordova Unified,SACRAMENTO     ,0,0
Empire Springs Charter,128439,Helendale Elementary,SAN BERNARDINO ,0,1
Empower,136176,Cajon Valley Union,SAN DIEGO      ,0,0
Empower Charter,129387,San Diego Unified,SAN DIEGO      ,0,0
Empower Generations,134619,Acton-Agua Dulce Unified,LOS ANGELES    ,0,0
Empowering Possibilities International Charter,132464,Yolo County Office of Education,YOLO           ,0,0
Empresa Elementary,6108708,Vista Unified,SAN DIEGO      ,0,0
EnCompass Academy Elementary,102988,Oakland Unified,ALAMEDA        ,0,0
Enadia Way Technology Charter,117036,Los Angeles Unified,LOS ANGELES    ,0,0
Encanto Elementary,6039515,San Diego Unified,SAN DIEGO      ,0,0
Enchanted Hills Elementary,6120547,Perris Elementary,RIVERSIDE      ,0,0
Encina Preparatory High,3432838,San Juan Unified,SACRAMENTO     ,0,7
Encinal Elementary,6044135,Menlo Park City Elementary,SAN MATEO      ,0,0
Encinal Elementary,6053268,Live Oak Unified,SUTTER         ,0,0
Encinal Junior/Senior High,132142,Alameda Unified,ALAMEDA        ,0,13
Encinita Elementary,6022172,Rosemead Elementary,LOS ANGELES    ,0,0
Encino Charter Elementary,6016935,Los Angeles Unified,LOS ANGELES    ,0,0
Encore High School for the Arts - Riverside,132498,Riverside Unified,RIVERSIDE      ,0,1
Encore Jr./Sr. High School for the Performing and ,116707,Hesperia Unified,SAN BERNARDINO ,0,1
Endeavor Alternative,5030168,Ceres Unified,STANISLAUS     ,0,0
Endeavor College Preparatory Charter,120014,Los Angeles Unified,LOS ANGELES    ,0,0
Endeavour Elementary,6112791,Fruitvale Elementary,KERN           ,0,0
Endeavour Middle,106070,Lancaster Elementary,LOS ANGELES    ,0,0
Endeavour School of Exploration,108449,Victor Elementary,SAN BERNARDINO ,0,0
Enders Elementary,6028500,Garden Grove Unified,ORANGE         ,0,0
Engineering and Technology Academy at Esteban E. T,122382,Los Angeles Unified,LOS ANGELES    ,0,7
Enrique Camarena Jr. High,112318,Calexico Unified,IMPERIAL       ,0,0
Enslen Elementary,6052666,Modesto City Elementary,STANISLAUS     ,0,0
Enterprise Alternative,1030469,Clovis Unified,FRESNO         ,0,0
Enterprise Elementary,129197,Eastside Union Elementary,LOS ANGELES    ,0,0
Enterprise High,1033422,Kerman Unified,FRESNO         ,0,0
Enterprise High,4532750,Shasta Union High,SHASTA         ,0,14
Enterprise Middle,6057566,Compton Unified,LOS ANGELES    ,0,0
Entrepreneur High,136952,San Bernardino City Unified,SAN BERNARDINO ,0,0
Environmental Academy of Research Technology and E,119396,Conejo Valley Unified,VENTURA        ,0,0
Environmental Charter High,1996438,Lawndale Elementary,LOS ANGELES    ,0,6
Environmental Charter Middle,121772,Los Angeles County Office of Education,LOS ANGELES    ,0,0
Environmental Charter Middle - Inglewood,127498,Los Angeles County Office of Education,LOS ANGELES    ,0,0
Envision Academy for Arts & Technology,112607,Alameda County Office of Education,ALAMEDA        ,0,3
Epic Charter,129403,Oakland Unified,ALAMEDA        ,0,0
Epiphany Prep Charter,133991,Escondido Union,SAN DIEGO      ,0,0
Equitas Academy #2,126169,Los Angeles Unified,LOS ANGELES    ,0,0
Equitas Academy #3 Charter,129650,Los Angeles Unified,LOS ANGELES    ,0,0
Equitas Academy 4,133686,Los Angeles Unified,LOS ANGELES    ,0,0
Equitas Academy Charter,119982,Los Angeles Unified,LOS ANGELES    ,0,0
Eric Birch High (Continuation),3630019,Fontana Unified,SAN BERNARDINO ,0,0
Eric White Elementary,6007256,Selma Unified,FRESNO         ,0,0
Ericson Elementary,6006217,Fresno Unified,FRESNO         ,0,0
Ericson Elementary,6089015,San Diego Unified,SAN DIEGO      ,0,0
Erle Stanley Gardner Middle,101105,Temecula Valley Unified,RIVERSIDE      ,0,0
Erma B. Reese Elementary,6042071,Lodi Unified,SAN JOAQUIN    ,0,0
Erma Duncan Polytechnical High,1030295,Fresno Unified,FRESNO         ,0,10
Ernest Garcia Elementary,6111736,Rialto Unified,SAN BERNARDINO ,0,0
Ernest Kimme Charter Academy for Independent Learn,135095,Vacaville Unified,SOLANO         ,0,0
Ernest Lawrence Middle,6058093,Los Angeles Unified,LOS ANGELES    ,0,0
Ernest O. Lawrence Elementary,6028344,Garden Grove Unified,ORANGE         ,0,0
Ernest P. Willenberg Special Education Center,6060503,Los Angeles Unified,LOS ANGELES    ,0,0
Ernest R. Geddes Elementary,6011431,Baldwin Park Unified,LOS ANGELES    ,0,0
Ernest Righetti High,4234613,Santa Maria Joint Union High,SANTA BARBARA  ,0,12
"Ernest S. McBride, Sr. High",127381,Long Beach Unified,LOS ANGELES    ,0,16
Ernesto Galarza Elementary,6119010,San Jose Unified,SANTA CLARA    ,0,0
Ernie Pyle Elementary,6011621,Bellflower Unified,LOS ANGELES    ,0,0
Erwin Elementary,6016943,Los Angeles Unified,LOS ANGELES    ,0,0
Escalon Charter Academy,126011,Escalon Unified,SAN JOAQUIN    ,0,0
Escalon High,3932308,Escalon Unified,SAN JOAQUIN    ,0,11
Escalona Elementary,6020929,Norwalk-La Mirada Unified,LOS ANGELES    ,0,0
Escondido Charter High,3731023,Escondido Union High,SAN DIEGO      ,0,4
Escondido Elementary,6048250,Palo Alto Unified,SANTA CLARA    ,0,0
Escondido High,3732062,Escondido Union High,SAN DIEGO      ,0,16
Escuela Popular Accelerated Family Learning,4330726,East Side Union High,SANTA CLARA    ,0,0
"Escuela Popular/Center for Training and Careers, F",107151,East Side Union High,SANTA CLARA    ,0,0
Esencia,136762,Capistrano Unified,ORANGE         ,0,0
Eshelman Avenue Elementary,6016950,Los Angeles Unified,LOS ANGELES    ,0,0
Esparto Elementary,6056311,Esparto Unified,YOLO           ,0,0
Esparto High,5732904,Esparto Unified,YOLO           ,0,4
Esparto Middle,129726,Esparto Unified,YOLO           ,0,0
Esperanza Education Center,6089510,Saddleback Valley Unified,ORANGE         ,0,0
Esperanza Elementary,101543,Westside Union Elementary,LOS ANGELES    ,0,0
Esperanza High,3030053,Placentia-Yorba Linda Unified,ORANGE         ,0,23
Esperanza High,5430095,Cutler-Orosi Joint Unified,TULARE         ,0,0
Esperanza High (Continuation),433946,Gridley Unified,BUTTE          ,0,0
Esplanade Elementary,6029771,Orange Unified,ORANGE         ,0,0
Estancia High,3032000,Newport-Mesa Unified,ORANGE         ,0,13
Esteban Torres East LA Performing Arts Magnet,122341,Los Angeles Unified,LOS ANGELES    ,0,8
Esther L. Walter,6029136,Magnolia Elementary,ORANGE         ,0,0
Esther Lindstrom Elementary,6011639,Bellflower Unified,LOS ANGELES    ,0,0
Estrella Elementary,122119,Los Angeles Unified,LOS ANGELES    ,0,0
Estrellita Continuation High,3432903,Galt Joint Union High,SACRAMENTO     ,0,0
Estudillo Elementary,102715,San Jacinto Unified,RIVERSIDE      ,0,0
Ethan A Chase Middle,114066,Romoland Elementary,RIVERSIDE      ,0,1
Ethan B. Allen Elementary,6028369,Garden Grove Unified,ORANGE         ,0,0
Ethel Dwyer Middle,6028849,Huntington Beach City Elementary,ORANGE         ,0,0
Ethel I. Baker Elementary,6033948,Sacramento City Unified,SACRAMENTO     ,0,0
Ethel Kucera Middle,6111744,Rialto Unified,SAN BERNARDINO ,0,0
Ethel M. Evans Elementary,6028377,Garden Grove Unified,ORANGE         ,0,0
Ethel Phillips Elementary,6033955,Sacramento City Unified,SACRAMENTO     ,0,0
Etiwanda Colony Elementary,102939,Etiwanda Elementary,SAN BERNARDINO ,0,0
Etiwanda High,3630373,Chaffey Joint Union High,SAN BERNARDINO ,0,15
Etiwanda Intermediate,6035778,Etiwanda Elementary,SAN BERNARDINO ,0,0
Etna Elementary,6050728,Scott Valley Unified,SISKIYOU       ,0,0
Etna Union High,4733309,Scott Valley Unified,SISKIYOU       ,0,2
Eucalyptus,6013957,Hawthorne,LOS ANGELES    ,0,0
Eucalyptus Elementary,6035968,Hesperia Unified,SAN BERNARDINO ,0,0
Eucalyptus Hills Elementary,129288,Lakeside Union Elementary,SAN DIEGO      ,0,0
Euclid Avenue Elementary,6016968,Los Angeles Unified,LOS ANGELES    ,0,0
Euclid Elementary,6036255,Ontario-Montclair,SAN BERNARDINO ,0,0
Eugene Padan Elementary,6051320,Vacaville Unified,SOLANO         ,0,0
Eunice Sato Academy of Math & Science,132324,Long Beach Unified,LOS ANGELES    ,0,11
Eureka Community,106161,Humboldt County Office of Education,HUMBOLDT       ,0,0
Eureka Senior High,1232206,Eureka City Schools,HUMBOLDT       ,0,8
Evans Ranch Elementary,110601,Menifee Union Elementary,RIVERSIDE      ,0,0
Evelyn Carr Elementary,6023022,Torrance Unified,LOS ANGELES    ,0,0
Evelyn Hanshaw Middle,6110068,Modesto City Elementary,STANISLAUS     ,0,0
Everest Public High,119503,Sequoia Union High,SAN MATEO      ,0,7
Everest Value,129858,Los Angeles Unified,LOS ANGELES    ,0,0
Everett A. Rea Elementary,6029326,Newport-Mesa Unified,ORANGE         ,0,0
Everett Alvarez High,2730166,Salinas Union High,MONTEREY       ,1,13
Everett Middle,6062038,San Francisco Unified,SAN FRANCISCO  ,0,0
Evergreen Avenue Elementary,6016976,Los Angeles Unified,LOS ANGELES    ,0,0
Evergreen Community Day School (5-8),6114342,Evergreen Union,TEHAMA         ,0,0
Evergreen Community Day School (K-5),114223,Evergreen Union,TEHAMA         ,0,0
Evergreen Continuation,1932342,Los Angeles Unified,LOS ANGELES    ,0,0
Evergreen Elementary,6008874,Bakersfield City,KERN           ,0,0
Evergreen Elementary,6013007,East Whittier City Elementary,LOS ANGELES    ,0,0
Evergreen Elementary,6047138,Evergreen Elementary,SANTA CLARA    ,0,0
Evergreen High,2030104,Yosemite Unified,MADERA         ,0,1
Evergreen Institute of Excellence,132597,Evergreen Union,TEHAMA         ,0,0
Evergreen Middle,6111629,Evergreen Union,TEHAMA         ,0,0
Evergreen Valley High,4330692,East Side Union High,SANTA CLARA    ,0,16
Ewing Elementary,6006225,Fresno Unified,FRESNO         ,0,0
Excel Prep Charter,121343,San Bernardino City Unified,SAN BERNARDINO ,0,0
Excelencia Charter Academy,137554,Los Angeles Unified,LOS ANGELES    ,0,0
Excelsior Charter,3630761,San Bernardino County Office of Education,SAN BERNARDINO ,0,0
Excelsior Charter School Corona-Norco,137869,Riverside County Office of Education,RIVERSIDE      ,0,0
Excelsior Elementary,6116230,Eureka Union,PLACER         ,0,0
Excelsior Middle,6003669,Byron Union Elementary,CONTRA COSTA   ,0,0
Exeter Community Day,5430319,Exeter Unified,TULARE         ,0,0
Exeter Independent Study (Alternative),5430087,Exeter Unified,TULARE         ,0,0
Exeter Union High,5431598,Exeter Unified,TULARE         ,0,9
Extera Public,124198,Los Angeles Unified,LOS ANGELES    ,0,0
Extera Public School No. 2,128132,Los Angeles Unified,LOS ANGELES    ,0,0
Ezekiel Balderas Elementary,6109961,Fresno Unified,FRESNO         ,0,0
Ezequiel Tafoya Alvarado Academy,107938,Madera Unified,MADERA         ,0,0
F. D. Roosevelt Elementary,6014914,Lawndale Elementary,LOS ANGELES    ,0,0
Fair Avenue Elementary,6016984,Los Angeles Unified,LOS ANGELES    ,0,0
Fair Oaks Elementary,6004055,Mt. Diablo Unified,CONTRA COSTA   ,0,0
Fair Oaks Elementary,6044457,Redwood City Elementary,SAN MATEO      ,0,0
Fair Oaks Elementary,6052898,Oakdale Joint Unified,STANISLAUS     ,0,0
Fair Oaks Ranch Community,6120513,Sulphur Springs Union,LOS ANGELES    ,0,0
Fair View High (Continuation),431502,Chico Unified,BUTTE          ,0,0
Fairbanks Elementary,6032940,Twin Rivers Unified,SACRAMENTO     ,0,0
Fairburn Avenue Elementary,6016992,Los Angeles Unified,LOS ANGELES    ,0,0
Fairfax Elementary,6036883,San Bernardino City Unified,SAN BERNARDINO ,0,0
Fairfax Jr. High,107987,Fairfax Elementary,KERN           ,0,0
Fairfax Senior High,1932920,Los Angeles Unified,LOS ANGELES    ,0,18
Fairfield Elementary,6056253,Davis Joint Unified,YOLO           ,0,0
Fairfield High,4833000,Fairfield-Suisun Unified,SOLANO         ,0,12
Fairgrove Academy,6014179,Hacienda la Puente Unified,LOS ANGELES    ,0,0
Fairgrove Elementary,6043079,Lucia Mar Unified,SAN LUIS OBISPO,0,0
Fairhaven Elementary,6029789,Orange Unified,ORANGE         ,0,0
Fairlands Elementary,6002323,Pleasanton Unified,ALAMEDA        ,0,0
Fairlawn Elementary,6046007,Santa Maria-Bonita,SANTA BARBARA  ,0,0
Fairmead Elementary,6023931,Chowchilla Elementary,MADERA         ,0,0
Fairmeadow Elementary,6048268,Palo Alto Unified,SANTA CLARA    ,0,0
Fairmont Charter Elementary,6051338,Vacaville Unified,SOLANO         ,0,0
Fairmont Elementary,6007124,Sanger Unified,FRESNO         ,0,0
Fairvalley High (Continuation),1931617,Covina-Valley Unified,LOS ANGELES    ,0,0
Fairview Elementary,6007470,Orland Joint Unified,GLENN          ,0,0
Fairview Elementary,6009559,Greenfield Union,KERN           ,0,0
Fairview Elementary,6051163,Fairfield-Suisun Unified,SOLANO         ,0,0
Fairview Elementary,6052682,Modesto City Elementary,STANISLAUS     ,0,0
Fairview Middle,6026090,Gonzales Unified,MONTEREY       ,0,0
Fairwood Elementary,6049217,Sunnyvale,SANTA CLARA    ,0,0
Faith Ringgold School of Arts and Science,6113815,Hayward Unified,ALAMEDA        ,0,0
Falcon Ridge Elementary,135293,Etiwanda Elementary,SAN BERNARDINO ,0,0
Fall River Community Day,4530234,Fall River Joint Unified,SHASTA         ,0,0
Fall River Elementary,6050280,Fall River Joint Unified,SHASTA         ,0,0
Fall River Junior-Senior High,4533600,Fall River Joint Unified,SHASTA         ,0,3
Fallbrook High,3732179,Fallbrook Union High,SAN DIEGO      ,0,15
Fallbrook Homeschool Academy,6096911,Fallbrook Union Elementary,SAN DIEGO      ,0,0
Fallbrook STEM Academy,6038285,Fallbrook Union Elementary,SAN DIEGO      ,0,0
Faller Elementary,6009633,Sierra Sands Unified,KERN           ,0,0
Fallsvale,6035471,Bear Valley Unified,SAN BERNARDINO ,0,0
Family First Charter,128488,Centinela Valley Union High,LOS ANGELES    ,0,0
Family Partnership Home Study Charter,111773,Blochman Union Elementary,SANTA BARBARA  ,0,0
Family Tree Learning Center,107631,Hemet Unified,RIVERSIDE      ,0,0
Fammatre Elementary,6046445,Cambrian,SANTA CLARA    ,0,0
Fancher Creek Elementary,6108088,Clovis Unified,FRESNO         ,0,0
Far East County Programs,107326,Contra Costa County Office of Education,CONTRA COSTA   ,0,0
Farallone View Elementary,6043632,Cabrillo Unified,SAN MATEO      ,0,0
Farb Middle,6099063,San Diego Unified,SAN DIEGO      ,0,0
Farmdale Elementary,114074,Weaver Union,MERCED         ,0,0
Farmersville High,5430210,Farmersville Unified,TULARE         ,0,6
Farmersville Junior High,6100275,Farmersville Unified,TULARE         ,0,0
Farmington Elementary,6041800,Escalon Unified,SAN JOAQUIN    ,0,0
Farnham Charter,6046452,Cambrian,SANTA CLARA    ,0,0
Farr Avenue Elementary,102608,Escondido Union,SAN DIEGO      ,0,0
Farragut Academy,101980,Vallejo City Unified,SOLANO         ,0,0
Farragut Elementary,6012694,Culver City Unified,LOS ANGELES    ,0,0
Father Keith B. Kenny,6110662,Sacramento City Unified,SACRAMENTO     ,0,0
Fay Elementary,6039762,San Diego Unified,SAN DIEGO      ,0,0
Faylane Elementary,6028393,Garden Grove Unified,ORANGE         ,0,0
Feaster (Mae L.) Charter,6037956,Chula Vista Elementary,SAN DIEGO      ,0,0
Feather Falls Elementary,6003123,Feather Falls Union Elementary,BUTTE          ,0,0
Feather River Academy,114207,Sutter County Office of Education,SUTTER         ,0,0
Fedde (Pharis F.) Middle,6061238,ABC Unified,LOS ANGELES    ,0,0
Federal Terrace Elementary,6051445,Vallejo City Unified,SOLANO         ,0,0
Feinstein (Dianne) Elementary,111427,San Francisco Unified,SAN FRANCISCO  ,0,0
Felicita Elementary,6038202,Escondido Union,SAN DIEGO      ,0,0
Felicitas and Gonzalo Mendez High,119966,Los Angeles Unified,LOS ANGELES    ,0,16
Felix J. Appleby Elementary,6032460,Palo Verde Unified,RIVERSIDE      ,0,0
Felton Elementary,6014955,Lennox,LOS ANGELES    ,0,0
Fenton Avenue Charter,6017016,Los Angeles Unified,LOS ANGELES    ,0,0
Fenton Charter Leadership Academy,131722,Los Angeles Unified,LOS ANGELES    ,0,0
Fenton Primary Center,115048,Los Angeles Unified,LOS ANGELES    ,0,0
Fenton STEM Academy: Elementary Center for Science,131466,Los Angeles Unified,LOS ANGELES    ,0,0
Fern Bacon Middle,6059307,Sacramento City Unified,SACRAMENTO     ,0,0
Fern Drive Elementary,6028039,Fullerton Elementary,ORANGE         ,0,0
Fern Elementary,6023071,Torrance Unified,LOS ANGELES    ,0,0
Fernando R. Ledesma Continuation High,1938919,El Monte Union High,LOS ANGELES    ,0,1
Fernando Rivera Intermediate,6043780,Jefferson Elementary,SAN MATEO      ,0,0
Fernangeles Elementary,6017024,Los Angeles Unified,LOS ANGELES    ,0,0
Ferndale Elementary,6007843,Ferndale Unified,HUMBOLDT       ,0,0
Ferndale High,1232909,Ferndale Unified,HUMBOLDT       ,0,4
Ferris Spanger Elementary,6109482,Roseville City Elementary,PLACER         ,0,0
Fesler (Isaac) Junior High,6046015,Santa Maria-Bonita,SANTA BARBARA  ,0,0
Fiddyment Farm,127639,Roseville City Elementary,PLACER         ,0,0
Field (Eugene) Elementary,6021570,Pasadena Unified,LOS ANGELES    ,0,0
Field Elementary,6039556,San Diego Unified,SAN DIEGO      ,0,0
Fieldbrook Elementary,6007850,Fieldbrook Elementary,HUMBOLDT       ,0,0
Fiesta Gardens International Elementary,6044887,San Mateo-Foster City,SAN MATEO      ,0,0
Fifteenth Street Elementary,6017032,Los Angeles Unified,LOS ANGELES    ,0,0
Fifty-Fourth Street Elementary,6017040,Los Angeles Unified,LOS ANGELES    ,0,0
Fifty-Ninth Street Elementary,6017057,Los Angeles Unified,LOS ANGELES    ,0,0
Fifty-Second Street Elementary,6017065,Los Angeles Unified,LOS ANGELES    ,0,0
Figarden Elementary,6006233,Fresno Unified,FRESNO         ,0,0
Figueroa Street Elementary,6017073,Los Angeles Unified,LOS ANGELES    ,0,0
Fillmore Elementary,6042576,Stockton Unified,SAN JOAQUIN    ,0,0
Fillmore Middle,6060321,Fillmore Unified,VENTURA        ,0,0
Fillmore Senior High,5632021,Fillmore Unified,VENTURA        ,0,13
Fine Arts Academy,6117980,Atascadero Unified,SAN LUIS OBISPO,0,0
Finley Elementary,6030753,Westminster,ORANGE         ,0,0
Finney (Myrtle S.) Elementary,6037964,Chula Vista Elementary,SAN DIEGO      ,0,0
Fipps Primary,6007090,Riverdale Joint Unified,FRESNO         ,0,0
Firebaugh Community Day,123950,Firebaugh-Las Deltas Unified,FRESNO         ,0,0
Firebaugh High,1030121,Firebaugh-Las Deltas Unified,FRESNO         ,0,8
Firebaugh Middle,6006019,Firebaugh-Las Deltas Unified,FRESNO         ,0,0
First Avenue Middle,6057467,Arcadia Unified,LOS ANGELES    ,0,0
First Street,6117493,Western Placer Unified,PLACER         ,0,0
First Street Elementary,6017099,Los Angeles Unified,LOS ANGELES    ,0,0
Fishburn Avenue Elementary,6089700,Los Angeles Unified,LOS ANGELES    ,0,0
Five Keys Adult School (SF Sheriff's),118133,San Francisco Unified,SAN FRANCISCO  ,0,0
Five Keys Charter (SF Sheriff's),101774,San Francisco Unified,SAN FRANCISCO  ,0,0
Five Keys Independence HS (SF Sheriff's),118141,San Francisco Unified,SAN FRANCISCO  ,0,0
Fletcher Drive Elementary,6017115,Los Angeles Unified,LOS ANGELES    ,0,0
Fletcher Elementary,6029797,Orange Unified,ORANGE         ,0,0
Fletcher Hills Elementary,6038442,La Mesa-Spring Valley,SAN DIEGO      ,0,0
Fletcher Walker Elementary,6010847,Westwood Unified,LASSEN         ,0,0
Flora Vista Elementary,6099402,Encinitas Union Elementary,SAN DIEGO      ,0,0
Florence Avenue Elementary,6017123,Los Angeles Unified,LOS ANGELES    ,0,0
Florence E. Rata,1030717,Fresno Unified,FRESNO         ,0,0
Florence Elementary,6039572,San Diego Unified,SAN DIEGO      ,0,0
Florence Griffith Joyner Elementary,6018527,Los Angeles Unified,LOS ANGELES    ,0,0
Florence Markofer Elementary,6098743,Elk Grove Unified,SACRAMENTO     ,0,0
Florence Nightingale Middle,6058192,Los Angeles Unified,LOS ANGELES    ,0,0
Florida Street Discovery Center,116236,Banning Unified,RIVERSIDE      ,0,0
Florin Elementary,6033054,Elk Grove Unified,SACRAMENTO     ,0,0
Florin High,3430477,Elk Grove Unified,SACRAMENTO     ,0,15
Flory Academy of Sciences and Technology,6055131,Moorpark Unified,VENTURA        ,0,0
Flournoy Elementary,6053524,Flournoy Union Elementary,TEHAMA         ,0,0
Flowery Elementary,6052278,Sonoma Valley Unified,SONOMA         ,0,0
Floyd A. Schelby,6068498,Merced County Office of Education,MERCED         ,0,0
Floyd I. Marchus,6077168,Contra Costa County Office of Education,CONTRA COSTA   ,0,0
Floyd M. Stork Elementary,6098503,Alta Loma Elementary,SAN BERNARDINO ,0,0
Flying Hills Elementary,6037634,Cajon Valley Union,SAN DIEGO      ,0,0
Flynn (Leonard R.) Elementary,6041347,San Francisco Unified,SAN FRANCISCO  ,0,0
Folsom Cordova K-8 Community Charter,106757,Folsom-Cordova Unified,SACRAMENTO     ,0,0
Folsom High,3433216,Folsom-Cordova Unified,SACRAMENTO     ,0,12
Folsom Hills Elementary,6109755,Folsom-Cordova Unified,SACRAMENTO     ,0,0
Folsom Lake High,3430709,Folsom-Cordova Unified,SACRAMENTO     ,0,0
Folsom Middle,6059182,Folsom-Cordova Unified,SACRAMENTO     ,0,0
Fontana A. B. Miller High,3630555,Fontana Unified,SAN BERNARDINO ,0,17
Fontana High,3633302,Fontana Unified,SAN BERNARDINO ,0,17
Fontana Middle,6059406,Fontana Unified,SAN BERNARDINO ,0,0
Foothill Alternative High,4230181,Carpinteria Unified,SANTA BARBARA  ,0,0
Foothill Community Day,5030333,Newman-Crows Landing Unified,STANISLAUS     ,0,0
Foothill Elementary,124586,Sierra Unified,FRESNO         ,0,0
Foothill Elementary,6026199,Monterey Peninsula Unified,MONTEREY       ,0,0
Foothill Elementary,6098578,Pittsburg Unified,CONTRA COSTA   ,0,0
Foothill High,130096,Pleasanton Unified,ALAMEDA        ,0,22
Foothill High,1532605,Kern High,KERN           ,0,0
Foothill High,3032109,Tustin Unified,ORANGE         ,7,2
Foothill High,3433265,Twin Rivers Unified,SACRAMENTO     ,0,1
Foothill High,4332318,East Side Union High,SANTA CLARA    ,0,0
Foothill High,4530044,Shasta Union High,SHASTA         ,0,4
Foothill Intermediate,6056691,Marysville Joint Unified,YUBA           ,0,0
Foothill Knolls STEM Academy of Innovation,6037238,Upland Unified,SAN BERNARDINO ,0,0
Foothill Leadership Academy,129346,Tuolumne County Superintendent of Schools,TUOLUMNE       ,0,0
Foothill Middle,6004063,Mt. Diablo Unified,CONTRA COSTA   ,0,0
Foothill Middle,6011258,Azusa Unified,LOS ANGELES    ,0,0
Foothill Oak Elementary,105882,Vista Unified,SAN DIEGO      ,0,0
Foothill Oaks Elementary,6112064,Twin Rivers Unified,SACRAMENTO     ,0,0
Foothill Ranch Elementary,6112577,Saddleback Valley Unified,ORANGE         ,0,0
Foothill Ranch Middle,6059232,Twin Rivers Unified,SACRAMENTO     ,0,0
Foothill Technology High,5630348,Ventura Unified,VENTURA        ,0,11
Foothills Middle,6061246,Arcadia Unified,LOS ANGELES    ,0,0
Ford Boulevard Elementary,6017131,Los Angeles Unified,LOS ANGELES    ,0,0
Ford Elementary,6004766,West Contra Costa Unified,CONTRA COSTA   ,0,0
Forest Charter,126219,Nevada County Office of Education,NEVADA         ,1,4
Forest Grove Elementary,6026470,Pacific Grove Unified,MONTEREY       ,0,0
Forest Hill Elementary,6046577,Campbell Union,SANTA CLARA    ,0,0
Forest Park Elementary,6111330,Fremont Unified,ALAMEDA        ,0,0
Forest Ranch Charter,118042,Chico Unified,BUTTE          ,0,0
Foresthill Divide,6031116,Foresthill Union Elementary,PLACER         ,0,0
Foresthill High,102293,Placer Union High,PLACER         ,0,1
Forestville Academy,112987,Forestville Union Elementary,SONOMA         ,0,0
Forestville Elementary,6051718,Forestville Union Elementary,SONOMA         ,0,0
Forkner Elementary,6101109,Fresno Unified,FRESNO         ,0,0
Forks of Salmon Elementary,6050744,Forks of Salmon Elementary,SISKIYOU       ,0,0
Fort Bragg High,2331361,Fort Bragg Unified,MENDOCINO      ,0,5
Fort Bragg Middle,6061667,Fort Bragg Unified,MENDOCINO      ,0,0
Fort Irwin Middle,6104681,Silver Valley Unified,SAN BERNARDINO ,0,0
Fort Jones Elementary,6050751,Scott Valley Unified,SISKIYOU       ,0,0
Fort Miller Middle,6057293,Fresno Unified,FRESNO         ,0,0
Fort Ross Elementary,6051726,Fort Ross Elementary,SONOMA         ,0,0
Fort Sage Middle,6010714,Fort Sage Unified,LASSEN         ,0,0
Fort Washington Elementary,6005862,Clovis Unified,FRESNO         ,0,0
Fortuna Middle,6007868,Fortuna Elementary,HUMBOLDT       ,0,0
Fortuna Union High,1233402,Fortuna Union High,HUMBOLDT       ,0,8
Fortune,136275,Sacramento County Office of Education,SACRAMENTO     ,0,0
Forty-Ninth Street Elementary,6017149,Los Angeles Unified,LOS ANGELES    ,0,0
Forty-Second Street Elementary,6017156,Los Angeles Unified,LOS ANGELES    ,0,0
Foshay Learning Center,6061451,Los Angeles Unified,LOS ANGELES    ,0,8
Foskett Ranch Elementary,108514,Western Placer Unified,PLACER         ,0,0
Foster City Elementary,6044895,San Mateo-Foster City,SAN MATEO      ,0,0
Foster Elementary,6011423,Baldwin Park Unified,LOS ANGELES    ,0,0
Foster Elementary,6039598,San Diego Unified,SAN DIEGO      ,0,0
Foster Road Elementary,6020937,Norwalk-La Mirada Unified,LOS ANGELES    ,0,0
Foulks Ranch Elementary,6107700,Elk Grove Unified,SACRAMENTO     ,0,0
Fountain Valley High,3032158,Huntington Beach Union High,ORANGE         ,0,22
Four Creeks Elementary,105783,Visalia Unified,TULARE         ,0,0
Fourth Street Elementary,6017164,Los Angeles Unified,LOS ANGELES    ,0,0
Fourth Street Primary Center,133744,Los Angeles Unified,LOS ANGELES    ,0,0
Fowler Academy Community Day,126250,Fowler Unified,FRESNO         ,0,0
Fowler Academy Community Day (9-12),108977,Fowler Unified,FRESNO         ,0,0
Fowler Academy Continuation,1031954,Fowler Unified,FRESNO         ,0,0
Fowler Academy Independent Study,120246,Fowler Unified,FRESNO         ,0,0
Fowler High,1032150,Fowler Unified,FRESNO         ,0,6
Fox Elementary,6043459,Belmont-Redwood Shores Elementary,SAN MATEO      ,0,0
Fox Road Elementary,101030,Hughson Unified,STANISLAUS     ,0,0
Foxboro Elementary,6111652,Travis Unified,SOLANO         ,0,0
Frances Ellen Watkins Harper Junior High,106674,Davis Joint Unified,YOLO           ,0,0
Francis Hopkinson Elementary,6029045,Los Alamitos Unified,ORANGE         ,0,0
Francis J. White Learning Center,6094569,Woodlake Unified,TULARE         ,0,0
Francisco Bravo Medical Magnet High,1995448,Los Angeles Unified,LOS ANGELES    ,0,16
Francisco Middle,6059844,San Francisco Unified,SAN FRANCISCO  ,0,0
Francisco Sepulveda Middle,6058291,Los Angeles Unified,LOS ANGELES    ,0,0
Francophone Charter School of Oakland,132514,Oakland Unified,ALAMEDA        ,0,0
Frank Augustus Miller Middle,119180,Riverside Unified,RIVERSIDE      ,0,0
Frank D. Parent,6014542,Inglewood Unified,LOS ANGELES    ,0,0
Frank E. Woodruff Elementary,6011647,Bellflower Unified,LOS ANGELES    ,0,0
Frank J. Zamboni,6114615,Paramount Unified,LOS ANGELES    ,0,0
Frank Kohn Elementary,6054472,Tulare City,TULARE         ,0,0
Frank L. Huff Elementary,6047971,Mountain View Whisman,SANTA CLARA    ,0,0
Frank Lanterman,1931658,Los Angeles Unified,LOS ANGELES    ,0,0
Frank Ledesma Elementary,106336,Soledad Unified,MONTEREY       ,0,0
Frank M. Wright Middle,6008569,Imperial Unified,IMPERIAL       ,0,0
Frank Otis Elementary,6090021,Alameda Unified,ALAMEDA        ,0,0
Frank Paul Elementary,6101802,Alisal Union,MONTEREY       ,0,0
Frank S. Greene Jr. Middle,6060065,Palo Alto Unified,SANTA CLARA    ,0,0
Frank Sparkes Elementary,6025829,Winton,MERCED         ,0,0
Frank Vessels Elementary,6027833,Cypress Elementary,ORANGE         ,0,0
Frank West Elementary,6008924,Bakersfield City,KERN           ,0,0
Frank Zeek Elementary,6025191,Ukiah Unified,MENDOCINO      ,0,0
Frank del Olmo Elementary,111971,Los Angeles Unified,LOS ANGELES    ,0,0
Franklin (Benjamin) Elementary,6027262,Anaheim Elementary,ORANGE         ,0,0
Franklin Avenue Elementary,6017172,Los Angeles Unified,LOS ANGELES    ,0,0
Franklin Classical Middle,6061345,Long Beach Unified,LOS ANGELES    ,0,0
Franklin Delano Roosevelt Elementary,6043798,Jefferson Elementary,SAN MATEO      ,0,0
Franklin Elementary,6008932,Bakersfield City,KERN           ,0,0
Franklin Elementary,6022552,Santa Monica-Malibu Unified,LOS ANGELES    ,0,0
Franklin Elementary,6025621,Merced City Elementary,MERCED         ,0,0
Franklin Elementary,6031124,Loomis Union Elementary,PLACER         ,0,0
Franklin Elementary,6036503,Redlands Unified,SAN BERNARDINO ,0,0
Franklin Elementary,6052690,Modesto City Elementary,STANISLAUS     ,0,0
Franklin Elementary,6053250,Franklin Elementary,SUTTER         ,0,0
Franklin Elementary,6090039,Alameda Unified,ALAMEDA        ,0,0
Franklin High,3430873,Elk Grove Unified,SACRAMENTO     ,0,18
Franklin High,3932654,Stockton Unified,SAN JOAQUIN    ,10,0
Franklin Middle,6062129,Vallejo City Unified,SOLANO         ,0,0
Frazier Mountain High,1530401,El Tejon Unified,KERN           ,0,1
Frazier Park Elementary,6009476,El Tejon Unified,KERN           ,0,0
Fred C. Beyer High,5030010,Modesto City High,STANISLAUS     ,0,13
Fred E. Weibel Elementary,6106983,Fremont Unified,ALAMEDA        ,0,0
Fred Ekstrand Elementary,6011803,Bonita Unified,LOS ANGELES    ,0,0
Fred L. Thompson Junior High,6009930,Panama-Buena Vista Union,KERN           ,0,0
Fred L. Williams Elementary,6055057,Hueneme Elementary,VENTURA        ,0,0
Fred T. Korematsu Discovery Academy,112813,Oakland Unified,ALAMEDA        ,0,0
Fred T. Korematsu Elementary at Mace Ranch,111401,Davis Joint Unified,YOLO           ,0,0
Fred T. Korematsu Middle,6057244,West Contra Costa Unified,CONTRA COSTA   ,0,0
Frederick Joyce Elementary,6033500,Twin Rivers Unified,SACRAMENTO     ,0,0
Frederiksen Elementary,6001390,Dublin Unified,ALAMEDA        ,0,0
Freedom Academy of Imperial Valley,125922,Holtville Unified,IMPERIAL       ,0,0
Freedom Crest Elementary,100503,Menifee Union Elementary,RIVERSIDE      ,0,0
Freedom Elementary,106021,Farmersville Unified,TULARE         ,0,0
Freedom Elementary,6049696,Pajaro Valley Unified,SANTA CRUZ     ,0,0
Freedom Elementary,6120430,Sylvan Union Elementary,STANISLAUS     ,0,0
Freedom High,730457,Liberty Union High,CONTRA COSTA   ,0,16
Freedom High,4530218,Shasta Union High,SHASTA         ,0,0
Freedom Home,134486,Golden Valley Unified,MADERA         ,0,0
Freedom Middle,6117717,Rosedale Union Elementary,KERN           ,0,0
Freeman Elementary,6056477,Woodland Joint Unified,YOLO           ,0,0
Freese Elementary,6039614,San Diego Unified,SAN DIEGO      ,0,0
Fremont Academy of Engineering and Design,6061634,Pomona Unified,LOS ANGELES    ,0,14
Fremont Academy of Environmental Science & Innovat,6055313,Oxnard,VENTURA        ,0,0
Fremont Elementary,6003594,Antioch Unified,CONTRA COSTA   ,0,0
Fremont Elementary,6006258,Fresno Unified,FRESNO         ,0,0
Fremont Elementary,6008940,Bakersfield City,KERN           ,0,0
Fremont Elementary,6011027,Alhambra Unified,LOS ANGELES    ,0,0
Fremont High,125716,Oakland Unified,ALAMEDA        ,0,5
Fremont High,4332474,Fremont Union High,SANTA CLARA    ,0,12
Fremont Primary,6103535,Calipatria Unified,IMPERIAL       ,0,0
French Camp Elementary,6042311,Manteca Unified,SAN JOAQUIN    ,0,0
French Gulch-Whiskeytown Elementary,6050322,French Gulch-Whiskeytown Elementary,SHASTA         ,0,0
French Valley Elementary,101097,Temecula Valley Unified,RIVERSIDE      ,0,0
Freshwater Charter Middle,6116289,Freshwater Elementary,HUMBOLDT       ,0,0
Freshwater Elementary,6007884,Freshwater Elementary,HUMBOLDT       ,0,0
Fresno Adult,1032309,Fresno Unified,FRESNO         ,0,0
Fresno County Special Education Local Plan Area,6069488,Fresno County Office of Education,FRESNO         ,0,0
Fresno Flats Community Day,6113922,Bass Lake Joint Union Elementary,MADERA         ,0,0
Fresno High,1032507,Fresno Unified,FRESNO         ,14,1
Frick Middle,6057020,Oakland Unified,ALAMEDA        ,0,0
Frida Kahlo High,110668,Los Angeles Unified,LOS ANGELES    ,0,0
Friendly Hills Elementary,6106827,Morongo Unified,SAN BERNARDINO ,0,0
Fries Avenue Elementary,6017180,Los Angeles Unified,LOS ANGELES    ,0,0
Frisbie Middle,6059448,Rialto Unified,SAN BERNARDINO ,0,0
Frontier Elementary,116699,Pioneer Union Elementary,KINGS          ,0,0
Frontier Elementary,6033492,Twin Rivers Unified,SACRAMENTO     ,0,0
Frontier High,110999,Kern High,KERN           ,0,7
Frontier High,5630066,Oxnard Union High,VENTURA        ,0,0
Frontier High (Continuation),1930338,Whittier Union High,LOS ANGELES    ,0,0
Frost (Earl) Elementary,6048110,Oak Grove Elementary,SANTA CLARA    ,0,0
Fruitvale Elementary,6001838,Oakland Unified,ALAMEDA        ,0,0
Fruitvale Junior High,6104004,Fruitvale Elementary,KERN           ,0,0
Fryberger Elementary,6030787,Westminster,ORANGE         ,0,0
Fuente Nueva Charter,109975,Arcata Elementary,HUMBOLDT       ,0,0
Fuerte Elementary,6037642,Cajon Valley Union,SAN DIEGO      ,0,0
Fullbright Avenue Elementary,6017198,Los Angeles Unified,LOS ANGELES    ,0,0
Fullerton Union High,3032505,Fullerton Joint Union High,ORANGE         ,7,15
Fulton (Harry C.) Middle,6027916,Fountain Valley Elementary,ORANGE         ,0,0
Fulton K-8,6039630,San Diego Unified,SAN DIEGO      ,0,0
Fulton Special Education,6112619,Fresno Unified,FRESNO         ,0,0
Fulton and Alsbury Academy of Arts and Engineering,133462,Lancaster Elementary,LOS ANGELES    ,0,0
Furgeson (Venn W.) Elementary,6010979,ABC Unified,LOS ANGELES    ,0,0
Furman (Duane E.) High (Independent Study Program),2035640,Madera Unified,MADERA         ,0,0
Fusion Charter,131185,Turlock Unified,STANISLAUS     ,0,0
Future Bound Independent Study Secondary,102178,Ramona City Unified,SAN DIEGO      ,0,0
Futures Elementary,115576,Oakland Unified,ALAMEDA        ,0,0
Futures High,101832,Twin Rivers Unified,SACRAMENTO     ,0,3
G. M. Walters Junior High,6056881,Fremont Unified,ALAMEDA        ,0,0
G. W. Hellyer Elementary,6047203,Franklin-McKinley Elementary,SANTA CLARA    ,0,0
GOALS Academy,131417,Anaheim Elementary,ORANGE         ,0,0
Gabilan Elementary,6105472,Soledad Unified,MONTEREY       ,0,0
Gabilan Hills,6114557,Hollister,SAN BENITO     ,0,0
Gabriela Mistral Elementary,132373,Mountain View Whisman,SANTA CLARA    ,0,0
Gabrielino High,1995810,San Gabriel Unified,LOS ANGELES    ,0,20
Gabriella Charter,108886,Los Angeles Unified,LOS ANGELES    ,0,0
Gabriella Charter 2,135509,Los Angeles Unified,LOS ANGELES    ,0,0
Gage Elementary,6039648,San Diego Unified,SAN DIEGO      ,0,0
Gahr (Richard) High,1933159,ABC Unified,LOS ANGELES    ,0,17
Gale Ranch Middle,116541,San Ramon Valley Unified,CONTRA COSTA   ,0,0
Galileo Academy 101,108431,Victor Elementary,SAN BERNARDINO ,0,0
Galileo High,3831765,San Francisco Unified,SAN FRANCISCO  ,0,16
Gallatin Elementary,6012801,Downey Unified,LOS ANGELES    ,0,0
Galt High,3433471,Galt Joint Union High,SACRAMENTO     ,0,9
Ganesha High,1933175,Pomona Unified,LOS ANGELES    ,0,13
Gant Elementary,6015317,Long Beach Unified,LOS ANGELES    ,0,0
Garden Elementary,6054480,Tulare City,TULARE         ,0,0
Garden Gate Elementary,6046841,Cupertino Union,SANTA CLARA    ,0,0
Garden Grove Elementary,6055693,Simi Valley Unified,VENTURA        ,0,0
Garden Grove High,3032752,Garden Grove Unified,ORANGE         ,0,20
Garden Park Elementary,6028401,Garden Grove Unified,ORANGE         ,0,0
Garden Road Elementary,6038970,Poway Unified,SAN DIEGO      ,0,0
Garden Valley Elementary,6032957,Twin Rivers Unified,SACRAMENTO     ,0,0
Garden Village Elementary,6043806,Jefferson Elementary,SAN MATEO      ,0,0
Gardena Elementary,6017214,Los Angeles Unified,LOS ANGELES    ,0,0
Gardena Senior High,1933241,Los Angeles Unified,LOS ANGELES    ,0,12
Gardenhill Elementary,6020945,Norwalk-La Mirada Unified,LOS ANGELES    ,0,0
Gardner Bullis Elementary,6047427,Los Altos Elementary,SANTA CLARA    ,0,0
Gardner Elementary,6048532,San Jose Unified,SANTA CLARA    ,0,0
Gardner Street Elementary,6017222,Los Angeles Unified,LOS ANGELES    ,0,0
Garey High,1933324,Pomona Unified,LOS ANGELES    ,0,14
Garfield Elementary,6002372,San Leandro Unified,ALAMEDA        ,0,0
Garfield Elementary,6011035,Alhambra Unified,LOS ANGELES    ,0,0
Garfield Elementary,6044473,Redwood City Elementary,SAN MATEO      ,0,0
Garfield High,3737962,San Diego Unified,SAN DIEGO      ,0,0
Garin Elementary,6070981,Brentwood Union Elementary,CONTRA COSTA   ,0,0
Garretson Elementary,6031785,Corona-Norco Unified,RIVERSIDE      ,0,0
Garvanza Elementary,6017230,Los Angeles Unified,LOS ANGELES    ,0,0
Garvey (Richard) Intermediate,6013601,Garvey Elementary,LOS ANGELES    ,0,0
Garza (Carmen Lomas) Primary Center,109223,Los Angeles Unified,LOS ANGELES    ,0,0
Gaspar De Portola Middle,6061584,Los Angeles Unified,LOS ANGELES    ,0,0
Gates Street Elementary,6017248,Los Angeles Unified,LOS ANGELES    ,0,0
Gateway Center,113332,San Mateo County Office of Education,SAN MATEO      ,0,0
Gateway College and Career Academy,128777,Riverside County Office of Education,RIVERSIDE      ,0,0
Gateway Community,5630397,Ventura County Office of Education,VENTURA        ,0,0
Gateway Community Day,4530176,Gateway Unified,SHASTA         ,0,0
Gateway Educational Options,4530101,Gateway Unified,SHASTA         ,0,0
Gateway Elementary,6110712,Sierra Sands Unified,KERN           ,0,0
Gateway High,3830437,San Francisco Unified,SAN FRANCISCO  ,0,6
Gateway High (Continuation),1031004,Clovis Unified,FRESNO         ,0,0
Gateway High (Continuation),2030047,Chowchilla Union High,MADERA         ,0,0
Gateway International,128124,San Juan Unified,SACRAMENTO     ,0,0
Gateway Middle,123265,San Francisco Unified,SAN FRANCISCO  ,0,0
Gateway to College Academy,128157,Petaluma Joint Union High,SONOMA         ,0,0
Gateway to College at Laney College,119859,Oakland Unified,ALAMEDA        ,0,0
Gauer (Melbourne A.) Elementary,6027361,Anaheim Elementary,ORANGE         ,0,0
Gauldin (A.L.) Elementary,6012736,Downey Unified,LOS ANGELES    ,0,0
Gault Elementary,6049894,Santa Cruz City Elementary,SANTA CRUZ     ,0,0
Gault Street Elementary,6017255,Los Angeles Unified,LOS ANGELES    ,0,0
Gavilan View Middle,6102925,Santa Rita Union Elementary,MONTEREY       ,0,0
Gazelle Elementary,6050769,Gazelle Union Elementary,SISKIYOU       ,0,0
Gehringer Elementary,6096234,Oakley Union Elementary,CONTRA COSTA   ,0,0
Gene Drevno Community Day,110320,Torrance Unified,LOS ANGELES    ,0,0
General Grant Middle,6006761,Kings Canyon Joint Unified,FRESNO         ,0,0
General Shafter Elementary,6009534,General Shafter Elementary,KERN           ,0,0
Genevieve Didion,6096168,Sacramento City Unified,SACRAMENTO     ,0,0
Genevieve M. Crosby Elementary,6028419,Garden Grove Unified,ORANGE         ,0,0
George A. Buljan Middle,6111967,Roseville City Elementary,PLACER         ,0,0
George B. Miller Elementary,6027692,Centralia Elementary,ORANGE         ,0,0
George Brown Jr. Elementary,127340,San Bernardino City Unified,SAN BERNARDINO ,0,0
George C. Marshall Elementary,6026207,Monterey Peninsula Unified,MONTEREY       ,0,0
George C. Payne Elementary,6047799,Moreland,SANTA CLARA    ,0,0
George Cirby Elementary,6031223,Roseville City Elementary,PLACER         ,0,0
George De La Torre Jr. Elementary,111955,Los Angeles Unified,LOS ANGELES    ,0,0
George Eisenhut Elementary,6098297,Stanislaus Union Elementary,STANISLAUS     ,0,0
George Ellery Hale Charter Academy,6061477,Los Angeles Unified,LOS ANGELES    ,0,0
George H. Flamson Middle,6101570,Paso Robles Joint Unified,SAN LUIS OBISPO,0,0
George Hall Elementary,6044903,San Mateo-Foster City,SAN MATEO      ,0,0
George K. Porter Middle,6058242,Los Angeles Unified,LOS ANGELES    ,0,0
George Kelly Elementary,108357,Tracy Joint Unified,SAN JOAQUIN    ,0,0
George Key,6089478,Placentia-Yorba Linda Unified,ORANGE         ,0,0
George L. Snowden Elementary,6054076,Farmersville Unified,TULARE         ,0,0
George Lincoln Mosher,111286,Lodi Unified,SAN JOAQUIN    ,0,0
George Mayne Elementary,6048870,Santa Clara Unified,SANTA CLARA    ,0,0
George McParland Elementary,6107429,Manteca Unified,SAN JOAQUIN    ,0,0
George Nicoloff Elementary,6098487,South Bay Union,SAN DIEGO      ,0,0
George S. Patton Continuation,1931518,Los Angeles Unified,LOS ANGELES    ,0,0
George Sargeant Elementary,6106108,Roseville City Elementary,PLACER         ,0,0
George T. Egling Middle,6057152,Colusa Unified,COLUSA         ,0,0
George V. LeyVa Intermediate,6085690,Evergreen Elementary,SANTA CLARA    ,0,0
George Visual and Performing Arts Magnet and Middl,107425,Adelanto Elementary,SAN BERNARDINO ,0,0
George W. Bush Elementary,100206,Stockton Unified,SAN JOAQUIN    ,0,0
George Washington Carver Elementary,6110175,Santa Ana Unified,ORANGE         ,0,0
George Washington Carver Middle,6057921,Los Angeles Unified,LOS ANGELES    ,0,0
George Washington Carver School of Arts and Scienc,101899,Sacramento City Unified,SACRAMENTO     ,0,2
George Washington Charter,6031959,Desert Sands Unified,RIVERSIDE      ,0,0
George Washington Elementary,6042097,Lodi Unified,SAN JOAQUIN    ,0,0
George Washington Elementary,6043822,Jefferson Elementary,SAN MATEO      ,0,0
George Washington Elementary,6104665,Stockton Unified,SAN JOAQUIN    ,0,0
George Washington Elementary,6108815,Hanford Elementary,KINGS          ,0,0
George Washington Preparatory High,1939305,Los Angeles Unified,LOS ANGELES    ,0,10
George White Elementary,6108740,Capistrano Unified,ORANGE         ,0,0
George Y. Komure Elementary,6120505,Manteca Unified,SAN JOAQUIN    ,0,0
George and Evelyn Stein Continuation,114140,Tracy Joint Unified,SAN JOAQUIN    ,0,0
Georgetown Elementary,6005490,Black Oak Mine Unified,EL DORADO      ,0,0
Georgia Brown Dual Immersion Magnet Elementary,6043137,Paso Robles Joint Unified,SAN LUIS OBISPO,0,0
Georgia Morris Elementary,6108864,Rialto Unified,SAN BERNARDINO ,0,0
Georgina P. Blach Junior High,6047435,Los Altos Elementary,SANTA CLARA    ,0,0
"Gerald A. Lawson Academy of the Arts, Mathematics ",126425,Los Angeles Unified,LOS ANGELES    ,0,0
Gerald A. Smith Elementary,6035612,Colton Joint Unified,SAN BERNARDINO ,0,0
Gerald F. Litel Elementary,6106611,Chino Valley Unified,SAN BERNARDINO ,0,0
Gerald P. Carr Intermediate,6058986,Santa Ana Unified,ORANGE         ,0,0
Gerald R. Ford Elementary,6109789,Desert Sands Unified,RIVERSIDE      ,0,0
Gerber Elementary,6053532,Gerber Union Elementary,TEHAMA         ,0,0
Gerber Jr./Sr. High,118745,Sacramento County Office of Education,SACRAMENTO     ,0,0
Germain Academy For Academic Achievement,6017263,Los Angeles Unified,LOS ANGELES    ,0,0
Gettysburg Elementary,6106660,Clovis Unified,FRESNO         ,0,0
Geyserville Elementary,6051734,Geyserville Unified,SONOMA         ,0,0
Geyserville New Tech Academy,129981,Geyserville Unified,SONOMA         ,0,1
Giannini (A.P.) Middle,6059828,San Francisco Unified,SAN FRANCISCO  ,0,0
Giano Intermediate,6022248,Rowland Unified,LOS ANGELES    ,0,0
Gibson Elementary,6006266,Fresno Unified,FRESNO         ,0,0
Gibson Elementary,6056485,Woodland Joint Unified,YOLO           ,0,0
Gidley Elementary,6013197,El Monte City,LOS ANGELES    ,0,0
Gifford C. Cole Middle,6108294,Eastside Union Elementary,LOS ANGELES    ,0,0
Gil Garcetti Learning Academy,6019244,Los Angeles Unified,LOS ANGELES    ,0,0
Gilbert Elementary,6028435,Garden Grove Unified,ORANGE         ,0,0
Gilbert High (Continuation),3032786,Anaheim Union High,ORANGE         ,0,0
Gilroy High,4332839,Gilroy Unified,SANTA CLARA    ,0,12
Gilroy Prep (a Navigator School),123760,Gilroy Unified,SANTA CLARA    ,0,0
"Girls Academic Leadership Academy, Dr. Michelle Ki",133603,Los Angeles Unified,LOS ANGELES    ,0,9
Girls Athletic Leadership School Los Angeles,133710,Los Angeles Unified,LOS ANGELES    ,0,0
Gisler (Robert) Elementary,6027973,Fountain Valley Elementary,ORANGE         ,0,0
Glacier High School Charter,2030237,Yosemite Unified,MADERA         ,0,2
Glacier Point Middle,123943,Central Unified,FRESNO         ,0,0
Gladstone Elementary,6011811,Bonita Unified,LOS ANGELES    ,0,0
Gladstone High,1933449,Azusa Unified,LOS ANGELES    ,0,12
Gladstone Street Elementary,6011266,Azusa Unified,LOS ANGELES    ,0,0
Gladys Poet-Christian Elementary,6108997,Tracy Joint Unified,SAN JOAQUIN    ,0,0
Glassbrook Elementary,6000988,Hayward Unified,ALAMEDA        ,0,0
Glassell Park Elementary,6017271,Los Angeles Unified,LOS ANGELES    ,0,0
Gledhill Street Elementary,6017289,Los Angeles Unified,LOS ANGELES    ,0,0
Glen A. Wilson High,1939834,Hacienda la Puente Unified,LOS ANGELES    ,2,17
Glen Alta Elementary,6017297,Los Angeles Unified,LOS ANGELES    ,0,0
Glen Avon Elementary,6032163,Jurupa Unified,RIVERSIDE      ,0,0
Glen City Elementary,6055578,Santa Paula Unified,VENTURA        ,0,0
Glen Cove Elementary,6107684,Vallejo City Unified,SOLANO         ,0,0
Glen Edwards Middle,6108351,Western Placer Unified,PLACER         ,0,0
Glen H. Dysinger Sr. Elementary,6027700,Centralia Elementary,ORANGE         ,0,0
Glen Oak Elementary,6012090,Charter Oak Unified,LOS ANGELES    ,0,0
Glen Park Elementary,6041073,San Francisco Unified,SAN FRANCISCO  ,0,0
Glen Paul,6077192,Humboldt County Office of Education,HUMBOLDT       ,0,0
Glen View Elementary,6047310,Gilroy Unified,SANTA CLARA    ,0,0
Glen View High,3330842,Beaumont Unified,RIVERSIDE      ,0,0
Glen Yermo Elementary,6089502,Saddleback Valley Unified,ORANGE         ,0,0
Glendale High,1933530,Glendale Unified,LOS ANGELES    ,0,20
Glendora High,1933597,Glendora Unified,LOS ANGELES    ,0,20
Glenfeliz Boulevard Elementary,6017305,Los Angeles Unified,LOS ANGELES    ,0,0
Glenknoll Elementary,6030027,Placentia-Yorba Linda Unified,ORANGE         ,0,0
Glenmeade Elementary,6035554,Chino Valley Unified,SAN BERNARDINO ,0,0
Glenmoor Elementary,6000624,Fremont Unified,ALAMEDA        ,0,0
Glenn County Special Education,6077184,Glenn County Office of Education,GLENN          ,0,0
Glenn Hammond Curtiss Middle,6066294,Los Angeles Unified,LOS ANGELES    ,0,0
Glenoaks Elementary,6013692,Glendale Unified,LOS ANGELES    ,0,0
Glenshire Elementary,6113062,Tahoe-Truckee Unified,PLACER         ,0,0
Glenview Elementary,6001853,Oakland Unified,ALAMEDA        ,0,0
Glenwood Elementary,6024780,San Rafael City Elementary,MARIN          ,0,0
Glenwood Elementary,6041966,Linden Unified,SAN JOAQUIN    ,0,0
Glenwood Elementary,6112296,Robla Elementary,SACRAMENTO     ,0,0
Global Education Academy,114967,Los Angeles Unified,LOS ANGELES    ,0,0
Global Education Academy 2,129833,Los Angeles Unified,LOS ANGELES    ,0,0
Global Family,115584,Oakland Unified,ALAMEDA        ,0,0
Global Learning Charter,135863,Visalia Unified,TULARE         ,0,0
Glorietta Elementary,6004451,Orinda Union Elementary,CONTRA COSTA   ,0,0
Goddard Middle,6057731,Glendora Unified,LOS ANGELES    ,0,0
Godfrey G. Berry Elementary,6067029,South Bay Union,SAN DIEGO      ,0,0
Goethe International Charter,117978,Los Angeles Unified,LOS ANGELES    ,0,0
Gold Oak Elementary,6005508,Gold Oak Union Elementary,EL DORADO      ,0,0
Gold Ridge Educational Center,134569,Tuolumne County Superintendent of Schools,TUOLUMNE       ,0,0
Gold Ridge Elementary,6115638,Folsom-Cordova Unified,SACRAMENTO     ,0,0
Gold River Discovery Center K-8,6111363,San Juan Unified,SACRAMENTO     ,0,0
Gold Rush Charter,112276,Summerville Union High,TUOLUMNE       ,1,0
Gold Strike High,530022,Calaveras Unified,CALAVERAS      ,0,0
Gold Trail,6005516,Gold Trail Union Elementary,EL DORADO      ,0,0
Golden Eagle Charter,117168,Siskiyou County Office of Education,SISKIYOU       ,0,1
Golden Elementary,6030035,Placentia-Yorba Linda Unified,ORANGE         ,0,0
Golden Empire Elementary,6097083,Sacramento City Unified,SACRAMENTO     ,0,0
Golden Gate Community Charter,730614,Contra Costa County Office of Education,CONTRA COSTA   ,0,0
Golden Hill Elementary,6028054,Fullerton Elementary,ORANGE         ,0,0
Golden Hill K-8,108266,San Diego Unified,SAN DIEGO      ,0,0
Golden Hills Elementary,110510,Palermo Union Elementary,BUTTE          ,0,0
Golden Oak Community,116616,Sulphur Springs Union,LOS ANGELES    ,0,0
Golden Oak Elementary,6090591,Richland Union Elementary,KERN           ,0,0
Golden Oak Elementary,6106249,Visalia Unified,TULARE         ,0,0
Golden Oak Montessori of Hayward,119248,Hayward Unified,ALAMEDA        ,0,0
Golden Poppy Elementary,6118749,Palmdale Elementary,LOS ANGELES    ,0,0
Golden Ridge,930016,El Dorado County Office of Education,EL DORADO      ,0,0
Golden Sierra Junior Senior High,930073,Black Oak Mine Unified,EL DORADO      ,0,2
Golden Springs Elementary,6021836,Pomona Unified,LOS ANGELES    ,0,0
Golden Valley Adult,2030195,Golden Valley Unified,MADERA         ,0,0
Golden Valley Charter,5630363,Mesa Union Elementary,VENTURA        ,0,5
Golden Valley Elementary,6112684,Cutler-Orosi Joint Unified,TULARE         ,0,0
Golden Valley High,100198,Kern High,KERN           ,0,4
Golden Valley High,102459,William S. Hart Union High,LOS ANGELES    ,0,11
Golden Valley High,2430098,Merced Union High,MERCED         ,0,3
Golden Valley Middle,6059505,San Bernardino City Unified,SAN BERNARDINO ,0,0
Golden Valley Orchard,132399,San Juan Unified,SACRAMENTO     ,0,0
Golden Valley River,114983,San Juan Unified,SACRAMENTO     ,0,0
Golden Valley Tahoe,138008,Newcastle Elementary,PLACER         ,0,0
Golden View Elementary,6108161,San Ramon Valley Unified,CONTRA COSTA   ,0,0
Golden West Elementary,6042329,Manteca Unified,SAN JOAQUIN    ,0,0
Golden West High,5430046,Visalia Unified,TULARE         ,0,13
Golden West Middle,6051262,Travis Unified,SOLANO         ,0,0
Goldenrod Elementary,123596,Kerman Unified,FRESNO         ,0,0
Goleta Valley Junior High,6060032,Santa Barbara Unified,SANTA BARBARA  ,0,0
Gompers K-8,6015333,Long Beach Unified,LOS ANGELES    ,0,0
Gompers Preparatory Academy,119610,San Diego Unified,SAN DIEGO      ,0,11
Gonsalves (Joe A.) Elementary,6085617,ABC Unified,LOS ANGELES    ,0,0
Gonzales High,2730885,Gonzales Unified,MONTEREY       ,0,2
Gonzalo Felicitas Mendez Fundamental Intermediate,6117899,Santa Ana Unified,ORANGE         ,0,0
Good Hope Elementary,6032502,Perris Elementary,RIVERSIDE      ,0,0
Goodwill High,3630100,Victor Valley Union High,SAN BERNARDINO ,0,0
Goodwill Independent Study,138123,Victor Valley Union High,SAN BERNARDINO ,0,0
Gordon H. Beatty Elementary,6027536,Buena Park Elementary,ORANGE         ,0,0
Gorman Elementary,6013940,Gorman Joint,LOS ANGELES    ,0,0
Gorman Learning Center,1996305,Gorman Joint,LOS ANGELES    ,0,6
Gorman Learning Charter San Bernardino/Santa Clari,137794,Lucerne Valley Unified,SAN BERNARDINO ,0,6
Goshen Elementary,6054597,Visalia Unified,TULARE         ,0,0
Gould Educational Center,6077200,Madera County Superintendent of Schools,MADERA         ,0,0
Grace Hopper STEM Academy,128991,Inglewood Unified,LOS ANGELES    ,0,0
Grace Hudson Elementary,101147,Ukiah Unified,MENDOCINO      ,0,0
Grace M. Davis High,5031380,Modesto City High,STANISLAUS     ,0,10
Grace Miller Elementary,6011829,Bonita Unified,LOS ANGELES    ,0,0
Grace Patterson Elementary,6099667,Vallejo City Unified,SOLANO         ,0,0
Grace S. Thille Elementary,6055586,Santa Paula Unified,VENTURA        ,0,0
Grace Smith Elementary,6008403,Calipatria Unified,IMPERIAL       ,0,0
Grace Yokley Middle,6102909,Mountain View Elementary,SAN BERNARDINO ,0,0
Graciano Gomez Elementary,127332,San Bernardino City Unified,SAN BERNARDINO ,0,0
Graham Elementary,6017321,Los Angeles Unified,LOS ANGELES    ,0,0
Granada Elementary,6011043,Alhambra Unified,LOS ANGELES    ,0,0
Granada High,133397,Livermore Valley Joint Unified,ALAMEDA        ,13,11
Granada High,2430064,Le Grand Union High,MERCED         ,0,0
Granada Hills Charter High,1933746,Los Angeles Unified,LOS ANGELES    ,18,31
Granada Middle,6013015,East Whittier City Elementary,LOS ANGELES    ,0,0
Grand Island Elementary,6003537,Pierce Joint Unified,COLUSA         ,0,0
Grand Oaks Elementary,6034573,San Juan Unified,SACRAMENTO     ,0,0
Grand Terrace Elementary,6035620,Colton Joint Unified,SAN BERNARDINO ,0,0
Grand Terrace High School at the Ray Abril Jr. Edu,125500,Colton Joint Unified,SAN BERNARDINO ,0,12
Grand View Boulevard Elementary,6017347,Los Angeles Unified,LOS ANGELES    ,0,0
Grand View Elementary,6020358,Manhattan Beach Unified,LOS ANGELES    ,0,0
"Grandview, College Preparatory Academy",6022263,Hacienda la Puente Unified,LOS ANGELES    ,0,0
Grange Middle,6093397,Fairfield-Suisun Unified,SOLANO         ,0,0
Granger Junior High,6059778,Sweetwater Union High,SAN DIEGO      ,0,1
Granite Bay High,3130184,Roseville Joint Union High,PLACER         ,10,11
Granite Hill Elementary,6110548,Jurupa Unified,RIVERSIDE      ,0,0
Granite Hills High,3630894,Apple Valley Unified,SAN BERNARDINO ,0,15
Granite Hills High,3732336,Grossmont Union High,SAN DIEGO      ,10,5
Granite Hills High,5430251,Porterville Unified,TULARE         ,0,2
Granite Oaks Middle,6116057,Rocklin Unified,PLACER         ,0,0
Granite Pointe Elementary,116715,Greenfield Union,KERN           ,0,0
Granite Ridge Intermediate,113548,Clovis Unified,FRESNO         ,0,0
Grant Elementary,6002604,San Lorenzo Unified,ALAMEDA        ,0,0
Grant Elementary,6007777,Eureka City Schools,HUMBOLDT       ,0,0
Grant Elementary,6050330,Grant Elementary,SHASTA         ,0,0
Grant Elementary,6115380,Antioch Unified,CONTRA COSTA   ,0,0
Grant K-8,6039671,San Diego Unified,SAN DIEGO      ,0,0
Grant Union High,3433794,Twin Rivers Unified,SACRAMENTO     ,1,15
Grape Street Elementary,6017362,Los Angeles Unified,LOS ANGELES    ,0,0
Grapeland Elementary,6119622,Etiwanda Elementary,SAN BERNARDINO ,0,0
Grapevine Elementary,6040620,Vista Unified,SAN DIEGO      ,0,0
Grass Valley Charter,6111140,Grass Valley Elementary,NEVADA         ,0,0
Grass Valley Elementary,6001879,Oakland Unified,ALAMEDA        ,0,0
Grattan Elementary,6041115,San Francisco Unified,SAN FRANCISCO  ,0,0
Gratton Charter,120089,Gratton Elementary,STANISLAUS     ,0,0
Gratton Elementary,6052534,Gratton Elementary,STANISLAUS     ,0,0
Gratts Learning Academy for Young Scholars (GLAYS),6113419,Los Angeles Unified,LOS ANGELES    ,0,0
Gravenstein Community Day,6119655,Gravenstein Union Elementary,SONOMA         ,0,0
Gravenstein Elementary,6051742,Gravenstein Union Elementary,SONOMA         ,0,0
Gravenstein First,126888,Gravenstein Union Elementary,SONOMA         ,0,0
Graves Elementary,6026108,Graves Elementary,MONTEREY       ,0,0
Gray Avenue Middle,6053383,Yuba City Unified,SUTTER         ,0,0
Grayson Elementary,6052922,Patterson Joint Unified,STANISLAUS     ,0,0
Graystone Elementary,6093082,San Jose Unified,SANTA CLARA    ,0,0
Grazide Elementary,6014203,Hacienda la Puente Unified,LOS ANGELES    ,0,0
Great Oak High,105734,Temecula Valley Unified,RIVERSIDE      ,14,21
Great Partnership Special Education Consortium,115568,Gateway Unified,SHASTA         ,0,0
Great Valley Academy,117457,Stanislaus County Office of Education,STANISLAUS     ,0,0
Great Valley Academy - Salida,124768,Salida Union Elementary,STANISLAUS     ,0,0
Great Valley Elementary,6115414,Manteca Unified,SAN JOAQUIN    ,0,0
Great Western Elementary,6088959,Kings Canyon Joint Unified,FRESNO         ,0,0
Greater San Diego Academy,6117303,Jamul-Dulzura Union Elementary,SAN DIEGO      ,0,0
Greeley Hill Elementary,132258,Mariposa County Unified,MARIPOSA       ,0,0
Green Acres Elementary,6049597,Live Oak Elementary,SANTA CRUZ     ,0,0
Green Acres Middle,6054605,Visalia Unified,TULARE         ,0,0
Green Elementary,6039697,San Diego Unified,SAN DIEGO      ,0,0
Green Hills Elementary,6044200,Millbrae Elementary,SAN MATEO      ,0,0
Green Oaks Fundamental Elementary,6034581,San Juan Unified,SACRAMENTO     ,0,0
Green Point Elementary,6007918,Green Point Elementary,HUMBOLDT       ,0,0
Green Tree East Elementary,6110522,Victor Elementary,SAN BERNARDINO ,0,0
Green Valley Elementary,6005094,San Ramon Valley Unified,CONTRA COSTA   ,0,0
Green Valley Elementary,6098693,Rescue Union Elementary,EL DORADO      ,0,0
Green Valley High,3633351,Yucaipa-Calimesa Joint Unified,SAN BERNARDINO ,0,0
Green Valley Independent Study,101816,Yucaipa-Calimesa Joint Unified,SAN BERNARDINO ,0,0
Green Valley Middle,6051189,Fairfield-Suisun Unified,SOLANO         ,0,0
Greenbrook Elementary,6096036,San Ramon Valley Unified,CONTRA COSTA   ,0,0
Greendell,6048300,Palo Alto Unified,SANTA CLARA    ,0,0
Greenfield Community,120865,Greenfield Union,KERN           ,0,0
Greenfield High,2730174,South Monterey County Joint Union High,MONTEREY       ,0,11
Greenfield Middle,6009567,Greenfield Union,KERN           ,0,0
Greenfield Middle,6037659,Cajon Valley Union,SAN DIEGO      ,0,0
Greenhills Elementary,6031108,Eureka Union,PLACER         ,0,0
Greenleaf Elementary,115618,Oakland Unified,ALAMEDA        ,0,0
Greentree Elementary,6089445,Irvine Unified,ORANGE         ,0,0
Greenville Fundamental Elementary,6099816,Santa Ana Unified,ORANGE         ,0,0
Greenville Junior/Senior High,3233509,Plumas Unified,PLUMAS         ,0,3
Greenwood Academy,733253,West Contra Costa Unified,CONTRA COSTA   ,0,0
Greenwood Elementary,6020580,Montebello Unified,LOS ANGELES    ,0,0
Greer Elementary,6034599,San Juan Unified,SACRAMENTO     ,0,0
Gregg Anderson Academy,125690,Westside Union Elementary,LOS ANGELES    ,0,0
Gregory Gardens Elementary,6112395,Mt. Diablo Unified,CONTRA COSTA   ,0,0
Grenada Elementary,6050777,Grenada Elementary,SISKIYOU       ,0,0
Gretchen Higgins Elementary,6120240,Dixon Unified,SOLANO         ,0,0
Gridley High,433953,Gridley Unified,BUTTE          ,0,7
Gridley Street Elementary,6017388,Los Angeles Unified,LOS ANGELES    ,0,0
Griffin Avenue Elementary,6017396,Los Angeles Unified,LOS ANGELES    ,0,0
Griffith Middle,6058036,Los Angeles Unified,LOS ANGELES    ,0,0
Griffiths (Gordon) Middle,6057624,Downey Unified,LOS ANGELES    ,0,0
Grimmway Academy,124040,Kern County Office of Education,KERN           ,0,0
Grimmway Academy Shafter,135186,Richland Union Elementary,KERN           ,0,0
Grizzly ChalleNGe Charter,101725,San Luis Obispo County Office of Education,SAN LUIS OBISPO,0,0
Grizzly Hill,6089403,Twin Ridges Elementary,NEVADA         ,0,0
Grossmont High,3732625,Grossmont Union High,SAN DIEGO      ,0,16
Grossmont Middle College High,3731536,Grossmont Union High,SAN DIEGO      ,0,0
Grossmont Secondary,136077,SBE - Grossmont Secondary,SAN DIEGO      ,0,1
Grove,3630928,Redlands Unified,SAN BERNARDINO ,0,5
Grovecenter Elementary,6012512,Covina-Valley Unified,LOS ANGELES    ,0,0
Grover Beach Elementary,6043038,Lucia Mar Unified,SAN LUIS OBISPO,0,0
Grover Cleveland Charter High,1931864,Los Angeles Unified,LOS ANGELES    ,0,18
Grover Heights Elementary,6043046,Lucia Mar Unified,SAN LUIS OBISPO,0,0
Growth Public,135343,Sacramento City Unified,SACRAMENTO     ,0,0
Grunsky Elementary,6042600,Stockton Unified,SAN JOAQUIN    ,0,0
Guadalupe Elementary,6049357,Union Elementary,SANTA CLARA    ,0,0
Guajome Learning Center,124917,Vista Unified,SAN DIEGO      ,0,0
Guajome Park Academy Charter,3730942,Vista Unified,SAN DIEGO      ,12,0
Guerneville Elementary,6051767,Guerneville Elementary,SONOMA         ,0,0
Guerneville Primary,138248,Guerneville Elementary,SONOMA         ,0,0
Guin Foss Elementary,6030605,Tustin Unified,ORANGE         ,0,0
Guinn (James M.) Elementary,6027320,Anaheim Elementary,ORANGE         ,0,0
Gulf Avenue Elementary,6017404,Los Angeles Unified,LOS ANGELES    ,0,0
Gunderson High,4330080,San Jose Unified,SANTA CLARA    ,0,12
Gus Franklin Jr. School,125898,Adelanto Elementary,SAN BERNARDINO ,0,0
Gussie M. Baker Elementary,6047807,Moreland,SANTA CLARA    ,0,0
Gustine Elementary,6025720,Gustine Unified,MERCED         ,0,0
Gustine High,2431807,Gustine Unified,MERCED         ,0,9
Gustine Middle,6103766,Gustine Unified,MERCED         ,0,0
Guy Jr. Emanuele Elementary,6115554,New Haven Unified,ALAMEDA        ,0,0
H. A. Hyde Elementary,6049704,Pajaro Valley Unified,SANTA CRUZ     ,0,0
H. A. Snow Elementary,6001473,Newark Unified,ALAMEDA        ,0,0
H. Allen Hight Elementary,116806,Natomas Unified,SACRAMENTO     ,0,0
H. Clarke Powers Elementary,6117824,Loomis Union Elementary,PLACER         ,1,0
H. Frank Dominguez Elementary,128926,San Bernardino City Unified,SAN BERNARDINO ,0,0
H. Glenn Richardson,122093,Fairfield-Suisun Unified,SOLANO         ,0,0
H. W. Harkness Elementary,6033997,Sacramento City Unified,SACRAMENTO     ,0,0
Hacienda Elementary,113837,Mojave Unified,KERN           ,0,0
Hacienda Science/Environmental Magnet,6048722,San Jose Unified,SANTA CLARA    ,0,0
Haddon Avenue Elementary,6017412,Los Angeles Unified,LOS ANGELES    ,0,0
Hage Elementary,6109599,San Diego Unified,SAN DIEGO      ,0,0
Hagginwood Elementary,6033385,Twin Rivers Unified,SACRAMENTO     ,0,0
Halecrest Elementary,6037865,Chula Vista Elementary,SAN DIEGO      ,0,0
Half Moon Bay High,4132817,Cabrillo Unified,SAN MATEO      ,1,14
Hall District Elementary,6049712,Pajaro Valley Unified,SANTA CRUZ     ,0,0
Hall Middle,6024350,Larkspur-Corte Madera,MARIN          ,0,0
Halldale Elementary,6017420,Los Angeles Unified,LOS ANGELES    ,0,0
Hallmark Charter,1030766,Sanger Unified,FRESNO         ,0,0
Hamilton Elementary,107359,Hemet Unified,RIVERSIDE      ,0,0
Hamilton Elementary,110981,Hanford Elementary,KINGS          ,0,0
Hamilton Elementary,6007447,Hamilton Unified,GLENN          ,0,0
Hamilton Elementary,6120125,Fresno Unified,FRESNO         ,0,0
Hamilton High,106716,Hemet Unified,RIVERSIDE      ,0,6
Hamilton High,1133701,Hamilton Unified,GLENN          ,0,1
Hamilton Meadow Park,6024491,Novato Unified,MARIN          ,0,0
Hamilton Middle,6057780,Long Beach Unified,LOS ANGELES    ,0,0
Hamlin Charter Academy,6017438,Los Angeles Unified,LOS ANGELES    ,0,0
Hammer Montessori at Galarza Elementary,6048565,San Jose Unified,SANTA CLARA    ,0,0
Hancock Elementary,6096051,San Diego Unified,SAN DIEGO      ,0,0
Hancock Park Elementary,6017453,Los Angeles Unified,LOS ANGELES    ,0,0
Handy Elementary,6029805,Orange Unified,ORANGE         ,0,0
Hanford Community Day,1630151,Hanford Joint Union High,KINGS          ,0,0
Hanford Elementary Community Day,6118459,Hanford Elementary,KINGS          ,0,0
Hanford High,1634401,Hanford Joint Union High,KINGS          ,0,11
Hanford Night (Continuation),1630060,Hanford Joint Union High,KINGS          ,0,0
Hanford Online Charter,137901,Hanford Joint Union High,KINGS          ,0,0
Hanford West High,1630169,Hanford Joint Union High,KINGS          ,0,10
Hanh Phan Tilley Elementary,130690,Central Unified,FRESNO         ,0,0
Hanna Ranch Elementary,6112015,West Contra Costa Unified,CONTRA COSTA   ,0,0
Hannalei Elementary,100933,Vista Unified,SAN DIEGO      ,0,0
Hans Christensen Middle,119206,Menifee Union Elementary,RIVERSIDE      ,0,0
Hansen Elementary,137075,Lammersville Joint Unified,SAN JOAQUIN    ,0,0
Hansen Elementary,6030464,Savanna Elementary,ORANGE         ,0,0
Hanson Elementary,6039028,Ramona City Unified,SAN DIEGO      ,0,0
Happy Camp High,4734356,Siskiyou Union High,SISKIYOU       ,0,0
Happy Valley Community Day,112656,Happy Valley Union Elementary,SHASTA         ,0,0
Happy Valley Elementary,6003743,Lafayette Elementary,CONTRA COSTA   ,0,0
Happy Valley Elementary,6050348,Happy Valley Union Elementary,SHASTA         ,0,0
Happy Valley Primary,6097703,Happy Valley Union Elementary,SHASTA         ,0,0
Harada Elementary,105809,Corona-Norco Unified,RIVERSIDE      ,0,0
Harbor City Elementary,6017461,Los Angeles Unified,LOS ANGELES    ,0,0
Harbor High,4432340,Santa Cruz City High,SANTA CRUZ     ,0,12
Harbor Springs Charter,128421,Julian Union Elementary,SAN DIEGO      ,0,0
Harbor View Elementary,6029334,Newport-Mesa Unified,ORANGE         ,0,0
Harborside Elementary,6037873,Chula Vista Elementary,SAN DIEGO      ,0,0
Harbour View Elementary,6029581,Ocean View,ORANGE         ,0,0
Harbour Way Elementary Community Day,6114086,West Contra Costa Unified,CONTRA COSTA   ,0,0
Harden Middle,6110753,Salinas Union High,MONTEREY       ,0,0
Harder Elementary,6000996,Hayward Unified,ALAMEDA        ,0,0
Harding Elementary,6008965,Bakersfield City,KERN           ,0,0
Harding Street Elementary,6017479,Los Angeles Unified,LOS ANGELES    ,0,0
Harding University Partnership,6045850,Santa Barbara Unified,SANTA BARBARA  ,0,0
Hardy Brown College Prep,122317,San Bernardino City Unified,SAN BERNARDINO ,0,0
Hardy Elementary,6039713,San Diego Unified,SAN DIEGO      ,0,0
Harloe Elementary,6043053,Lucia Mar Unified,SAN LUIS OBISPO,0,0
Harmon Johnson Elementary,6033393,Twin Rivers Unified,SACRAMENTO     ,0,0
Harmony Elementary,101139,Hemet Unified,RIVERSIDE      ,0,0
Harmony Elementary,105817,Delhi Unified,MERCED         ,0,0
Harmony Elementary,6051775,Harmony Union Elementary,SONOMA         ,0,0
Harmony Magnet Academy,116590,Porterville Unified,TULARE         ,0,6
Harold Ambuehl Elementary,6097398,Capistrano Unified,ORANGE         ,0,0
Harold McAlister High (Opportunity),1930619,Los Angeles Unified,LOS ANGELES    ,0,0
Harold William Kolb,123935,Dublin Unified,ALAMEDA        ,0,0
Harriet G. Eddy Middle,6112031,Elk Grove Unified,SACRAMENTO     ,0,0
Harriet Tubman Village Charter,6040018,San Diego Unified,SAN DIEGO      ,0,0
Harriette Kirschen Elementary,6105670,Modesto City Elementary,STANISLAUS     ,0,0
Harrington Elementary,6055297,Oxnard,VENTURA        ,0,0
Harris Newmark Continuation,1930296,Los Angeles Unified,LOS ANGELES    ,0,0
Harrison Elementary,6021851,Pomona Unified,LOS ANGELES    ,0,0
Harrison Elementary,6032601,Riverside Unified,RIVERSIDE      ,0,0
Harrison Elementary,6042618,Stockton Unified,SAN JOAQUIN    ,0,0
Harrison Street Elementary,6017487,Los Angeles Unified,LOS ANGELES    ,0,0
Harry Bridges Span,126581,Los Angeles Unified,LOS ANGELES    ,0,0
Harry Dewey Fundamental Elementary,6034516,San Juan Unified,SACRAMENTO     ,0,0
Harry P B Carden,5830047,Yuba County Office of Education,YUBA           ,0,0
Harry S. Truman Elementary,6106082,Desert Sands Unified,RIVERSIDE      ,0,0
Harry S. Truman Middle,6113351,Fontana Unified,SAN BERNARDINO ,0,0
Harry Wirtz Elementary,6021489,Paramount Unified,LOS ANGELES    ,0,0
Hart Street Elementary,6017495,Los Angeles Unified,LOS ANGELES    ,0,0
Hart-Ransom Academic Charter,6112965,Hart-Ransom Union Elementary,STANISLAUS     ,0,0
Hart-Ransom Elementary,6052542,Hart-Ransom Union Elementary,STANISLAUS     ,0,0
Harte (Bret) Elementary,6040760,San Francisco Unified,SAN FRANCISCO  ,0,0
Harte Elementary,6015358,Long Beach Unified,LOS ANGELES    ,0,0
Harvard Elementary,109314,Los Angeles Unified,LOS ANGELES    ,0,0
Harvest Elementary,113993,Central Unified,FRESNO         ,0,0
Harvest High,128215,Ripon Unified,SAN JOAQUIN    ,0,0
Harvest Hill S.T.E.A.M. Academy,134080,Menifee Union Elementary,RIVERSIDE      ,0,0
Harvest Middle,101568,Napa Valley Unified,NAPA           ,1,0
Harvest Park Middle,6066500,Pleasanton Unified,ALAMEDA        ,0,0
Harvest Ridge Cooperative Charter,121608,Newcastle Elementary,PLACER         ,0,0
Harvest Valley Elementary,6109581,Romoland Elementary,RIVERSIDE      ,0,0
Harvey Green Elementary,6000640,Fremont Unified,ALAMEDA        ,0,0
Haskell (Pliny Fisk) Middle,6061220,ABC Unified,LOS ANGELES    ,0,0
Haskell Elementary Science Technology Engineering ,6017503,Los Angeles Unified,LOS ANGELES    ,0,0
Havard (Leona M) Early Education,117564,San Francisco Unified,SAN FRANCISCO  ,0,0
Haven Drive Middle,6008817,Arvin Union,KERN           ,0,0
Havens Elementary,6002299,Piedmont City Unified,ALAMEDA        ,0,0
Hawaiian Avenue Elementary,6017511,Los Angeles Unified,LOS ANGELES    ,0,0
Hawaiian Elementary,6010920,ABC Unified,LOS ANGELES    ,0,0
Hawes Elementary,6044481,Redwood City Elementary,SAN MATEO      ,0,0
Hawking S.T.E.A.M. Charter,126086,Sweetwater Union High,SAN DIEGO      ,0,0
Hawthorne Elementary,6011761,Beverly Hills Unified,LOS ANGELES    ,0,0
Hawthorne Elementary,6043236,San Luis Coastal Unified,SAN LUIS OBISPO,0,0
Hawthorne High,1933951,Centinela Valley Union High,LOS ANGELES    ,0,10
Hawthorne Math and Science Academy,100354,Hawthorne,LOS ANGELES    ,0,11
Hawthorne Middle,6013965,Hawthorne,LOS ANGELES    ,0,0
Haydock Academy of Arts & Sciences,6055305,Oxnard,VENTURA        ,0,0
Hayes Elementary,6099451,Oak Grove Elementary,SANTA CLARA    ,0,0
Hayfork Elementary,6053730,Mountain Valley Unified,TRINITY        ,0,0
Hayfork High,5337407,Mountain Valley Unified,TRINITY        ,0,2
Haynes Charter For Enriched Studies,6017529,Los Angeles Unified,LOS ANGELES    ,0,0
Hayward High,133629,Hayward Unified,ALAMEDA        ,0,12
Hazel Fischer Elementary,6003396,Vallecito Union,CALAVERAS      ,0,0
Hazel M. Bailey Primary,6006001,Firebaugh-Las Deltas Unified,FRESNO         ,0,0
Hazel Strauch Elementary,6033419,Twin Rivers Unified,SACRAMENTO     ,0,0
Hazeltine Avenue Elementary,6017537,Los Angeles Unified,LOS ANGELES    ,0,0
Hazelton Elementary,6042626,Stockton Unified,SAN JOAQUIN    ,0,0
Healdsburg Charter,124230,Healdsburg Unified,SONOMA         ,0,0
Healdsburg Elementary,6051791,Healdsburg Unified,SONOMA         ,0,0
Healdsburg High,4932554,Healdsburg Unified,SONOMA         ,0,10
Healdsburg Junior High,6060222,Healdsburg Unified,SONOMA         ,0,0
Health Careers Academy,123802,Stockton Unified,SAN JOAQUIN    ,0,3
Health Sciences High,114462,San Diego Unified,SAN DIEGO      ,0,0
Health Sciences Middle,128066,San Diego Unified,SAN DIEGO      ,0,0
Hearst Elementary,6039739,San Diego Unified,SAN DIEGO      ,0,0
Hearthstone School,430090,Butte County Office of Education,BUTTE          ,0,0
Heartland Charter,138131,Maricopa Unified,KERN           ,0,3
Heartland High (Continuation),1036607,Selma Unified,FRESNO         ,0,0
Heather Elementary,6044754,San Carlos Elementary,SAN MATEO      ,0,0
Heaton Elementary,6006274,Fresno Unified,FRESNO         ,0,0
Heber Elementary,6008502,Heber Elementary,IMPERIAL       ,0,0
Hector G. Godinez,114736,Santa Ana Unified,ORANGE         ,0,18
Hedenkamp (Anne and William) Elementary,101592,Chula Vista Elementary,SAN DIEGO      ,0,0
Heights Elementary,6004527,Pittsburg Unified,CONTRA COSTA   ,0,0
Heinz Kaiser Elementary,6029359,Newport-Mesa Unified,ORANGE         ,0,0
Helen Bernstein High,117069,Los Angeles Unified,LOS ANGELES    ,0,9
Helen Carr Castello Elementary,108738,Elk Grove Unified,SACRAMENTO     ,0,0
Helen Estock Elementary,6030613,Tustin Unified,ORANGE         ,0,0
Helen Hunt Jackson College Prep High,3330503,Hemet Unified,RIVERSIDE      ,0,0
Helen Hunt Jackson Elementary,6116438,Temecula Valley Unified,RIVERSIDE      ,0,0
Helen Keller Elementary,107912,Lynwood Unified,LOS ANGELES    ,0,0
Helen Keller Middle,132381,Long Beach Unified,LOS ANGELES    ,0,0
Helen L. Dollahan Elementary,6105704,Rialto Unified,SAN BERNARDINO ,0,0
Helen M. Lehman Elementary,6066385,Santa Rosa Elementary,SONOMA         ,0,0
Helen M. Wilcox Elementary,6003289,Palermo Union Elementary,BUTTE          ,0,0
Helen Stacey Middle,6030712,Westminster,ORANGE         ,0,0
Helendale Elementary,6035935,Helendale Elementary,SAN BERNARDINO ,0,0
Heliotrope Avenue Elementary,6017545,Los Angeles Unified,LOS ANGELES    ,0,0
Helix High,3732732,Grossmont Union High,SAN DIEGO      ,0,9
Helm Elementary,6006647,Golden Plains Unified,FRESNO         ,0,0
Helms Middle,6057228,West Contra Costa Unified,CONTRA COSTA   ,0,0
Hemet Elementary,135251,Hemet Unified,RIVERSIDE      ,0,0
Hemet High,3332673,Hemet Unified,RIVERSIDE      ,0,18
Hemlock Elementary,6051346,Vacaville Unified,SOLANO         ,0,0
Hemlock Elementary,6111173,Fontana Unified,SAN BERNARDINO ,0,0
Hemmerling Elementary,6031629,Banning Unified,RIVERSIDE      ,0,0
Henderson,132837,Lodi Unified,SAN JOAQUIN    ,0,0
Henderson Elementary,6035349,Barstow Unified,SAN BERNARDINO ,0,0
Hendrick Ranch Elementary,6108724,Moreno Valley Unified,RIVERSIDE      ,0,0
Henry,6015366,Long Beach Unified,LOS ANGELES    ,0,0
Henry (Patrick) Elementary,6027387,Anaheim Elementary,ORANGE         ,0,0
Henry Dalton Elementary,6011274,Azusa Unified,LOS ANGELES    ,0,0
Henry David Thoreau Continuation,1932250,Los Angeles Unified,LOS ANGELES    ,0,0
Henry Eissler Elementary,6008973,Bakersfield City,KERN           ,0,0
Henry Elementary,6036644,Rialto Unified,SAN BERNARDINO ,0,0
Henry F. Bishop Elementary,6110209,Coalinga-Huron Unified,FRESNO         ,0,0
Henry F. Kammann Elementary,6026538,Salinas City Elementary,MONTEREY       ,0,0
Henry Ford Elementary,6044499,Redwood City Elementary,SAN MATEO      ,0,0
Henry Haight Elementary,6090047,Alameda Unified,ALAMEDA        ,0,0
Henry High,3732781,San Diego Unified,SAN DIEGO      ,0,15
Henry J. Kaiser High,3630902,Fontana Unified,SAN BERNARDINO ,0,19
Henry M. Gunn High,4332904,Palo Alto Unified,SANTA CLARA    ,0,20
Henry Miller Elementary,6025548,Los Banos Unified,MERCED         ,0,0
Henry P. Mohr Elementary,6114318,Pleasanton Unified,ALAMEDA        ,0,0
Henry T. Gage Middle,6061469,Los Angeles Unified,LOS ANGELES    ,0,0
Herbert C. Green Middle,6005615,Mother Lode Union Elementary,EL DORADO      ,0,0
Herbert H. Cruickshank Middle,6112288,Merced City Elementary,MERCED         ,0,0
Herbert Hoover Elementary,6031967,Desert Sands Unified,RIVERSIDE      ,0,0
Herbert Hoover Elementary,6048201,Palo Alto Unified,SANTA CLARA    ,0,0
Herbert Hoover High,1032911,Fresno Unified,FRESNO         ,0,15
Herbert Hoover High,1934082,Glendale Unified,LOS ANGELES    ,0,7
Herbert Hoover Middle,6025647,Merced City Elementary,MERCED         ,0,0
Herbert Hoover Middle,6062111,San Jose Unified,SANTA CLARA    ,0,0
Herbert Slater Middle,6060263,Santa Rosa High,SONOMA         ,0,0
Hercules High,730598,West Contra Costa Unified,CONTRA COSTA   ,0,10
Hercules Middle,6119515,West Contra Costa Unified,CONTRA COSTA   ,0,0
Heritage,6112924,Snowline Joint Unified,SAN BERNARDINO ,0,0
Heritage CCCOE Special Education Programs,118208,Contra Costa County Office of Education,CONTRA COSTA   ,0,0
Heritage Community Day,6121016,Thermalito Union Elementary,BUTTE          ,0,0
Heritage Elementary,6097760,Lodi Unified,SAN JOAQUIN    ,0,0
Heritage Elementary,6118970,Chula Vista Elementary,SAN DIEGO      ,0,0
Heritage High,107797,Liberty Union High,CONTRA COSTA   ,0,18
Heritage High,113191,Perris Union High,RIVERSIDE      ,0,4
Heritage Intermediate,6119630,Etiwanda Elementary,SAN BERNARDINO ,0,0
Heritage K-8 Charter,101535,Escondido Union,SAN DIEGO      ,0,0
Heritage Oak Elementary,6108963,Dry Creek Joint Elementary,PLACER         ,0,0
Heritage Peak Charter,108415,Twin Rivers Unified,SACRAMENTO     ,0,0
Heritage Valley Independent Study,124750,Fillmore Unified,VENTURA        ,0,0
Herk Bouris Elementary,125906,Menifee Union Elementary,RIVERSIDE      ,0,0
Herlong High,1833409,Fort Sage Unified,LASSEN         ,0,0
Herman (Leonard) Intermediate,6068167,Oak Grove Elementary,SANTA CLARA    ,0,0
Herman Leimbach Elementary,6077291,Elk Grove Unified,SACRAMENTO     ,0,0
Hermosa Drive Elementary,6028062,Fullerton Elementary,ORANGE         ,0,0
Hermosa Elementary,6104475,Alta Loma Elementary,SAN BERNARDINO ,0,0
Hermosa Valley Elementary,6095434,Hermosa Beach City Elementary,LOS ANGELES    ,0,0
Hermosa View Elementary,6014047,Hermosa Beach City Elementary,LOS ANGELES    ,0,0
Herndon-Barstow Elementary,6006654,Central Unified,FRESNO         ,0,0
Heroes Elementary,116582,Santa Ana Unified,ORANGE         ,0,0
Heron,111138,Natomas Unified,SACRAMENTO     ,0,0
Herrick Avenue Elementary,6017552,Los Angeles Unified,LOS ANGELES    ,0,0
Hesby Oaks Leadership Charter,112060,Los Angeles Unified,LOS ANGELES    ,0,0
Hesperia Community Day,3630944,Hesperia Unified,SAN BERNARDINO ,0,0
Hesperia High,3630407,Hesperia Unified,SAN BERNARDINO ,1,14
Hesperia Junior High,6059547,Hesperia Unified,SAN BERNARDINO ,0,0
Hesperian Elementary,6002612,San Lorenzo Unified,ALAMEDA        ,0,0
Hewes Middle,6030621,Tustin Unified,ORANGE         ,0,0
Hickman Charter,6112627,Hickman Community Charter,STANISLAUS     ,0,0
Hickman Elementary,6089023,San Diego Unified,SAN DIEGO      ,0,0
Hickman Middle,6116388,Hickman Community Charter,STANISLAUS     ,0,0
Hickory Elementary,6023105,Torrance Unified,LOS ANGELES    ,0,0
Hicks Canyon Elementary,102889,Tustin Unified,ORANGE         ,0,0
Hidden Hills Elementary,102566,San Ramon Valley Unified,CONTRA COSTA   ,0,0
Hidden Springs Elementary,6108732,Moreno Valley Unified,RIVERSIDE      ,0,0
Hidden Trails Elementary,6112833,Chino Valley Unified,SAN BERNARDINO ,0,0
Hidden Valley Elementary,124578,Ross Valley Elementary,MARIN          ,0,0
Hidden Valley Elementary,6004097,Mt. Diablo Unified,CONTRA COSTA   ,0,0
Hidden Valley Middle,6093215,Escondido Union,SAN DIEGO      ,0,0
High Desert,6107494,Acton-Agua Dulce Unified,LOS ANGELES    ,0,0
High Desert Community Day,2530111,Modoc Joint Unified,MODOC          ,0,0
High Desert Premier Academy,3631009,Apple Valley Unified,SAN BERNARDINO ,0,0
High Tech Elementary,131565,San Diego Unified,SAN DIEGO      ,0,0
High Tech Elementary Chula Vista,123059,SBC - High Tech High,SAN DIEGO      ,0,0
High Tech Elementary Explorer,6117683,San Diego Unified,SAN DIEGO      ,0,0
High Tech Elementary North County,127605,SBC - High Tech High,SAN DIEGO      ,0,0
High Tech High,3731247,San Diego Unified,SAN DIEGO      ,0,0
High Tech High Chula Vista,114678,SBC - High Tech High,SAN DIEGO      ,0,0
High Tech High International,106732,San Diego Unified,SAN DIEGO      ,0,0
High Tech High Media Arts,108787,San Diego Unified,SAN DIEGO      ,0,0
High Tech High Mesa,137067,SBC - High Tech High,SAN DIEGO      ,0,0
High Tech High North County,114694,SBC - High Tech High,SAN DIEGO      ,0,0
High Tech LA,100677,Los Angeles Unified,LOS ANGELES    ,0,0
High Tech LA Middle,137471,Los Angeles Unified,LOS ANGELES    ,0,0
High Tech Middle,101204,San Diego Unified,SAN DIEGO      ,0,0
High Tech Middle Chula Vista,123042,SBC - High Tech High,SAN DIEGO      ,0,0
High Tech Middle Media Arts,107573,San Diego Unified,SAN DIEGO      ,0,0
High Tech Middle North County,119271,SBC - High Tech High,SAN DIEGO      ,0,0
Higher Learning Academy,113878,Twin Rivers Unified,SACRAMENTO     ,0,0
Highgrove Elementary,6032627,Riverside Unified,RIVERSIDE      ,0,0
Highland,131334,Hayward Unified,ALAMEDA        ,0,0
Highland Academy,127142,Beaumont Unified,RIVERSIDE      ,0,0
Highland Elementary,6010078,Standard Elementary,KERN           ,0,0
Highland Elementary,6032635,Riverside Unified,RIVERSIDE      ,0,0
Highland Elementary,6054613,Visalia Unified,TULARE         ,0,0
Highland Grove Elementary,107888,Redlands Unified,SAN BERNARDINO ,0,0
Highland High,1533330,Kern High,KERN           ,0,8
Highland High,1995398,Antelope Valley Union High,LOS ANGELES    ,0,10
Highland Oaks Elementary,6011167,Arcadia Unified,LOS ANGELES    ,0,0
Highland Pacific Elementary,6037063,San Bernardino City Unified,SAN BERNARDINO ,0,0
Highland Park Continuation,1931393,Los Angeles Unified,LOS ANGELES    ,0,0
Highland Ranch Elementary,6110886,Poway Unified,SAN DIEGO      ,0,0
Highlands Academy,6057434,Konocti Unified,LAKE           ,0,0
Highlands Community Charter,130757,Twin Rivers Unified,SACRAMENTO     ,0,0
Highlands Elementary,6004105,Mt. Diablo Unified,CONTRA COSTA   ,0,0
Highlands High,3434370,Twin Rivers Unified,SACRAMENTO     ,0,9
Hilda L. Solis Learning Academy School of Technolo,126474,Los Angeles Unified,LOS ANGELES    ,0,4
Hill Creek Elementary,6085161,Santee,SAN DIEGO      ,0,0
Hillcrest Drive Elementary,6017586,Los Angeles Unified,LOS ANGELES    ,0,0
Hillcrest Elementary,6001911,Oakland Unified,ALAMEDA        ,0,0
Hillcrest High,125732,Alvord Unified,RIVERSIDE      ,0,15
Hillcrest Middle,6051759,Gravenstein Union Elementary,SONOMA         ,0,0
Hillcrest at Youth Services Center,4130076,San Mateo County Office of Education,SAN MATEO      ,0,0
Hillery T. Broadous Elementary,6017081,Los Angeles Unified,LOS ANGELES    ,0,0
Hilliard Comstock Middle,6068977,Santa Rosa High,SONOMA         ,0,0
Hillsdale Elementary,6033518,Twin Rivers Unified,SACRAMENTO     ,0,0
Hillsdale High,4133070,San Mateo Union High,SAN MATEO      ,0,12
Hillsdale Middle,6112890,Cajon Valley Union,SAN DIEGO      ,0,0
Hillside Elementary,136846,Chawanakee Unified,MADERA         ,0,0
Hillside Elementary,6002620,San Lorenzo Unified,ALAMEDA        ,0,0
Hillside Elementary,6036909,San Bernardino City Unified,SAN BERNARDINO ,0,0
Hillside High,3630456,Upland Unified,SAN BERNARDINO ,0,0
Hillside Junior/Senior High,3730991,Mountain Empire Unified,SAN DIEGO      ,0,0
Hillside Middle,6084925,Simi Valley Unified,VENTURA        ,0,0
Hilltop Drive Elementary,6037899,Chula Vista Elementary,SAN DIEGO      ,0,0
Hilltop Middle,6062004,Sweetwater Union High,SAN DIEGO      ,0,0
Hilltop Senior High,3732849,Sweetwater Union High,SAN DIEGO      ,0,19
Hillview Crest Elementary,6001606,New Haven Unified,ALAMEDA        ,0,0
Hillview High (Continuation),3032919,Tustin Unified,ORANGE         ,0,0
Hillview Junior High,6061162,Pittsburg Unified,CONTRA COSTA   ,0,0
Hillview Middle,6013023,East Whittier City Elementary,LOS ANGELES    ,0,0
Hillview Middle,6044150,Menlo Park City Elementary,SAN MATEO      ,0,0
Hillview Middle,6110837,Westside Union Elementary,LOS ANGELES    ,0,0
Hilmar High,2432409,Hilmar Unified,MERCED         ,0,8
Hilmar Middle,6109458,Hilmar Unified,MERCED         ,0,0
Hilton D. Bell Intermediate,6028450,Garden Grove Unified,ORANGE         ,0,0
Hiram W. Johnson High,3434636,Sacramento City Unified,SACRAMENTO     ,0,8
Hoaglin-Zenia Elementary,6053755,Southern Trinity Joint Unified,TRINITY        ,0,0
Hobart Boulevard Elementary,6017602,Los Angeles Unified,LOS ANGELES    ,0,0
Hoffer Elementary,6031637,Banning Unified,RIVERSIDE      ,0,0
Hogan Middle,6060206,Vallejo City Unified,SOLANO         ,0,0
Holbrook Language Academy,135822,Mt. Diablo Unified,CONTRA COSTA   ,0,0
Holder Elementary,6030472,Savanna Elementary,ORANGE         ,0,0
Holland Elementary,6006282,Fresno Unified,FRESNO         ,0,0
Hollenbeck Middle,6058051,Los Angeles Unified,LOS ANGELES    ,0,0
Hollencrest Middle,6023477,West Covina Unified,LOS ANGELES    ,0,0
Hollingworth Elementary,6022271,Rowland Unified,LOS ANGELES    ,0,0
Hollister Dual Language Academy,115428,Hollister,SAN BENITO     ,0,0
Hollister Elementary,6045462,Goleta Union Elementary,SANTA BARBARA  ,0,0
Hollister Prep,127688,Hollister,SAN BENITO     ,0,0
Hollow Hills Elementary,6055701,Simi Valley Unified,VENTURA        ,0,0
Holly Avenue Elementary,6011175,Arcadia Unified,LOS ANGELES    ,0,0
Holly Drive Leadership Academy,6117279,San Diego Unified,SAN DIEGO      ,0,0
Holly Oak Elementary,6047146,Evergreen Elementary,SANTA CLARA    ,0,0
Hollydale,6021414,Paramount Unified,LOS ANGELES    ,0,0
Hollyvale Elementary,6108112,Hesperia Unified,SAN BERNARDINO ,0,0
Hollywood Beach Elementary,6055065,Hueneme Elementary,VENTURA        ,0,0
Hollywood Park Elementary,6034003,Sacramento City Unified,SACRAMENTO     ,0,0
Hollywood Primary Center,109298,Los Angeles Unified,LOS ANGELES    ,0,0
Hollywood Senior High,1934033,Los Angeles Unified,LOS ANGELES    ,0,14
Holmes Avenue Elementary,6017610,Los Angeles Unified,LOS ANGELES    ,0,0
Holmes Elementary,6015374,Long Beach Unified,LOS ANGELES    ,0,0
Holmes Elementary,6039747,San Diego Unified,SAN DIEGO      ,0,0
Holtville High,1335306,Holtville Unified,IMPERIAL       ,0,5
Holtville Junior High,6008528,Holtville Unified,IMPERIAL       ,0,0
Homan Elementary,6006290,Fresno Unified,FRESNO         ,0,0
Home & Hosp/Transition Support,126938,San Diego Unified,SAN DIEGO      ,0,0
Home Gardens Academy,6031819,Corona-Norco Unified,RIVERSIDE      ,0,0
Home Street Middle,6008700,Bishop Unified,INYO           ,0,0
Home and Hospital Program,121376,Oakland Unified,ALAMEDA        ,0,0
HomeTech Charter,6112585,Paradise Unified,BUTTE          ,0,0
Homestead (Alternative),6115687,Ventura Unified,VENTURA        ,0,0
Homestead High,4333316,Fremont Union High,SANTA CLARA    ,0,16
Honcut,6089080,Palermo Union Elementary,BUTTE          ,0,0
Honey Hollow Elementary,6105514,Moreno Valley Unified,RIVERSIDE      ,0,0
Honey Run Academy Secondary,430108,Paradise Unified,BUTTE          ,0,0
Honeydew Elementary,6107874,Mattole Unified,HUMBOLDT       ,0,0
Hooker Oak Elementary,6003008,Chico Unified,BUTTE          ,0,0
Hoopa Valley Elementary,6007967,Klamath-Trinity Joint Unified,HUMBOLDT       ,0,0
Hoopa Valley High,1234004,Klamath-Trinity Joint Unified,HUMBOLDT       ,0,1
Hooper Avenue Elementary,6017628,Los Angeles Unified,LOS ANGELES    ,0,0
Hooper Avenue Primary Center,109249,Los Angeles Unified,LOS ANGELES    ,0,0
Hoover (Herbert) Middle,6059851,San Francisco Unified,SAN FRANCISCO  ,0,0
Hoover Elementary,133157,Burlingame Elementary,SAN MATEO      ,0,0
Hoover Elementary,6042634,Stockton Unified,SAN JOAQUIN    ,0,0
Hoover Elementary,6044507,Redwood City Elementary,SAN MATEO      ,0,0
Hoover Elementary,6057046,Oakland Unified,ALAMEDA        ,0,0
Hoover High,3732997,San Diego Unified,SAN DIEGO      ,0,9
Hoover Middle,6057798,Long Beach Unified,LOS ANGELES    ,0,0
Hoover Street Elementary,6017636,Los Angeles Unified,LOS ANGELES    ,0,0
Hope,6066815,Anaheim Union High,ORANGE         ,0,0
Hope Elementary,6054092,Hope Elementary,TULARE         ,0,0
Hope Elementary,6106512,Carlsbad Unified,SAN DIEGO      ,0,0
Hope Street Elementary,109421,Los Angeles Unified,LOS ANGELES    ,0,0
Hope View Elementary,6029607,Ocean View,ORANGE         ,0,0
Horace Cureton Elementary,6046189,Alum Rock Union Elementary,SANTA CLARA    ,0,0
Horace Ensign Intermediate,6029367,Newport-Mesa Unified,ORANGE         ,0,0
Horace Mann,115410,Burbank Unified,LOS ANGELES    ,0,0
Horace Mann Elementary,6008981,Bakersfield City,KERN           ,0,0
Horace Mann Elementary,6011779,Beverly Hills Unified,LOS ANGELES    ,0,0
Horace Mann Elementary,6048599,San Jose Unified,SANTA CLARA    ,0,0
Horace Mann UCLA Community,135681,Los Angeles Unified,LOS ANGELES    ,0,0
Horicon Elementary,6051809,Horicon Elementary,SONOMA         ,0,0
Horizon,3330909,Desert Sands Unified,RIVERSIDE      ,0,2
Horizon Charter,3130168,Western Placer Unified,PLACER         ,0,6
Horizon Elementary,110767,Greenfield Union,KERN           ,0,0
Horizon Elementary,133504,McFarland Unified,KERN           ,0,0
Horizon High,1030253,Riverdale Joint Unified,FRESNO         ,0,0
Horizons School: Independent Study,730317,Mt. Diablo Unified,CONTRA COSTA   ,0,0
Hornbrook Elementary,6050801,Hornbrook Elementary,SISKIYOU       ,0,0
Hort Elementary,6008999,Bakersfield City,KERN           ,0,0
Horton Elementary,6039754,San Diego Unified,SAN DIEGO      ,0,0
Hosler Middle,6115539,Lynwood Unified,LOS ANGELES    ,0,0
Hot Springs Elementary,6054100,Hot Springs Elementary,TULARE         ,0,0
Houghton-Kearney Elementary,6006662,Central Unified,FRESNO         ,0,0
Houston,6042121,Lodi Unified,SAN JOAQUIN    ,0,0
Houston Elementary,6054621,Visalia Unified,TULARE         ,0,0
Howard Cattle Elementary,6107288,Chino Valley Unified,SAN BERNARDINO ,0,0
Howard Elementary,6001713,Oakland Unified,ALAMEDA        ,0,0
Howard Elementary,6023972,Madera Unified,MADERA         ,0,0
Howard Gardner Community Charter,124321,Chula Vista Elementary,SAN DIEGO      ,0,0
Howard Inghram Elementary,6037030,San Bernardino City Unified,SAN BERNARDINO ,0,0
Howard J. McKibben Elementary,6022818,South Whittier Elementary,LOS ANGELES    ,0,0
Howard Pence Elementary,6094973,South Bay Union,SAN DIEGO      ,0,0
Howard Tanner,108779,Paramount Unified,LOS ANGELES    ,0,0
Howard Wood Elementary,6023303,Torrance Unified,LOS ANGELES    ,0,0
Howe Avenue Elementary,6034623,San Juan Unified,SACRAMENTO     ,0,0
Howell Mountain Elementary,6026751,Howell Mountain Elementary,NAPA           ,0,0
Hubbard Street Elementary,6017644,Los Angeles Unified,LOS ANGELES    ,0,0
Hubert H. Bancroft Elementary,6034011,Sacramento City Unified,SACRAMENTO     ,0,0
Hubert Howe Bancroft Middle,6057871,Los Angeles Unified,LOS ANGELES    ,0,0
Hudnall (Claude) Elementary,6098768,Inglewood Unified,LOS ANGELES    ,0,0
Hudson K-8,6015382,Long Beach Unified,LOS ANGELES    ,0,0
Hueneme Elementary,6055073,Hueneme Elementary,VENTURA        ,0,0
Hueneme High,5632849,Oxnard Union High,VENTURA        ,0,11
Huerta (Dolores) Elementary,6040984,San Francisco Unified,SAN FRANCISCO  ,0,0
Hughes Middle,6061360,Long Beach Unified,LOS ANGELES    ,0,0
Hughes-Elizabeth Lakes,6014427,Hughes-Elizabeth Lakes Union Elementary,LOS ANGELES    ,0,0
Hughson Elementary,6052575,Hughson Unified,STANISLAUS     ,0,0
Hughson High,5032651,Hughson Unified,STANISLAUS     ,0,8
Hugo Reid Elementary,6011183,Arcadia Unified,LOS ANGELES    ,0,0
Humanitas Academy of Art and Technology at Esteban,122358,Los Angeles Unified,LOS ANGELES    ,0,4
Humanities and Arts (HARTS) Academy of Los Angeles,127787,Los Angeles Unified,LOS ANGELES    ,0,9
Humboldt County Office of Education Court,106195,Humboldt County Office of Education,HUMBOLDT       ,0,0
Humboldt County Office of Education Juvenile Hall ,106203,Humboldt County Office of Education,HUMBOLDT       ,0,0
Humboldt Virtual Academy,137778,Eureka City Schools,HUMBOLDT       ,0,1
Hume Lake Charter,111682,Fresno County Office of Education,FRESNO         ,0,0
Humphreys Avenue Elementary,6017651,Los Angeles Unified,LOS ANGELES    ,0,0
"Humphreys College Academy of Business, Law and Edu",126755,New Jerusalem Elementary,SAN JOAQUIN    ,0,1
Hunt Elementary,6036917,San Bernardino City Unified,SAN BERNARDINO ,0,0
Huntington Beach High,3032943,Huntington Beach Union High,ORANGE         ,0,22
Huntington Drive Elementary,6017669,Los Angeles Unified,LOS ANGELES    ,0,0
Huntington Middle,6022503,San Marino Unified,LOS ANGELES    ,0,0
Huntington Park Elementary,111997,Los Angeles Unified,LOS ANGELES    ,0,0
Huntington Park Senior High,1934157,Los Angeles Unified,LOS ANGELES    ,0,13
Huntington Seacliff Elementary,6116065,Huntington Beach City Elementary,ORANGE         ,0,0
Hurd Barrington Elementary,124073,Newman-Crows Landing Unified,STANISLAUS     ,0,0
Hurley Elementary,6022289,Rowland Unified,LOS ANGELES    ,0,0
Hurley Elementary,6110902,Visalia Unified,TULARE         ,0,0
Huron Elementary,6005961,Coalinga-Huron Unified,FRESNO         ,0,0
Huron Middle,6113849,Coalinga-Huron Unified,FRESNO         ,0,0
Hyatt Elementary,6032809,San Jacinto Unified,RIVERSIDE      ,0,0
Hydesville Elementary,6007942,Hydesville Elementary,HUMBOLDT       ,0,0
ICEF Inglewood Elementary Charter Academy,120303,Inglewood Unified,LOS ANGELES    ,0,0
ICEF Inglewood Middle Charter Academy,120311,Inglewood Unified,LOS ANGELES    ,0,0
ICEF Innovation Los Angeles Charter,117952,Los Angeles Unified,LOS ANGELES    ,0,0
ICEF View Park Preparatory Charter,6117048,Los Angeles Unified,LOS ANGELES    ,0,0
ICEF View Park Preparatory Charter High,101196,Los Angeles Unified,LOS ANGELES    ,1,5
ICEF View Park Preparatory Charter Middle,6121081,Los Angeles Unified,LOS ANGELES    ,0,0
ICEF Vista Elementary Academy,117937,Los Angeles Unified,LOS ANGELES    ,0,0
ICEF Vista Middle Academy,115287,Los Angeles Unified,LOS ANGELES    ,0,0
IDEA Center,132548,Grossmont Union High,SAN DIEGO      ,0,1
INFANT Pre,114728,San Ramon Valley Unified,CONTRA COSTA   ,0,0
ISANA Achernar Academy,134338,Compton Unified,LOS ANGELES    ,0,0
ISANA Cardinal Academy,123984,Los Angeles Unified,LOS ANGELES    ,0,0
ISANA Himalia Academy,135954,SBE - Celerity Himalia,LOS ANGELES    ,0,0
ISANA Nascent Academy,108910,Los Angeles Unified,LOS ANGELES    ,0,0
ISANA Octavia Academy,122655,Los Angeles Unified,LOS ANGELES    ,0,0
ISANA Palmati Academy,123166,Los Angeles Unified,LOS ANGELES    ,0,0
Ibarra Elementary,108290,San Diego Unified,SAN DIEGO      ,0,0
Ida Jew Academies,6048045,Mount Pleasant Elementary,SANTA CLARA    ,0,0
Idyllwild Elementary,6032114,Hemet Unified,RIVERSIDE      ,0,0
Iftin Charter,108548,San Diego Unified,SAN DIEGO      ,0,0
Igo-Ono Elementary,6050355,"Igo, Ono, Platina Union Elementary",SHASTA         ,0,0
"Imagine Schools, Riverside County",125385,Riverside County Office of Education,RIVERSIDE      ,0,0
Imogene Garner Hook Junior High,6059554,Victor Valley Union High,SAN BERNARDINO ,0,0
Impact Academy of Arts & Technology,137646,Hayward Unified,ALAMEDA        ,0,5
Imperial Beach Charter,6040505,South Bay Union,SAN DIEGO      ,0,0
Imperial County Juvenile Hall/Community,1330117,Imperial County Office of Education,IMPERIAL       ,0,0
Imperial County Special Education,6069272,Imperial County Office of Education,IMPERIAL       ,0,0
Imperial Elementary,6012819,Downey Unified,LOS ANGELES    ,0,0
Imperial High,1335900,Imperial Unified,IMPERIAL       ,0,10
Imperial Middle,6028955,La Habra City Elementary,ORANGE         ,0,0
Imperial Pathways Charter,134379,Imperial County Office of Education,IMPERIAL       ,0,0
Ina Arbuckle Elementary,6032171,Jurupa Unified,RIVERSIDE      ,0,0
Independence,3930344,Lodi Unified,SAN JOAQUIN    ,0,0
Independence Charter,120063,Salida Union Elementary,STANISLAUS     ,0,0
Independence Charter Academy,130948,Helendale Elementary,SAN BERNARDINO ,0,2
Independence Continuation,934554,El Dorado Union High,EL DORADO      ,0,0
Independence Continuation,1931690,Los Angeles Unified,LOS ANGELES    ,0,0
Independence Continuation High,2030161,Golden Valley Unified,MADERA         ,0,0
Independence Elementary,6113484,Rosedale Union Elementary,KERN           ,0,0
Independence High,116392,Kern High,KERN           ,0,9
Independence High,119354,Paso Robles Joint Unified,SAN LUIS OBISPO,0,0
Independence High,730572,Liberty Union High,CONTRA COSTA   ,0,0
Independence High,3830197,San Francisco Unified,SAN FRANCISCO  ,0,0
Independence High,4330031,East Side Union High,SANTA CLARA    ,0,9
Independence High (Alternative),1995430,Alhambra Unified,LOS ANGELES    ,0,0
Independence High (Alternative),2430049,Merced Union High,MERCED         ,0,0
Independence High (Alternative),3130119,Roseville Joint Union High,PLACER         ,0,6
Independence High (Continuation),330019,Amador County Unified,AMADOR         ,0,0
Independent Elementary,6090393,Castro Valley Unified,ALAMEDA        ,0,0
Independent Study Program,121830,Mountain View Whisman,SANTA CLARA    ,0,0
"Independent Study, Sojourner Truth",6114011,Oakland Unified,ALAMEDA        ,0,0
Inderkum High,102236,Natomas Unified,SACRAMENTO     ,10,12
Indian Creek Elementary,6106678,Mother Lode Union Elementary,EL DORADO      ,0,0
Indian Diggings Elementary,6005524,Indian Diggings Elementary,EL DORADO      ,0,0
Indian Hills Elementary,6105837,Jurupa Unified,RIVERSIDE      ,0,0
Indian Springs Elementary,6050389,Indian Springs Elementary,SHASTA         ,0,0
Indian Springs High,125450,San Bernardino City Unified,SAN BERNARDINO ,0,8
Indian Valley Elementary,6005177,Walnut Creek Elementary,CONTRA COSTA   ,0,0
Indian Valley Elementary,6031421,Plumas Unified,PLUMAS         ,0,0
Indianola Elementary,6007280,Selma Unified,FRESNO         ,0,0
Indio High,3333192,Desert Sands Unified,RIVERSIDE      ,0,13
Indio Middle,6109797,Desert Sands Unified,RIVERSIDE      ,0,0
Ingenium Charter,121137,Los Angeles Unified,LOS ANGELES    ,0,0
Ingenium Charter Middle,127985,Los Angeles Unified,LOS ANGELES    ,0,0
Ingenium Clarion Charter Middle,137240,Compton Unified,LOS ANGELES    ,0,0
Ingenium Wings Independent Study - Compton,137257,Compton Unified,LOS ANGELES    ,0,0
Ingenuity Charter,131979,San Diego Unified,SAN DIEGO      ,0,0
Inglewood Continuation High,1934249,Inglewood Unified,LOS ANGELES    ,0,0
Inglewood High,1934231,Inglewood Unified,LOS ANGELES    ,0,8
Ingrid B. Lacy Middle,4130126,Pacifica,SAN MATEO      ,0,0
Inland Leaders Charter,114256,Yucaipa-Calimesa Joint Unified,SAN BERNARDINO ,0,0
Innovation Middle,116939,San Diego Unified,SAN DIEGO      ,0,0
Innovations Academy,118083,San Diego Unified,SAN DIEGO      ,0,0
Innovations Academy of Palmdale,133173,Palmdale Elementary,LOS ANGELES    ,0,0
Innovative Horizons Charter,6105571,Perris Elementary,RIVERSIDE      ,0,0
Insight @ San Diego,125401,Spencer Valley Elementary,SAN DIEGO      ,0,0
Insight @ San Joaquin,133116,New Jerusalem Elementary,SAN JOAQUIN    ,0,0
Insight School of California,127209,Maricopa Unified,KERN           ,0,0
Inspire Charter,129742,Acton-Agua Dulce Unified,LOS ANGELES    ,0,9
Inspire Charter School - Central,135103,Westside Elementary,FRESNO         ,0,2
Inspire Charter School - Kern,134312,Maricopa Unified,KERN           ,0,5
Inspire Charter School - North,133934,Winship-Robbins,SUTTER         ,0,3
Inspire Charter School - South,132506,Dehesa Elementary,SAN DIEGO      ,0,4
Inspire School of Arts and Sciences,120394,Chico Unified,BUTTE          ,0,7
Integrity Charter,101360,National Elementary,SAN DIEGO      ,0,0
Intellectual Virtues Academy,134346,Los Angeles County Office of Education,LOS ANGELES    ,0,1
Intellectual Virtues Academy of Long Beach,127506,Long Beach Unified,LOS ANGELES    ,0,0
Intensive Learning Center,6011613,Bellflower Unified,LOS ANGELES    ,0,0
International Community,6118616,Oakland Unified,ALAMEDA        ,0,0
International Polytechnic High,1995869,Los Angeles County Office of Education,LOS ANGELES    ,0,0
International School of Monterey,6118962,Monterey Peninsula Unified,MONTEREY       ,0,0
International Studies Learning Center at Legacy Hi,107011,Los Angeles Unified,LOS ANGELES    ,0,10
Invictus Academy of Richmond,137026,Contra Costa County Office of Education,CONTRA COSTA   ,0,0
Inyokern Elementary,6009609,Sierra Sands Unified,KERN           ,0,0
Ione Elementary,6002810,Amador County Unified,AMADOR         ,0,0
Ione Junior High,6107395,Amador County Unified,AMADOR         ,0,0
Ione Olson Elementary,6026249,Monterey Peninsula Unified,MONTEREY       ,0,0
Ira Harbison,6038764,National Elementary,SAN DIEGO      ,0,0
Irene B. West Elementary,6120018,Elk Grove Unified,SACRAMENTO     ,0,0
Iron Horse Middle,6113336,San Ramon Valley Unified,CONTRA COSTA   ,0,0
Iron House Elementary,110684,Oakley Union Elementary,CONTRA COSTA   ,0,0
Irvine Adult Transition Programs,116046,Irvine Unified,ORANGE         ,0,0
Irvine High,3030152,Irvine Unified,ORANGE         ,0,18
Irving L. Branch Elementary,6009880,Muroc Joint Unified,KERN           ,0,0
Irvington High,134270,Fremont Unified,ALAMEDA        ,0,20
Irwin Academy of Performing Arts,6037352,Victor Elementary,SAN BERNARDINO ,0,0
Irwin High (Continuation),2430080,Hilmar Unified,MERCED         ,0,0
Irwin O. Addicott Elementary,6116651,Fresno Unified,FRESNO         ,0,0
Isaac L. Sowers Middle,6089072,Huntington Beach City Elementary,ORANGE         ,0,0
Isaac Newton Graham Middle,6047989,Mountain View Whisman,SANTA CLARA    ,0,0
Isabelle Jackson Elementary,6106355,Elk Grove Unified,SACRAMENTO     ,0,0
Isador Cohen Elementary,6034029,Sacramento City Unified,SACRAMENTO     ,0,0
Isbell Middle,6055594,Santa Paula Unified,VENTURA        ,0,0
Ishi Hills Middle,110072,Oroville City Elementary,BUTTE          ,0,0
Isla Vista Elementary,6045470,Goleta Union Elementary,SANTA BARBARA  ,0,0
Island Community Day,114587,Kingsburg Elementary Charter,FRESNO         ,0,0
Island Elementary,6010466,Island Union Elementary,KINGS          ,0,0
Island High (Continuation),134304,Alameda Unified,ALAMEDA        ,0,0
Isleton Elementary,6033666,River Delta Joint Unified,SACRAMENTO     ,0,0
Itliong-Vera Cruz,6068266,New Haven Unified,ALAMEDA        ,0,0
Ivanhoe Elementary,6054639,Visalia Unified,TULARE         ,0,0
Ivey Ranch Elementary,6109995,Oceanside Unified,SAN DIEGO      ,0,0
Ivy Academia,106351,Los Angeles Unified,LOS ANGELES    ,1,8
"Ivy Bound Academy Math, Science, and Technology Ch",128389,Los Angeles Unified,LOS ANGELES    ,0,0
"Ivy Bound Academy of Math, Science, and Technology",115113,Los Angeles Unified,LOS ANGELES    ,0,0
Ivy High (Continuation),3732195,Fallbrook Union High,SAN DIEGO      ,0,0
IvyTech Charter,121426,Moorpark Unified,VENTURA        ,0,0
Izaak Walton Intermediate,6028468,Garden Grove Unified,ORANGE         ,0,0
J. C. Crumpton Elementary,6026256,Monterey Peninsula Unified,MONTEREY       ,0,0
J. C. Montgomery,1630102,Kings County Office of Education,KINGS          ,0,0
J. E. Hester Elementary,6054084,Farmersville Unified,TULARE         ,0,0
J. E. Van Wig Elementary,6011563,Bassett Unified,LOS ANGELES    ,0,0
J. E. Young Academic Center,1030287,Fresno Unified,FRESNO         ,0,0
J. Everett Barr Court,4730032,Siskiyou County Office of Education,SISKIYOU       ,0,0
J. H. Hull Middle,6068878,Torrance Unified,LOS ANGELES    ,0,0
J. H. McGaugh Elementary,6030514,Los Alamitos Unified,ORANGE         ,0,0
J. Haley Durham Elementary,6000665,Fremont Unified,ALAMEDA        ,0,0
J. M. Amador Elementary,131615,Dublin Unified,ALAMEDA        ,0,0
J. Marion Roynon Elementary,6011837,Bonita Unified,LOS ANGELES    ,0,0
J. W. Oakley Elementary,6008288,Brawley Elementary,IMPERIAL       ,0,0
J. X. Wilson Elementary,6096721,Wright Elementary,SONOMA         ,0,0
JCS - Cedar Cove,138628,Julian Union Elementary,SAN DIEGO      ,0,0
JCS - Manzanita,138792,San Diego County Office of Education,SAN DIEGO      ,0,0
JCS - Mountain Oaks,138156,Julian Union Elementary,SAN DIEGO      ,0,0
JCS - Pine Hills,138602,Riverside County Office of Education,RIVERSIDE      ,0,0
JCS - Pine Valley,138636,Mountain Empire Unified,SAN DIEGO      ,0,0
Jack Franscioni Elementary,111088,Soledad Unified,MONTEREY       ,0,0
Jack G. Desmond Middle,109694,Madera Unified,MADERA         ,0,0
Jack L. Weaver Elementary,6029052,Los Alamitos Unified,ORANGE         ,0,0
Jack London Community Day,116954,Los Angeles Unified,LOS ANGELES    ,0,0
Jack London Continuation,1931450,Los Angeles Unified,LOS ANGELES    ,0,0
Jack London Elementary,6110514,Antioch Unified,CONTRA COSTA   ,0,0
Jack Northrop Elementary,6108419,Lancaster Elementary,LOS ANGELES    ,0,0
Jack Norton Elementary,6007983,Klamath-Trinity Joint Unified,HUMBOLDT       ,0,0
Jackson Academy of Music and Math (JAMM),6098263,Morgan Hill Unified,SANTA CLARA    ,0,0
Jackson Avenue Elementary,6001283,Livermore Valley Joint Unified,ALAMEDA        ,0,0
Jackson Elementary,6005706,Rescue Union Elementary,EL DORADO      ,0,0
Jackson Elementary,6006308,Fresno Unified,FRESNO         ,0,0
Jackson Elementary,6007132,Sanger Unified,FRESNO         ,0,0
Jackson Heights Elementary,6053631,Red Bluff Union Elementary,TEHAMA         ,0,0
Jackson Junior High,6107387,Amador County Unified,AMADOR         ,1,0
Jackson Street Elementary,6050975,Yreka Union Elementary,SISKIYOU       ,0,0
Jacob Wiens Elementary,6118731,Hemet Unified,RIVERSIDE      ,0,0
Jacobsen Middle,6057426,Tehachapi Unified,KERN           ,0,0
Jacoby Creek,6007959,Jacoby Creek Elementary,HUMBOLDT       ,0,0
Jaime Escalante Elementary,122168,Los Angeles Unified,LOS ANGELES    ,0,0
Jamacha Elementary,6110787,Cajon Valley Union,SAN DIEGO      ,0,0
James A. Garfield Senior High,1933381,Los Angeles Unified,LOS ANGELES    ,0,8
James A. Graham Elementary,6001481,Newark Unified,ALAMEDA        ,0,0
James A. McKee Elementary,6033088,Elk Grove Unified,SACRAMENTO     ,0,0
James A. Whitaker Elementary,6027569,Buena Park Elementary,ORANGE         ,0,0
James B. Davidson Middle,6058622,San Rafael City Elementary,MARIN          ,0,1
James C. Enochs High,110593,Modesto City High,STANISLAUS     ,0,13
James Dougherty Elementary,6118038,Dublin Unified,ALAMEDA        ,0,0
James Dukes Elementary,6105555,Ramona City Unified,SAN DIEGO      ,0,0
James E. Potter Intermediate,6038277,Fallbrook Union Elementary,SAN DIEGO      ,0,0
James Earl Carter Elementary,6113880,Desert Sands Unified,RIVERSIDE      ,0,0
James Foster Elementary,6107924,Saugus Union,LOS ANGELES    ,0,0
James Franklin Smith Elementary,6117956,Evergreen Elementary,SANTA CLARA    ,0,0
James Garfield Elementary,6007298,Selma Unified,FRESNO         ,0,0
James Irvine Intermediate,6028476,Garden Grove Unified,ORANGE         ,0,0
James J. McBride Special Education Center,6060511,Los Angeles Unified,LOS ANGELES    ,0,0
James Jordan Middle,109884,Los Angeles Unified,LOS ANGELES    ,0,0
James K. Polk Elementary,106476,Central Unified,FRESNO         ,0,0
James L. Day Middle,6116453,Temecula Valley Unified,RIVERSIDE      ,0,0
James Leitch Elementary,6000673,Fremont Unified,ALAMEDA        ,0,0
James Lick High,4333639,East Side Union High,SANTA CLARA    ,0,12
James Logan High,134668,New Haven Unified,ALAMEDA        ,0,16
James M. Burchfield Primary,6003495,Colusa Unified,COLUSA         ,0,0
James Madison Elementary,6023980,Madera Unified,MADERA         ,0,0
James Madison Elementary,6108955,Desert Sands Unified,RIVERSIDE      ,0,0
James Madison Middle,6061519,Los Angeles Unified,LOS ANGELES    ,0,0
James Marshall Elementary,6052773,Modesto City Elementary,STANISLAUS     ,0,0
James Marshall Elementary,6096150,Sacramento City Unified,SACRAMENTO     ,0,0
James Monroe Elementary,6109045,Desert Sands Unified,RIVERSIDE      ,0,0
James Monroe High,1935865,Los Angeles Unified,LOS ANGELES    ,0,10
James Monroe Middle,6009617,Sierra Sands Unified,KERN           ,0,0
James R. Cowan Fundamental Elementary,6034458,San Juan Unified,SACRAMENTO     ,0,0
James Rutter Middle,6059174,Elk Grove Unified,SACRAMENTO     ,0,0
James S. Fugman Elementary,106419,Clovis Unified,FRESNO         ,0,0
James Workman Middle,6112692,Palm Springs Unified,RIVERSIDE      ,0,0
Jamestown Elementary,6054902,Jamestown Elementary,TUOLUMNE       ,0,0
Jamison (Donald C.) High (Continuation),1630011,Lemoore Union High,KINGS          ,0,0
Jamul Intermediate,6112205,Jamul-Dulzura Union Elementary,SAN DIEGO      ,0,0
Jamul Primary,6038319,Jamul-Dulzura Union Elementary,SAN DIEGO      ,0,0
Jan Work Community,2630028,Mono County Office of Education,MONO           ,0,0
Jane Addams Continuation,1932334,Los Angeles Unified,LOS ANGELES    ,0,0
Jane Addams Middle,112144,Lawndale Elementary,LOS ANGELES    ,0,0
Jane Frederick High,3930211,Stockton Unified,SAN JOAQUIN    ,0,0
Jane Lathrop Stanford Middle,6060081,Palo Alto Unified,SANTA CLARA    ,0,0
Janesville Elementary,6010730,Janesville Union Elementary,LASSEN         ,0,0
Janie P. Abbott Elementary,6020234,Lynwood Unified,LOS ANGELES    ,0,0
Jardin de la Infancia,106880,Los Angeles County Office of Education,LOS ANGELES    ,0,0
Jasper Elementary,6094940,Alta Loma Elementary,SAN BERNARDINO ,0,0
Jean Callison Elementary,6109094,Vacaville Unified,SOLANO         ,0,0
Jeane Thorman Elementary,6085369,Tustin Unified,ORANGE         ,0,0
Jeanne R. Meadows Elementary,6109433,Franklin-McKinley Elementary,SANTA CLARA    ,0,0
Jefferson,6013973,Hawthorne,LOS ANGELES    ,0,0
Jefferson,6041875,Jefferson Elementary,SAN JOAQUIN    ,0,0
Jefferson,6104731,Natomas Unified,SACRAMENTO     ,0,0
Jefferson (Thomas) Elementary,6027437,Anaheim Elementary,ORANGE         ,0,0
Jefferson Charter Academy,6010391,Hanford Elementary,KINGS          ,0,0
Jefferson Elementary,6002398,San Leandro Unified,ALAMEDA        ,0,0
Jefferson Elementary,6007140,Sanger Unified,FRESNO         ,0,0
Jefferson Elementary,6009013,Bakersfield City,KERN           ,0,0
Jefferson Elementary,6090252,Berkeley Unified,ALAMEDA        ,0,0
Jefferson High,4133393,Jefferson Union High,SAN MATEO      ,0,10
Jefferson Leadership Academies,6057806,Long Beach Unified,LOS ANGELES    ,0,0
Jefferson Middle,6022438,San Gabriel Unified,LOS ANGELES    ,0,0
Jefferson Middle,6023121,Torrance Unified,LOS ANGELES    ,0,0
Jefferson Middle,6038830,Oceanside Unified,SAN DIEGO      ,0,0
Jeffrey Trail Middle,127472,Irvine Unified,ORANGE         ,0,0
Jellick Elementary,6022297,Rowland Unified,LOS ANGELES    ,0,0
Jenny Lind Elementary,6108518,Calaveras Unified,CALAVERAS      ,0,0
Jenny Oropeza Elementary,6108013,Long Beach Unified,LOS ANGELES    ,0,0
Jensen Ranch Elementary,6113005,Castro Valley Unified,ALAMEDA        ,0,0
Jerabek Elementary,6099071,San Diego Unified,SAN DIEGO      ,0,0
Jerry D. Holland Middle,6011456,Baldwin Park Unified,LOS ANGELES    ,0,0
Jerry Voorhis Elementary,6020739,Mountain View Elementary,LOS ANGELES    ,0,0
Jersey Avenue Elementary,6015036,Little Lake City Elementary,LOS ANGELES    ,0,0
Jesse G. Sanchez Elementary,6026009,Alisal Union,MONTEREY       ,0,0
Jesse M. Bethel High,4830147,Vallejo City Unified,SOLANO         ,0,10
Jessie Baker,6032999,Elk Grove Unified,SACRAMENTO     ,0,0
Jessie Hayden Elementary,6030829,Westminster,ORANGE         ,0,0
Jessie Nelson Academy,6015572,Long Beach Unified,LOS ANGELES    ,0,0
Jewel City Community Day,1996156,Glendale Unified,LOS ANGELES    ,0,0
Jill Kinmont Boothe,1430073,Inyo County Office of Education,INYO           ,0,0
Jim Maples Academy,6120232,Burton Elementary,TULARE         ,0,0
Jim Thorpe Fundamental,6116917,Santa Ana Unified,ORANGE         ,0,0
"Jiménez, Roberto and Dr. Francisco Elementary",131623,Santa Maria-Bonita,SANTA BARBARA  ,0,0
Joan MacQueen Middle,6037535,Alpine Union Elementary,SAN DIEGO      ,0,0
Joaquin Miller Career and Transition Center,1935717,Los Angeles Unified,LOS ANGELES    ,0,0
Joaquin Miller Elementary,6001945,Oakland Unified,ALAMEDA        ,0,0
Joaquin Miller Middle,6046882,Cupertino Union,SANTA CLARA    ,0,0
Joaquin Moraga Intermediate,6003925,Moraga Elementary,CONTRA COSTA   ,0,0
Joe Baca,6059380,Colton Joint Unified,SAN BERNARDINO ,0,0
Joe Hamilton Elementary,6005391,Del Norte County Unified,DEL NORTE      ,0,0
Joe Henderson Elementary,6106462,Benicia Unified,SOLANO         ,0,0
Joe Michell,6001291,Livermore Valley Joint Unified,ALAMEDA        ,0,0
Joe Nightingale Elementary,6045777,Orcutt Union Elementary,SANTA BARBARA  ,0,0
Joe Serna Jr. Charter,6117675,Lodi Unified,SAN JOAQUIN    ,0,0
Joe Stefani,112615,Merced City Elementary,MERCED         ,0,0
Joe Walker Middle,6071690,Westside Union Elementary,LOS ANGELES    ,0,0
Joel J. Hidahl Elementary,109074,Ceres Unified,STANISLAUS     ,0,0
Johanna Boss High,3931250,California Education Authority (CEA) Headquarters,SACRAMENTO     ,0,0
Johanna Echols-Hansen High (Continuation),4930848,Cloverdale Unified,SONOMA         ,0,0
John A. Otis Elementary,6038756,National Elementary,SAN DIEGO      ,0,0
John A. Rowland High,1937564,Rowland Unified,LOS ANGELES    ,9,17
John A. Sutter Middle,6058325,Los Angeles Unified,LOS ANGELES    ,0,0
John Adams Academy,121418,Loomis Union Elementary,PLACER         ,0,2
John Adams Academy - El Dorado Hills,136036,El Dorado County Office of Education,EL DORADO      ,0,0
John Adams Academy - Lincoln,135871,Western Placer Unified,PLACER         ,0,0
John Adams Elementary,6022974,Torrance Unified,LOS ANGELES    ,0,0
John Adams Middle,6057855,Los Angeles Unified,LOS ANGELES    ,0,0
John Adams Middle,6058531,Santa Monica-Malibu Unified,LOS ANGELES    ,0,0
John B. Allard,5030085,Stanislaus County Office of Education,STANISLAUS     ,0,0
John B. Monlux Elementary,6018196,Los Angeles Unified,LOS ANGELES    ,0,0
John B. Riebli Elementary,6111066,Mark West Union Elementary,SONOMA         ,0,0
John Baldwin Elementary,6005102,San Ramon Valley Unified,CONTRA COSTA   ,0,0
John Barrett Middle,6034375,San Juan Unified,SACRAMENTO     ,0,0
John Bidwell Elementary,6034045,Sacramento City Unified,SACRAMENTO     ,0,0
John Blacow Elementary,6000541,Fremont Unified,ALAMEDA        ,0,0
John Burroughs Middle,6061410,Los Angeles Unified,LOS ANGELES    ,0,0
John C Martinez Elementary,6007041,Parlier Unified,FRESNO         ,0,0
John C. Fremont Elementary,111351,Stockton Unified,SAN JOAQUIN    ,0,0
John C. Fremont Elementary,6013684,Glendale Unified,LOS ANGELES    ,0,0
John C. Fremont Elementary,6025654,Merced City Elementary,MERCED         ,0,0
John C. Fremont Senior High,1933118,Los Angeles Unified,LOS ANGELES    ,0,8
John C. Kimball High,119040,Tracy Joint Unified,SAN JOAQUIN    ,0,13
John Cabrillo Elementary,6034052,Sacramento City Unified,SACRAMENTO     ,0,0
John D. Sloat Elementary,6034060,Sacramento City Unified,SACRAMENTO     ,0,0
John Dolland Elementary,6020994,Norwalk-La Mirada Unified,LOS ANGELES    ,0,0
John E. Steinbeck Elementary,6109466,Alisal Union,MONTEREY       ,0,0
John Ehrhardt Elementary,6110118,Elk Grove Unified,SACRAMENTO     ,0,0
"John F. Cruikshank, Jr.",3930195,San Joaquin County Office of Education,SAN JOAQUIN    ,0,0
John F. Kennedy Elementary,6001507,Newark Unified,ALAMEDA        ,0,0
John F. Kennedy Elementary,6031975,Desert Sands Unified,RIVERSIDE      ,0,0
John F. Kennedy High,110759,Corona-Norco Unified,RIVERSIDE      ,0,0
John F. Kennedy High,134452,Fremont Unified,ALAMEDA        ,0,7
John F. Kennedy High,733659,West Contra Costa Unified,CONTRA COSTA   ,0,1
John F. Kennedy High,1939941,Los Angeles Unified,LOS ANGELES    ,0,3
John F. Kennedy High,3033115,Anaheim Union High,ORANGE         ,10,4
John F. Kennedy High,3434768,Sacramento City Unified,SACRAMENTO     ,0,8
John F. Kennedy Junior High,6112379,Hanford Elementary,KINGS          ,0,0
John F. Kennedy Middle,6044531,Redwood City Elementary,SAN MATEO      ,0,0
John F. Kennedy Middle,6046890,Cupertino Union,SANTA CLARA    ,0,0
John F. Land,119172,Westminster,ORANGE         ,0,0
John Finney High (Continuation),4838058,Vallejo City Unified,SOLANO         ,0,0
John Foster Dulles Elementary,6021000,Norwalk-La Mirada Unified,LOS ANGELES    ,0,0
John Fremont Elementary,6052708,Modesto City Elementary,STANISLAUS     ,0,0
John G. Mattos Elementary,6000723,Fremont Unified,ALAMEDA        ,0,0
John Gill Elementary,6044523,Redwood City Elementary,SAN MATEO      ,0,0
John Glenn Middle School of International Studies,6118855,Desert Sands Unified,RIVERSIDE      ,0,0
John Gomes Elementary,6066468,Fremont Unified,ALAMEDA        ,0,0
John Green Elementary,114579,Dublin Unified,ALAMEDA        ,0,0
John H. Eader Elementary,6028864,Huntington Beach City Elementary,ORANGE         ,0,0
John H. Francis Polytechnic,1932987,Los Angeles Unified,LOS ANGELES    ,0,6
John H. Glenn High,1933647,Norwalk-La Mirada Unified,LOS ANGELES    ,0,13
John H. Liechty Middle,114199,Los Angeles Unified,LOS ANGELES    ,0,0
John H. Nuffer Elementary,6021018,Norwalk-La Mirada Unified,LOS ANGELES    ,0,0
John H. Pitman High,5030283,Turlock Unified,STANISLAUS     ,0,16
John H. Still,6059323,Sacramento City Unified,SACRAMENTO     ,0,0
John Hope Continuation,1931971,Los Angeles Unified,LOS ANGELES    ,0,0
John J. Cairns Continuation,5430194,Lindsay Unified,TULARE         ,0,0
John J. Doyle Elementary,6054241,Porterville Unified,TULARE         ,0,0
John J. Montgomery Elementary,6095988,Evergreen Elementary,SANTA CLARA    ,0,0
John J. Pershing Elementary,113050,Madera Unified,MADERA         ,0,0
John Kelley Elementary,6032833,Coachella Valley Unified,RIVERSIDE      ,0,0
John L. Golden Elementary,6118467,Etiwanda Elementary,SAN BERNARDINO ,0,0
John L. Prueitt Elementary,6110340,Wasco Union Elementary,KERN           ,0,0
John M. Horner Junior High,6056907,Fremont Unified,ALAMEDA        ,0,0
John Malcom Elementary,6111827,Capistrano Unified,ORANGE         ,0,0
John Marshall Elementary,111310,Stockton Unified,SAN JOAQUIN    ,0,0
John Marshall Elementary,6013775,Glendale Unified,LOS ANGELES    ,0,0
John Marshall Senior High,1935568,Los Angeles Unified,LOS ANGELES    ,0,18
John McCandless Charter,132415,Lincoln Unified,SAN JOAQUIN    ,0,0
John Morse Therapeutic Center,113209,Sacramento City Unified,SACRAMENTO     ,0,0
John Muir Charter,2930147,Nevada County Office of Education,NEVADA         ,0,0
John Muir Elementary,6003826,Martinez Unified,CONTRA COSTA   ,0,0
John Muir Elementary,6025662,Merced City Elementary,MERCED         ,0,0
John Muir Elementary,6052724,Modesto City Elementary,STANISLAUS     ,0,0
John Muir Elementary,6105316,Berkeley Unified,ALAMEDA        ,0,0
John Muir Elementary,6111983,Lodi Unified,SAN JOAQUIN    ,0,0
John Muir Fundamental Elementary,6098552,Santa Ana Unified,ORANGE         ,0,0
John Muir High,1936103,Pasadena Unified,LOS ANGELES    ,0,10
John Muir Language Academy,3730116,San Diego Unified,SAN DIEGO      ,0,0
John Muir Middle,6010359,Corcoran Joint Unified,KINGS          ,0,0
John Muir Middle,6058176,Los Angeles Unified,LOS ANGELES    ,0,0
John Muir Middle,6060115,San Jose Unified,SANTA CLARA    ,0,0
John Muir Middle,6066518,San Leandro Unified,ALAMEDA        ,0,0
John Muir Middle,6066724,Burbank Unified,LOS ANGELES    ,0,0
John Murdy Elementary,6028526,Garden Grove Unified,ORANGE         ,0,0
John O. Tynes Elementary,6097018,Placentia-Yorba Linda Unified,ORANGE         ,0,0
John R. Peterson Elementary,6028872,Huntington Beach City Elementary,ORANGE         ,0,0
John R. Williams,6041909,Lincoln Unified,SAN JOAQUIN    ,0,0
John R. Wooden High,1930940,Los Angeles Unified,LOS ANGELES    ,0,0
John Reed Primary,6051676,Cotati-Rohnert Park Unified,SONOMA         ,0,0
John Reith Elementary,6107916,Elk Grove Unified,SACRAMENTO     ,0,0
John S. Wash Elementary,6007157,Sanger Unified,FRESNO         ,0,0
John Sinnott Elementary,6047625,Milpitas Unified,SANTA CLARA    ,0,0
John Stallings Elementary,6084669,Corona-Norco Unified,RIVERSIDE      ,0,0
John Steinbeck Elementary,6112775,Central Unified,FRESNO         ,0,0
John Sutter Middle,6115190,Fowler Unified,FRESNO         ,0,0
John Swett Elementary,6003834,Martinez Unified,CONTRA COSTA   ,0,0
John Swett High,737023,John Swett Unified,CONTRA COSTA   ,0,9
John Vierra High,530121,Bret Harte Union High,CALAVERAS      ,0,0
John W. Mack Elementary,109355,Los Angeles Unified,LOS ANGELES    ,0,0
John W. North High,3334406,Riverside Unified,RIVERSIDE      ,11,16
John and Jacquelyn Miller Elementary,119313,Lancaster Elementary,LOS ANGELES    ,0,0
"Johnnie Cochran, Jr., Middle",6061535,Los Angeles Unified,LOS ANGELES    ,0,0
Johnson Elementary,6037675,Cajon Valley Union,SAN DIEGO      ,0,0
Johnson Middle,6030878,Westminster,ORANGE         ,0,0
Johnson Park Elementary,6056709,Marysville Joint Unified,YUBA           ,0,0
Johnston Cooper Elementary,6051395,Vallejo City Unified,SOLANO         ,0,0
Johnstonville Elementary,6010748,Johnstonville Elementary,LASSEN         ,0,0
Jonas E. Salk,6029144,Magnolia Elementary,ORANGE         ,0,0
Jonas Salk Elementary,132316,San Diego Unified,SAN DIEGO      ,0,0
Jonata Middle,6045280,Buellton Union Elementary,SANTA BARBARA  ,0,0
Jones Elementary,6039796,San Diego Unified,SAN DIEGO      ,0,0
Jordan (June) School for Equity,102103,San Francisco Unified,SAN FRANCISCO  ,0,0
Jordan Elementary,6020150,Lowell Joint,LOS ANGELES    ,0,0
Jordan High,1934470,Long Beach Unified,LOS ANGELES    ,8,15
Jordan Secondary Learning Center,6104129,Garden Grove Unified,ORANGE         ,0,0
Jose Sepulveda Elementary,6106165,Santa Ana Unified,ORANGE         ,0,0
Joseph A. Gascon Elementary,6020549,Montebello Unified,LOS ANGELES    ,0,0
Joseph A. Gregori High,121129,Modesto City High,STANISLAUS     ,0,15
Joseph Arnold Elementary,6023006,Torrance Unified,LOS ANGELES    ,0,0
Joseph Azevada Elementary,6000681,Fremont Unified,ALAMEDA        ,0,0
Joseph George Middle,6068910,Alum Rock Union Elementary,SANTA CLARA    ,0,0
Joseph H. Wardlaw Elementary,6110134,Vallejo City Unified,SOLANO         ,0,0
Joseph Kerr Middle,6061808,Elk Grove Unified,SACRAMENTO     ,0,0
Joseph Le Conte Middle,6061501,Los Angeles Unified,LOS ANGELES    ,0,0
Joseph M. Simas,6118798,Hanford Elementary,KINGS          ,0,0
Joseph Pomeroy Widney Career Preparatory and Trans,1939784,Los Angeles Unified,LOS ANGELES    ,0,0
Joseph R. Perry Elementary,6028880,Huntington Beach City Elementary,ORANGE         ,0,0
Joseph Sims Elementary,6116818,Elk Grove Unified,SACRAMENTO     ,0,0
Joseph Weller Elementary,6047633,Milpitas Unified,SANTA CLARA    ,0,0
"Joseph Widmer, Jr., Elementary",6118509,Manteca Unified,SAN JOAQUIN    ,0,0
Josephine Chrysler Elementary,6053060,Stanislaus Union Elementary,STANISLAUS     ,0,0
Joshua Chadbourne Elementary,6090526,Fremont Unified,ALAMEDA        ,0,0
Joshua Circle Elementary,6035943,Hesperia Unified,SAN BERNARDINO ,0,0
Joshua Cowell Elementary,6112197,Manteca Unified,SAN JOAQUIN    ,0,0
Joshua Elementary,6014690,Lancaster Elementary,LOS ANGELES    ,0,0
Joshua Hills Elementary,6106793,Palmdale Elementary,LOS ANGELES    ,0,0
Joshua Tree Elementary,6035984,Morongo Unified,SAN BERNARDINO ,0,0
Journey,6117758,Capistrano Unified,ORANGE         ,0,0
Joyner Elementary,114041,San Diego Unified,SAN DIEGO      ,0,0
Juan Cabrillo Elementary,6023824,Wiseburn Unified,LOS ANGELES    ,0,0
Juan Cabrillo Middle,6048854,Santa Clara Unified,SANTA CLARA    ,0,0
Juan De Anza Elementary,6023808,Wiseburn Unified,LOS ANGELES    ,0,0
Juan Lagunas Soria Elementary,119412,Oxnard,VENTURA        ,0,0
Juana Briones Elementary,6048326,Palo Alto Unified,SANTA CLARA    ,0,0
Juanamaria Elementary,6056097,Ventura Unified,VENTURA        ,0,0
Juanita Blakely Jones Elementary,110783,San Bernardino City Unified,SAN BERNARDINO ,0,0
Juarez (Benito) Elementary,6071351,ABC Unified,LOS ANGELES    ,0,0
Juarez Elementary,6039804,San Diego Unified,SAN DIEGO      ,0,0
Juarez-Lincoln Elementary,6069090,Chula Vista Elementary,SAN DIEGO      ,0,0
Judith F. Baca Arts Academy,122176,Los Angeles Unified,LOS ANGELES    ,0,0
Judkins Middle,6043020,Lucia Mar Unified,SAN LUIS OBISPO,0,0
Judson & Brown Elementary,110569,Redlands Unified,SAN BERNARDINO ,0,0
Julia B. Morrison Elementary,6021026,Norwalk-La Mirada Unified,LOS ANGELES    ,0,0
Julia C. Lathrop Intermediate,6058978,Santa Ana Unified,ORANGE         ,0,0
Julia Lee Performing Arts Academy,137851,Riverside County Office of Education,RIVERSIDE      ,0,0
Julia Morgan Elementary,6120059,Lodi Unified,SAN JOAQUIN    ,0,0
Julian Charter,3731239,Julian Union Elementary,SAN DIEGO      ,0,0
Julian Elementary,6038327,Julian Union Elementary,SAN DIEGO      ,0,0
Julian High,3733219,Julian Union High,SAN DIEGO      ,0,3
Julian Junior High,6105845,Julian Union Elementary,SAN DIEGO      ,0,0
Julie Korenstein Elementary,122192,Los Angeles Unified,LOS ANGELES    ,0,0
Julien Elementary,6053177,Turlock Unified,STANISLAUS     ,0,0
Julien Hathaway Elementary,6055081,Hueneme Elementary,VENTURA        ,0,0
Juliet Morris Elementary,6027841,Cypress Elementary,ORANGE         ,0,0
Juliette Low School of the Arts,6029151,Magnolia Elementary,ORANGE         ,0,0
Julius Corsini Elementary,6102560,Palm Springs Unified,RIVERSIDE      ,0,0
Junction City Elementary,6053771,Junction City Elementary,TRINITY        ,0,0
Junction Elementary,116624,Roseville City Elementary,PLACER         ,0,0
Junction Elementary,6050397,Junction Elementary,SHASTA         ,0,0
Junction K-8,6001234,Livermore Valley Joint Unified,ALAMEDA        ,0,0
Juniper,6050488,Redding Elementary,SHASTA         ,0,0
Juniper Elementary,6035794,Fontana Unified,SAN BERNARDINO ,0,0
Juniper Ridge Elementary,6010789,Ravendale-Termo Elementary,LASSEN         ,0,0
Junipero Serra Elementary,6056105,Ventura Unified,VENTURA        ,0,0
Junipero Serra Elementary,6068282,South San Francisco Unified,SAN MATEO      ,0,0
Junipero Serra High,3035987,Capistrano Unified,ORANGE         ,0,0
Jurupa Hills High,120758,Fontana Unified,SAN BERNARDINO ,15,0
Jurupa Middle,6059075,Jurupa Unified,RIVERSIDE      ,0,0
Jurupa Valley High,3330412,Jurupa Unified,RIVERSIDE      ,0,13
Jurupa Vista Elementary,6108831,Colton Joint Unified,SAN BERNARDINO ,0,0
Justice Street Academy Charter,6017693,Los Angeles Unified,LOS ANGELES    ,0,0
Juvenile Hall (Endeavor/Voyager Secondary),2030153,Madera County Superintendent of Schools,MADERA         ,0,0
K. I. Jones Elementary,6051197,Fairfield-Suisun Unified,SOLANO         ,0,0
KIPP Academy of Innovation,128512,Los Angeles Unified,LOS ANGELES    ,0,0
KIPP Academy of Opportunity,101444,Los Angeles Unified,LOS ANGELES    ,0,0
KIPP Adelante Preparatory Academy,101345,San Diego Unified,SAN DIEGO      ,0,0
KIPP Bayview Academy,101337,San Francisco Unified,SAN FRANCISCO  ,0,0
KIPP Bayview Elementary,137307,SBE - KIPP Bayview Elementary,SAN FRANCISCO  ,0,0
KIPP Bridge Academy,115014,Oakland Unified,ALAMEDA        ,0,0
KIPP Comienza Community Prep,121707,Los Angeles Unified,LOS ANGELES    ,0,0
KIPP Compton Community,137893,Compton Unified,LOS ANGELES    ,0,0
KIPP Corazon Academy,135517,Los Angeles Unified,LOS ANGELES    ,0,0
KIPP Empower Academy,121699,Los Angeles Unified,LOS ANGELES    ,0,0
KIPP Excelencia Community Preparatory,132068,Redwood City Elementary,SAN MATEO      ,0,0
KIPP Heartwood Academy,106633,Alum Rock Union Elementary,SANTA CLARA    ,0,0
KIPP Heritage Academy,129205,Franklin-McKinley Elementary,SANTA CLARA    ,0,0
KIPP Ignite Academy,131771,Los Angeles Unified,LOS ANGELES    ,0,0
KIPP Iluminar Academy,127670,Los Angeles Unified,LOS ANGELES    ,0,0
KIPP King Collegiate High,114421,San Lorenzo Unified,ALAMEDA        ,0,9
KIPP Los Angeles College Preparatory,100867,Los Angeles Unified,LOS ANGELES    ,0,0
KIPP Navigate College Prep,137315,SBE - KIPP Navigate College Prep,SANTA CLARA    ,0,1
KIPP Philosophers Academy,125609,Los Angeles Unified,LOS ANGELES    ,0,0
KIPP Promesa Prep,131797,Los Angeles Unified,LOS ANGELES    ,0,0
KIPP Raices Academy,117903,Los Angeles Unified,LOS ANGELES    ,0,0
KIPP San Francisco Bay Academy,101352,San Francisco Unified,SAN FRANCISCO  ,0,0
KIPP San Francisco College Preparatory,127530,San Francisco Unified,SAN FRANCISCO  ,0,9
KIPP San Jose Collegiate,116889,East Side Union High,SANTA CLARA    ,0,10
KIPP Scholar Academy,125625,Los Angeles Unified,LOS ANGELES    ,0,0
KIPP Sol Academy,125641,Los Angeles Unified,LOS ANGELES    ,0,0
KIPP Summit Academy,101212,San Lorenzo Unified,ALAMEDA        ,0,0
KIPP Valiant Community Prep,135608,Ravenswood City Elementary,SAN MATEO      ,0,0
KIPP Vida Preparatory Academy,129460,Los Angeles Unified,LOS ANGELES    ,0,0
Kairos Public School Vacaville Academy,129494,Vacaville Unified,SOLANO         ,0,0
Kaiser Elementary,6001895,Oakland Unified,ALAMEDA        ,0,0
Kamala Elementary,6055339,Oxnard,VENTURA        ,0,0
Karl F. Clemens Elementary,6010243,Wasco Union Elementary,KERN           ,0,0
Kashia Elementary,6052013,Kashia Elementary,SONOMA         ,0,0
Kastner Intermediate,6101190,Clovis Unified,FRESNO         ,0,0
Katella High,3033057,Anaheim Union High,ORANGE         ,0,11
Katherine Edwards Middle,6023659,Whittier City Elementary,LOS ANGELES    ,0,0
Katherine Elementary,6055719,Simi Valley Unified,VENTURA        ,0,0
Katherine Finchy Elementary,6032437,Palm Springs Unified,RIVERSIDE      ,0,0
Katherine Johnson STEM Academy,135707,Los Angeles Unified,LOS ANGELES    ,0,0
Katherine L. Albiani Middle,108746,Elk Grove Unified,SACRAMENTO     ,0,0
Katherine R. Smith Elementary,6047153,Evergreen Elementary,SANTA CLARA    ,0,0
Kathryn Hughes Elementary,6048896,Santa Clara Unified,SANTA CLARA    ,0,0
Kathy Binks Elementary,113423,Fontana Unified,SAN BERNARDINO ,0,0
Kavod Charter,126730,San Diego Unified,SAN DIEGO      ,0,0
Kawana Springs Elementary,6051593,Bellevue Union,SONOMA         ,0,0
Kaweah High,5431614,Exeter Unified,TULARE         ,0,0
Kearny College Connections,107094,San Diego Unified,SAN DIEGO      ,0,0
Kearny Digital Media & Design,107078,San Diego Unified,SAN DIEGO      ,0,0
Kearny Eng Innov & Design,107102,San Diego Unified,SAN DIEGO      ,0,0
Kearny SCT,107086,San Diego Unified,SAN DIEGO      ,0,1
Keiller Leadership Academy,6039812,San Diego Unified,SAN DIEGO      ,0,0
Keith B. Bright High (Juvenile Hall),1430107,Bishop Unified,INYO           ,0,0
Keith McCarthy Academy,116343,Lake Elsinore Unified,RIVERSIDE      ,0,0
Kelley Elementary,6036651,Rialto Unified,SAN BERNARDINO ,0,0
Kellogg (Karl H.) Elementary,6037923,Chula Vista Elementary,SAN DIEGO      ,0,0
Kellogg Elementary,6045488,Goleta Union Elementary,SANTA BARBARA  ,0,0
Kellogg Polytechnic Elementary,6021869,Pomona Unified,LOS ANGELES    ,0,0
Kelly Elementary,6099352,Carlsbad Unified,SAN DIEGO      ,0,0
Kelseyville Community Day,1730159,Kelseyville Unified,LAKE           ,0,0
Kelseyville Elementary,6010607,Kelseyville Unified,LAKE           ,0,0
Kelseyville High,1734359,Kelseyville Unified,LAKE           ,0,4
Kelseyville Learning Academy,138537,Kelseyville Unified,LAKE           ,0,0
Kelso (William H.) Elementary,6014492,Inglewood Unified,LOS ANGELES    ,0,0
Kempton Street Literacy Academy,6038467,La Mesa-Spring Valley,SAN DIEGO      ,0,0
Kendall Elementary,6036933,San Bernardino City Unified,SAN BERNARDINO ,0,0
Kenilworth Junior High,6062137,Petaluma Joint Union High,SONOMA         ,0,0
Kenmore Elementary,6011449,Baldwin Park Unified,LOS ANGELES    ,0,0
Kennedy (John F.) Elementary,6010938,ABC Unified,LOS ANGELES    ,0,0
Kennedy Elementary,6042667,Stockton Unified,SAN JOAQUIN    ,0,0
Kennedy Gardens Elementary,6099485,Calexico Unified,IMPERIAL       ,0,0
Kensington Elementary,6004808,West Contra Costa Unified,CONTRA COSTA   ,0,0
Kenter Canyon Elementary Charter,6017701,Los Angeles Unified,LOS ANGELES    ,0,0
Kentwood Elementary,6017719,Los Angeles Unified,LOS ANGELES    ,0,0
Kenwood Elementary,6051825,Kenwood ,SONOMA         ,0,0
Kepler Neighborhood,127514,Fresno County Office of Education,FRESNO         ,0,0
Keppel Academy,6014583,Keppel Union Elementary,LOS ANGELES    ,0,0
Kerman High,1033430,Kerman Unified,FRESNO         ,0,8
Kerman Middle,6006696,Kerman Unified,FRESNO         ,0,0
Kerman-Floyd Elementary,6006688,Kerman Unified,FRESNO         ,0,0
Kermit King Elementary,4030243,Paso Robles Joint Unified,SAN LUIS OBISPO,0,0
Kermit McKenzie Intermediate,6045520,Guadalupe Union Elementary,SANTA BARBARA  ,0,0
Kern Avenue Elementary,6009765,McFarland Unified,KERN           ,0,0
Kern County Community,1530310,Kern County Office of Education,KERN           ,1,1
Kern County Juvenile Court,1530302,Kern County Office of Education,KERN           ,0,1
Kern County Special Education,6069496,Kern County Office of Education,KERN           ,0,0
Kern Valley High,1533538,Kern High,KERN           ,0,1
Kern Workforce 2000 Academy,1530435,Kern High,KERN           ,0,0
Kernville Elementary,6009641,Kernville Union Elementary,KERN           ,0,0
Kester Avenue Elementary,6017727,Los Angeles Unified,LOS ANGELES    ,0,0
Kettering Elementary,6015408,Long Beach Unified,LOS ANGELES    ,0,0
Kettleman City Elementary,6010573,Reef-Sunset Unified,KINGS          ,0,0
Key (Francis Scott) Elementary,6041008,San Francisco Unified,SAN FRANCISCO  ,0,0
Keyes Elementary,6052591,Keyes Union,STANISLAUS     ,0,0
Keyes to Learning Charter,6113286,Keyes Union,STANISLAUS     ,0,0
Kid Street Learning Center Charter,6116958,Santa Rosa Elementary,SONOMA         ,0,0
Killian Elementary,6022305,Rowland Unified,LOS ANGELES    ,0,0
Killybrooke Elementary,6029375,Newport-Mesa Unified,ORANGE         ,0,0
Kimball,6038772,National Elementary,SAN DIEGO      ,0,0
Kimball Elementary,6003602,Antioch Unified,CONTRA COSTA   ,0,0
Kimbark Elementary,6067078,San Bernardino City Unified,SAN BERNARDINO ,0,0
Kimberly Elementary,6036511,Redlands Unified,SAN BERNARDINO ,0,0
Kimbrough Elementary,6114292,San Diego Unified,SAN DIEGO      ,0,0
Kinetic Academy,134221,Huntington Beach City Elementary,ORANGE         ,0,0
King (Martin Luther) High (Continuation),5732219,Davis Joint Unified,YOLO           ,0,0
King (Thomas Starr) Elementary,6041602,San Francisco Unified,SAN FRANCISCO  ,0,0
King Avenue Elementary,6053391,Yuba City Unified,SUTTER         ,0,0
King City Arts Magnet,107292,King City Union,MONTEREY       ,0,0
King City High,2732170,South Monterey County Joint Union High,MONTEREY       ,0,11
King Elementary,6042568,Stockton Unified,SAN JOAQUIN    ,0,0
King Elementary,6088546,Fresno Unified,FRESNO         ,0,0
King Jr. (Martin Luther) Academic Middle,6059885,San Francisco Unified,SAN FRANCISCO  ,0,0
King-Chavez Academy of Excellence,6119598,San Diego Unified,SAN DIEGO      ,0,0
King-Chavez Arts Academy,109033,San Diego Unified,SAN DIEGO      ,0,0
King-Chavez Athletics Academy,109041,San Diego Unified,SAN DIEGO      ,0,0
King-Chavez Community High,118851,San Diego Unified,SAN DIEGO      ,0,1
King-Chavez Preparatory Academy,111906,San Diego Unified,SAN DIEGO      ,0,0
King-Chavez Primary Academy,6040190,San Diego Unified,SAN DIEGO      ,0,0
King/Drew Medical Magnet High,1933001,Los Angeles Unified,LOS ANGELES    ,0,22
Kings Beach Elementary,6031306,Tahoe-Truckee Unified,PLACER         ,0,0
Kings Canyon Continuation,1033703,Kings Canyon Joint Unified,FRESNO         ,0,0
Kings Canyon Middle,6057327,Fresno Unified,FRESNO         ,0,0
Kings County SELPA Preschool,121434,Kings County Office of Education,KINGS          ,0,0
Kings County Special Education,6069298,Kings County Office of Education,KINGS          ,0,0
Kings Lake Education Center,1632140,Corcoran Joint Unified,KINGS          ,0,0
Kings Mountain Elementary,6043657,Cabrillo Unified,SAN MATEO      ,0,0
Kings River Elementary,6054126,Kings River Union Elementary,TULARE         ,0,0
Kings River High (Continuation),1036086,Sanger Unified,FRESNO         ,0,0
Kings River-Hardwick Elementary,6010474,Kings River-Hardwick Union Elementary,KINGS          ,0,0
Kings Valley Academy II,136556,Kit Carson Union Elementary,KINGS          ,0,1
Kingsburg High,1033695,Kingsburg Joint Union High,FRESNO         ,0,9
Kingsburg Independent Study High,124727,Kingsburg Joint Union High,FRESNO         ,0,0
Kingsbury Elementary,6067060,Redlands Unified,SAN BERNARDINO ,0,0
Kingsley Elementary,6021877,Pomona Unified,LOS ANGELES    ,0,0
Kingsley Elementary,6036297,Ontario-Montclair,SAN BERNARDINO ,0,0
Kingston Elementary,6100937,Hesperia Unified,SAN BERNARDINO ,0,0
Kingswood K-8,6034656,San Juan Unified,SACRAMENTO     ,0,0
Kinney High (Continuation),3434792,Folsom-Cordova Unified,SACRAMENTO     ,0,0
Kinoshita Elementary,6117733,Capistrano Unified,ORANGE         ,0,0
Kipp Prize Preparatory Academy,129924,Alum Rock Union Elementary,SANTA CLARA    ,0,0
"Kirby, Dorothy Camp",121905,Los Angeles County Office of Education,LOS ANGELES    ,0,0
Kirk Elementary,6006324,Fresno Unified,FRESNO         ,0,0
Kirkwood Elementary,6053540,Kirkwood Elementary,TEHAMA         ,0,0
Kit Carson Elementary,6010482,Kit Carson Union Elementary,KINGS          ,0,0
Kit Carson International Academy,6061832,Sacramento City Unified,SACRAMENTO     ,8,0
Kittridge Street Elementary,6017735,Los Angeles Unified,LOS ANGELES    ,0,0
Klamath River Elementary,6050827,Klamath River Union Elementary,SISKIYOU       ,0,0
Kneeland Elementary,6008015,Kneeland Elementary,HUMBOLDT       ,0,0
Knightsen Elementary,6003719,Knightsen Elementary,CONTRA COSTA   ,0,0
Knolls Elementary,6055727,Simi Valley Unified,VENTURA        ,0,0
Knollwood Preparatory Academy,6017743,Los Angeles Unified,LOS ANGELES    ,0,0
Knowledge Enlightens You (KEY) Academy,127696,Hayward Unified,ALAMEDA        ,0,0
Knox Middle,124115,San Diego Unified,SAN DIEGO      ,0,0
Kohl Open Elementary,6098677,Stockton Unified,SAN JOAQUIN    ,0,0
Kohler Elementary,6033526,Twin Rivers Unified,SACRAMENTO     ,0,0
Kolb Middle,6061899,Rialto Unified,SAN BERNARDINO ,0,0
Konocti Education Center,132571,Konocti Unified,LAKE           ,0,1
Kornblum,6117246,Hawthorne,LOS ANGELES    ,0,0
Kraemer Middle,6030043,Placentia-Yorba Linda Unified,ORANGE         ,0,0
Kratt Elementary,6006332,Fresno Unified,FRESNO         ,0,0
"Krystal School of Science, Math & Technology",119107,Hesperia Unified,SAN BERNARDINO ,0,0
Kumeyaay Elementary,6112460,San Diego Unified,SAN DIEGO      ,0,0
Kunst (Tommie) Junior High,102855,Santa Maria-Bonita,SANTA BARBARA  ,0,0
Kwis Elementary,6014237,Hacienda la Puente Unified,LOS ANGELES    ,0,0
Kynoch Elementary,6056774,Marysville Joint Unified,YUBA           ,0,0
L. P. Collins Elementary,6046759,Cupertino Union,SANTA CLARA    ,0,0
L. R. Green Elementary,6107882,Escondido Union,SAN DIEGO      ,0,0
L.A. County High School for the Arts,1933399,Los Angeles County Office of Education,LOS ANGELES    ,1,7
LA's Promise Charter High #1,135582,Los Angeles County Office of Education,LOS ANGELES    ,0,0
LA's Promise Charter Middle #1,134361,Los Angeles County Office of Education,LOS ANGELES    ,0,0
LAUNCH Preschool,119057,Torrance Unified,LOS ANGELES    ,0,0
LEAD Elementary,6044804,San Mateo-Foster City,SAN MATEO      ,0,0
LIFE Academy,130575,Oakland Unified,ALAMEDA        ,0,3
LPS Oakland R & D Campus,126748,Oakland Unified,ALAMEDA        ,0,4
La Ballona Elementary,6012702,Culver City Unified,LOS ANGELES    ,0,0
La Canada Elementary,6014633,La Canada Unified,LOS ANGELES    ,0,0
La Canada Elementary,6045611,Lompoc Unified,SANTA BARBARA  ,0,0
La Canada High,1934611,La Canada Unified,LOS ANGELES    ,0,16
La Colima Elementary,6013031,East Whittier City Elementary,LOS ANGELES    ,0,0
La Colina Junior High,6062095,Santa Barbara Unified,SANTA BARBARA  ,0,0
La Contenta Middle,6106579,Morongo Unified,SAN BERNARDINO ,0,0
La Costa Canyon High,3731007,San Dieguito Union High,SAN DIEGO      ,5,20
La Costa Heights Elementary,6106132,Encinitas Union Elementary,SAN DIEGO      ,0,0
La Crescenta Elementary,6013734,Glendale Unified,LOS ANGELES    ,0,0
La Cuesta Continuation High,4232690,Santa Barbara Unified,SANTA BARBARA  ,0,0
La Cumbre Junior High,6060040,Santa Barbara Unified,SANTA BARBARA  ,0,0
La Entrada Continuation High,3430097,San Juan Unified,SACRAMENTO     ,0,0
La Entrada High,3030483,Placentia-Yorba Linda Unified,ORANGE         ,0,0
La Entrada Middle,6044093,Las Lomitas Elementary,SAN MATEO      ,0,0
La Escuelita Elementary,6096523,Oakland Unified,ALAMEDA        ,0,0
La Familia Continuation High,3330032,Coachella Valley Unified,RIVERSIDE      ,0,0
La Fetra Elementary,6013882,Glendora Unified,LOS ANGELES    ,0,0
La Gloria Elementary,6066955,Gonzales Unified,MONTEREY       ,0,0
La Granada Elementary,6031546,Alvord Unified,RIVERSIDE      ,0,0
La Habra High,3033362,Fullerton Joint Union High,ORANGE         ,0,16
La Honda Elementary,6044077,La Honda-Pescadero Unified,SAN MATEO      ,0,0
La Honda STEAM Academy,6045629,Lompoc Unified,SANTA BARBARA  ,0,0
La Jolla Elementary,108134,Moreno Valley Unified,RIVERSIDE      ,0,0
La Jolla Elementary,6039846,San Diego Unified,SAN DIEGO      ,0,0
La Jolla High,3733508,San Diego Unified,SAN DIEGO      ,0,17
La Joya Elementary,6026652,Santa Rita Union Elementary,MONTEREY       ,0,0
La Joya Middle,6112049,Visalia Unified,TULARE         ,0,0
La Loma Junior High,6052740,Modesto City Elementary,STANISLAUS     ,0,0
La Madera Elementary,6097372,Saddleback Valley Unified,ORANGE         ,0,0
La Mariposa,6120117,Pleasant Valley,VENTURA        ,0,0
La Merced Elementary,6020598,Montebello Unified,LOS ANGELES    ,0,0
La Merced Intermediate,6085674,Montebello Unified,LOS ANGELES    ,0,0
La Mesa Arts Academy,132290,La Mesa-Spring Valley,SAN DIEGO      ,0,0
La Mesa Dale Elementary,6038475,La Mesa-Spring Valley,SAN DIEGO      ,0,0
La Mesa Elementary,6026280,Monterey Peninsula Unified,MONTEREY       ,0,0
La Mesa Junior High,6111926,William S. Hart Union High,LOS ANGELES    ,0,0
La Mesa-Spring Valley Home Independent Study,132951,La Mesa-Spring Valley,SAN DIEGO      ,0,0
La Mirada Elementary,6089007,San Ysidro Elementary,SAN DIEGO      ,0,0
La Mirada High,1934728,Norwalk-La Mirada Unified,LOS ANGELES    ,0,19
La Paloma Elementary,6038269,Fallbrook Union Elementary,SAN DIEGO      ,0,0
La Paloma High (Continuation),733998,Liberty Union High,CONTRA COSTA   ,0,0
La Patera Elementary,6045496,Goleta Union Elementary,SANTA BARBARA  ,0,0
La Paz Intermediate,6030142,Saddleback Valley Unified,ORANGE         ,0,0
La Paz Middle,6118129,Salinas Union High,MONTEREY       ,0,0
La Pluma Elementary,6021034,Norwalk-La Mirada Unified,LOS ANGELES    ,0,0
La Presa Elementary,6038509,La Mesa-Spring Valley,SAN DIEGO      ,0,0
La Primaria Elementary,6020721,Mountain View Elementary,LOS ANGELES    ,0,0
La Puente High,1934801,Hacienda la Puente Unified,LOS ANGELES    ,0,12
La Quinta High,3033578,Garden Grove Unified,ORANGE         ,0,12
La Quinta High,3330669,Desert Sands Unified,RIVERSIDE      ,9,9
La Quinta Middle,6107759,Desert Sands Unified,RIVERSIDE      ,0,0
La Rosa Elementary,110734,Ceres Unified,STANISLAUS     ,0,0
La Salle Avenue Elementary,6017750,Los Angeles Unified,LOS ANGELES    ,0,0
La Serna High,1934868,Whittier Union High,LOS ANGELES    ,0,19
La Sierra High,3330008,Alvord Unified,RIVERSIDE      ,0,15
La Sierra High,5430327,Tulare County Office of Education,TULARE         ,0,0
La Sierra High (Alternative),3030335,Fullerton Joint Union High,ORANGE         ,0,0
La Tercera Elementary,6051916,Old Adobe Union,SONOMA         ,0,0
La Tierra Early Childhood Center,122895,Saddleback Valley Unified,ORANGE         ,0,0
La Tijera K-8 Charter School Academy of Excellence,6014518,Inglewood Unified,LOS ANGELES    ,0,0
La Verne Heights Elementary,6011845,Bonita Unified,LOS ANGELES    ,0,0
La Verne Science and Technology Charter,6021984,Pomona Unified,LOS ANGELES    ,0,0
La Veta Elementary,6029862,Orange Unified,ORANGE         ,0,0
La Vida Charter,112300,Willits Unified,MENDOCINO      ,0,0
La Vina Elementary,6024012,Madera Unified,MADERA         ,0,0
La Vina Middle,112185,Delano Union Elementary,KERN           ,0,0
La Vista Center,3430394,San Juan Unified,SACRAMENTO     ,0,0
La Vista High (Continuation),3033610,Fullerton Joint Union High,ORANGE         ,0,0
LaVerne Elementary Preparatory Academy,118059,Hesperia Unified,SAN BERNARDINO ,0,0
Ladd Lane Elementary,6035026,Hollister,SAN BENITO     ,0,0
Ladera Elementary,6118764,Tustin Unified,ORANGE         ,0,0
Ladera Palma Elementary,6028963,La Habra City Elementary,ORANGE         ,0,0
Ladera Ranch Elementary,100909,Capistrano Unified,ORANGE         ,0,0
Ladera Ranch Middle,100917,Capistrano Unified,ORANGE         ,0,0
Ladera STARS Academy,6055966,Conejo Valley Unified,VENTURA        ,0,0
Ladera Vista Junior High School of the Arts,6028070,Fullerton Elementary,ORANGE         ,0,0
Lafayette Elementary,6003750,Lafayette Elementary,CONTRA COSTA   ,0,0
Lafayette Park Primary Center,6119093,Los Angeles Unified,LOS ANGELES    ,0,0
Laguna Beach High,3033206,Laguna Beach Unified,ORANGE         ,0,17
Laguna Creek High,3430592,Elk Grove Unified,SACRAMENTO     ,12,3
Laguna Elementary,6024327,Laguna Joint Elementary,MARIN          ,0,0
Laguna High,4930327,West Sonoma County Union High,SONOMA         ,0,0
Laguna Hills High,3030244,Saddleback Valley Unified,ORANGE         ,5,11
Laguna Middle,6067102,San Luis Coastal Unified,SAN LUIS OBISPO,0,0
Laguna Niguel Elementary,6120281,Capistrano Unified,ORANGE         ,0,0
Laguna Road Elementary,6028088,Fullerton Elementary,ORANGE         ,0,0
Laguna Vista Elementary,6055164,Ocean View,VENTURA        ,0,0
Lagunita Elementary,6026140,Lagunita Elementary,MONTEREY       ,0,0
Lagunitas Elementary,6024335,Lagunitas Elementary,MARIN          ,0,0
Lairon College Preparatory Academy,6047260,Franklin-McKinley Elementary,SANTA CLARA    ,0,0
Lake Arrowhead Elementary,6036727,Rim of the World Unified,SAN BERNARDINO ,0,0
Lake Balboa College Preparatory Magnet K-12,1931716,Los Angeles Unified,LOS ANGELES    ,0,1
Lake Canyon Elementary,107946,Galt Joint Union Elementary,SACRAMENTO     ,0,0
Lake Center Middle,6015044,Little Lake City Elementary,LOS ANGELES    ,0,0
Lake County International Charter,108340,Middletown Unified,LAKE           ,0,0
Lake Don Pedro Elementary,6103477,Mariposa County Unified,MARIPOSA       ,0,0
Lake Elementary,6007454,Lake Elementary,GLENN          ,0,0
Lake Forest Elementary,6109441,Rescue Union Elementary,EL DORADO      ,0,0
Lake Forest Elementary,6110845,Saddleback Valley Unified,ORANGE         ,0,0
Lake Hills Elementary,113605,Alvord Unified,RIVERSIDE      ,0,0
Lake Los Angeles Elementary,6105969,Keppel Union Elementary,LOS ANGELES    ,0,0
Lake Marie Elementary,6022826,South Whittier Elementary,LOS ANGELES    ,0,0
Lake Mathews Elementary,100545,Riverside Unified,RIVERSIDE      ,0,0
Lake Street Primary,109199,Los Angeles Unified,LOS ANGELES    ,0,0
Lake Tahoe Environmental Science Magnet,110155,Lake Tahoe Unified,EL DORADO      ,0,0
Lake View Elementary,6029615,Ocean View,ORANGE         ,0,0
Lakeland Elementary,6015051,Little Lake City Elementary,LOS ANGELES    ,0,0
Lakeland Village,122960,Lake Elsinore Unified,RIVERSIDE      ,0,0
Lakeport Alternative (Home School),1730142,Lakeport Unified,LAKE           ,0,0
Lakeport Community Day,114215,Lakeport Unified,LAKE           ,0,0
Lakeport Elementary,6010631,Lakeport Unified,LAKE           ,0,0
Lakeshore Alternative Elementary,6041321,San Francisco Unified,SAN FRANCISCO  ,0,0
Lakeside,6009666,Lakeside Union,KERN           ,0,0
Lakeside Elementary,6010508,Lakeside Union Elementary,KINGS          ,0,0
Lakeside Farms Elementary,6038343,Lakeside Union Elementary,SAN DIEGO      ,0,0
Lakeside High,107920,Lake Elsinore Unified,RIVERSIDE      ,0,14
Lakeside Middle,100941,Val Verde Unified,RIVERSIDE      ,0,0
Lakeside Middle,6015069,Little Lake City Elementary,LOS ANGELES    ,0,0
Lakeside Middle,6038350,Lakeside Union Elementary,SAN DIEGO      ,0,0
Lakeside Middle,6098511,Irvine Unified,ORANGE         ,0,0
Lakeview Elementary,108258,Rescue Union Elementary,EL DORADO      ,0,0
Lakeview Elementary,6038368,Lakeside Union Elementary,SAN DIEGO      ,0,0
Lakeview Junior High,6045751,Orcutt Union Elementary,SANTA BARBARA  ,0,0
Lakeview Leadership Academy,137638,Victor Valley Union High,SAN BERNARDINO ,0,1
Lakeview Middle,6112841,Pajaro Valley Unified,SANTA CRUZ     ,0,0
Lakewood Elementary,6042139,Lodi Unified,SAN JOAQUIN    ,0,0
Lakewood Elementary,6049233,Sunnyvale,SANTA CLARA    ,0,0
Lakewood Elementary,6097752,Modesto City Elementary,STANISLAUS     ,0,0
Lakewood High,1934678,Long Beach Unified,LOS ANGELES    ,0,20
Lammersville Elementary,6041883,Lammersville Joint Unified,SAN JOAQUIN    ,0,0
Lamont Elementary,6009682,Lamont Elementary,KERN           ,0,0
Lampson Elementary,6029854,Orange Unified,ORANGE         ,0,0
Lanai Road Elementary,6017768,Los Angeles Unified,LOS ANGELES    ,0,0
Lancaster Alternative and Virtual Academies,6108526,Lancaster Elementary,LOS ANGELES    ,0,0
Lancaster High,1995844,Antelope Valley Union High,LOS ANGELES    ,0,19
Landau Elementary,6107601,Palm Springs Unified,RIVERSIDE      ,0,0
Landers Elementary,6109623,Morongo Unified,SAN BERNARDINO ,0,0
Landmark Elementary,102673,Pajaro Valley Unified,SANTA CRUZ     ,0,0
Landmark Middle,6109979,Moreno Valley Unified,RIVERSIDE      ,0,0
Lane Elementary,6006357,Fresno Unified,FRESNO         ,0,0
Laneview Elementary,6046361,Berryessa Union Elementary,SANTA CLARA    ,0,0
Lang Ranch,6115760,Conejo Valley Unified,VENTURA        ,0,0
Langdon Avenue Elementary,6017776,Los Angeles Unified,LOS ANGELES    ,0,0
Lange (Dorothea) Elementary,110486,Lucia Mar Unified,SAN LUIS OBISPO,0,0
Language Academy,6040000,San Diego Unified,SAN DIEGO      ,0,2
Lankershim Elementary,6036941,San Bernardino City Unified,SAN BERNARDINO ,0,0
Larchmont Charter,108928,Los Angeles Unified,LOS ANGELES    ,0,12
Las Animas Elementary,6047328,Gilroy Unified,SANTA CLARA    ,0,0
Las Colinas Middle,101378,Pleasant Valley,VENTURA        ,0,0
Las Flores Elementary,6009625,Sierra Sands Unified,KERN           ,0,0
Las Flores Elementary,6114516,Capistrano Unified,ORANGE         ,0,0
Las Flores High (Alternative),3430352,Elk Grove Unified,SACRAMENTO     ,0,0
Las Flores Home Education Independent Study Academ,128306,Bellflower Unified,LOS ANGELES    ,0,1
Las Flores Middle,6117725,Capistrano Unified,ORANGE         ,0,0
Las Juntas Elementary,6003842,Martinez Unified,CONTRA COSTA   ,0,0
Las Lomas Elementary,6028971,La Habra City Elementary,ORANGE         ,0,0
Las Lomas High,733725,Acalanes Union High,CONTRA COSTA   ,0,17
Las Lomitas Elementary,6044127,Las Lomitas Elementary,SAN MATEO      ,0,0
Las Palmas,6038780,National Elementary,SAN DIEGO      ,0,0
Las Palmas Elementary,6027601,Capistrano Unified,ORANGE         ,0,0
Las Palmas Elementary,6052948,Patterson Joint Unified,STANISLAUS     ,0,0
Las Palmas Middle,6012538,Covina-Valley Unified,LOS ANGELES    ,0,0
Las Palmitas Elementary,100248,Coachella Valley Unified,RIVERSIDE      ,0,0
Las Plumas High,434803,Oroville Union High,BUTTE          ,0,7
Las Posas Elementary,6055438,Pleasant Valley,VENTURA        ,0,0
Las Positas Elementary,6028989,La Habra City Elementary,ORANGE         ,0,0
Lashon Academy,128025,Los Angeles County Office of Education,LOS ANGELES    ,0,0
Lassalette,6014252,Hacienda la Puente Unified,LOS ANGELES    ,0,0
Lasselle Elementary,109116,Val Verde Unified,RIVERSIDE      ,0,0
Lassen Community Day,131953,Lassen Union High,LASSEN         ,0,0
Lassen County Special Education,6069934,Lassen County Office of Education,LASSEN         ,0,0
Lassen Elementary,6017792,Los Angeles Unified,LOS ANGELES    ,0,0
Lassen High,1833805,Lassen Union High,LASSEN         ,0,6
Lassen View Elementary,6050223,Enterprise Elementary,SHASTA         ,0,0
Lassen-Antelope Volcanic Academy (LAVA),134403,Antelope Elementary,TEHAMA         ,0,0
Lathrop Elementary,6042337,Manteca Unified,SAN JOAQUIN    ,0,0
Lathrop High,116376,Manteca Unified,SAN JOAQUIN    ,0,5
Latimer,129940,Moreland,SANTA CLARA    ,0,0
Latino College Preparatory Academy,4330668,East Side Union High,SANTA CLARA    ,0,11
Latitude 37.8 High,138289,SBE - Latitude 37.8 High,ALAMEDA        ,0,0
Laton Elementary,6006902,Laton Joint Unified,FRESNO         ,0,0
Laton High,1033950,Laton Joint Unified,FRESNO         ,0,3
Latona Avenue Elementary,6017800,Los Angeles Unified,LOS ANGELES    ,0,0
Latrobe Elementary,6005581,Latrobe,EL DORADO      ,0,0
Lau (Gordon J.) Elementary,6040877,San Francisco Unified,SAN FRANCISCO  ,0,0
Lauderbach (J. Calvin) Elementary,6037907,Chula Vista Elementary,SAN DIEGO      ,0,0
Laurel Creek Elementary,6111405,Fairfield-Suisun Unified,SOLANO         ,0,0
Laurel Dell Elementary,6024814,San Rafael City Elementary,MARIN          ,0,0
Laurel Elementary,6017818,Los Angeles Unified,LOS ANGELES    ,0,0
Laurel Elementary,6044168,Menlo Park City Elementary,SAN MATEO      ,0,0
Laurel Elementary,6044945,San Mateo-Foster City,SAN MATEO      ,0,0
Laurel Elementary,6110803,Oakley Union Elementary,CONTRA COSTA   ,0,0
Laurel Elementary Magnet School of Innovation and ,6027452,Brea-Olinda Unified,ORANGE         ,0,0
Laurel Ruff Transition,6034664,San Juan Unified,SACRAMENTO     ,0,0
Laurel Street Elementary,6012322,Compton Unified,LOS ANGELES    ,0,0
Laurel Tree Charter,124263,Northern Humboldt Union High,HUMBOLDT       ,0,0
Laurel Wood Elementary,6109177,Salinas City Elementary,MONTEREY       ,0,0
Laurelglen Elementary,6105423,Panama-Buena Vista Union,KERN           ,0,0
Laurelwood Elementary,6071534,Evergreen Elementary,SANTA CLARA    ,0,0
Lawless Elementary,6102016,Fresno Unified,FRESNO         ,0,0
Lawndale High,1934926,Centinela Valley Union High,LOS ANGELES    ,0,19
Lawrence Cook Middle,6060255,Santa Rosa High,SONOMA         ,0,0
Lawrence E. Jones Middle,6112981,Cotati-Rohnert Park Unified,SONOMA         ,0,0
Lawrence Elementary,135376,Livermore Valley Joint Unified,ALAMEDA        ,0,0
Lawrence Elementary,6042147,Lodi Unified,SAN JOAQUIN    ,0,0
Lawton Alternative Elementary,6041339,San Francisco Unified,SAN FRANCISCO  ,0,0
Laytonville Elementary,6025308,Laytonville Unified,MENDOCINO      ,0,0
Laytonville High,2332260,Laytonville Unified,MENDOCINO      ,0,1
Lazear Charter Academy,6002000,Alameda County Office of Education,ALAMEDA        ,0,0
Le Grand Elementary,6025498,Le Grand Union Elementary,MERCED         ,0,0
Le Grand High,2433001,Le Grand Union High,MERCED         ,0,6
Leadership High,3830411,San Francisco Unified,SAN FRANCISCO  ,0,5
Leadership Public Schools - Hayward,108670,Hayward Unified,ALAMEDA        ,0,11
Leadership Public Schools: Richmond,101477,West Contra Costa Unified,CONTRA COSTA   ,0,8
Leal (Frank C.) Elementary,6085609,ABC Unified,LOS ANGELES    ,0,0
Leapwood Avenue Elementary,6017826,Los Angeles Unified,LOS ANGELES    ,0,0
Learning Choice Academy,106799,San Diego Unified,SAN DIEGO      ,0,0
Learning Choice Academy - Chula Vista,138073,Chula Vista Elementary,SAN DIEGO      ,0,0
Learning Post High (Alternative),1932532,William S. Hart Union High,LOS ANGELES    ,0,7
Learning Without Limits,115592,Oakland Unified,ALAMEDA        ,0,0
Learning by Design Charter,137513,Los Angeles Unified,LOS ANGELES    ,0,0
Learning for Life Charter,2730240,Monterey Peninsula Unified,MONTEREY       ,0,0
Learning in an Urban Community with High Achieveme,107748,Alum Rock Union Elementary,SANTA CLARA    ,0,0
Leataata Floyd Elementary,6034037,Sacramento City Unified,SACRAMENTO     ,0,0
Ledesma (Rita) Elementary,6116081,Oak Grove Elementary,SANTA CLARA    ,0,0
Lee (Edwin and Anita) Newcomer,6089569,San Francisco Unified,SAN FRANCISCO  ,0,0
Lee Mathson Middle,6046197,Alum Rock Union Elementary,SANTA CLARA    ,0,0
Lee Middle,6056519,Woodland Joint Unified,YOLO           ,0,0
Lee Richmond Elementary,6010409,Hanford Elementary,KINGS          ,0,0
Lee V. Pollard High,3330586,Corona-Norco Unified,RIVERSIDE      ,0,0
Lee Vining Elementary,6025951,Eastern Sierra Unified,MONO           ,0,0
Lee Vining High,2635001,Eastern Sierra Unified,MONO           ,0,4
Leffingwell Elementary,6089148,East Whittier City Elementary,LOS ANGELES    ,0,0
Leffingwell High (Continuation),4030144,Coast Unified,SAN LUIS OBISPO,0,0
Legacy Academy,136655,Santa Clara County Office of Education,SANTA CLARA    ,0,0
Leggett Valley Elementary,6025118,Leggett Valley Unified,MENDOCINO      ,0,0
Leggett Valley High,2332724,Leggett Valley Unified,MENDOCINO      ,0,0
Legore Elementary,6013205,El Monte City,LOS ANGELES    ,0,0
Lehigh Elementary,6036305,Ontario-Montclair,SAN BERNARDINO ,0,0
Leigh High,4330239,Campbell Union High,SANTA CLARA    ,0,20
Leland High,4333522,San Jose Unified,SANTA CLARA    ,0,20
Leland Street Elementary,6017834,Los Angeles Unified,LOS ANGELES    ,0,0
Lemay Street Elementary,6017842,Los Angeles Unified,LOS ANGELES    ,0,0
Lemon Avenue Elementary,6038517,La Mesa-Spring Valley,SAN DIEGO      ,0,0
Lemon Crest Elementary,6110092,Lakeside Union Elementary,SAN DIEGO      ,0,0
Lemon Grove Academy for the Sciences and Humanitie,6038608,Lemon Grove,SAN DIEGO      ,0,0
Lemonwood Elementary,6100333,Oxnard,VENTURA        ,0,0
Lemoore Elementary,6069140,Lemoore Union Elementary,KINGS          ,0,0
Lemoore High,1635606,Lemoore Union High,KINGS          ,0,12
Lemoore Middle College High,110205,Lemoore Union High,KINGS          ,0,5
Lemoore Online College Preparatory High,136234,Lemoore Union High,KINGS          ,0,0
Lemoore University Elementary Charter,100156,Lemoore Union Elementary,KINGS          ,0,0
Lenicia B. Weemes Elementary,6019483,Los Angeles Unified,LOS ANGELES    ,0,0
"Lennox Mathematics, Science and Technology Academy",100602,Lennox,LOS ANGELES    ,0,9
Lennox Middle,6106736,Lennox,LOS ANGELES    ,1,0
Lennox Virtual Academy,135038,Lennox,LOS ANGELES    ,0,0
Lenwood Elementary,6035372,Barstow Unified,SAN BERNARDINO ,0,0
Leo B. Hart Elementary,6107627,Panama-Buena Vista Union,KERN           ,0,0
Leo Carrillo Elementary,6028542,Garden Grove Unified,ORANGE         ,0,0
Leo G. Pauly Elementary,6009047,Bakersfield City,KERN           ,0,0
Leo Politi Elementary,6110266,Los Angeles Unified,LOS ANGELES    ,0,0
Leo R. Croce Elementary,6110332,Livermore Valley Joint Unified,ALAMEDA        ,0,0
Leon H. Ollivier Middle,6112270,Greenfield Union,KERN           ,0,0
Leona H. Cox Community Elementary,6022883,Sulphur Springs Union,LOS ANGELES    ,0,0
Leona Jackson,102681,Paramount Unified,LOS ANGELES    ,0,0
Leona Valley Elementary,6023576,Westside Union Elementary,LOS ANGELES    ,0,0
Leonard G. Westhoff Elementary,6108336,Walnut Valley Unified,LOS ANGELES    ,0,0
Leonardo Da Vinci,6059315,Sacramento City Unified,SACRAMENTO     ,0,0
Leonardo da Vinci Health Sciences Charter,119594,Chula Vista Elementary,SAN DIEGO      ,0,0
Leonora Fillmore Elementary,6045645,Lompoc Unified,SANTA BARBARA  ,0,0
Leontine Gracey Elementary,6105852,Merced City Elementary,MERCED         ,0,0
Leroy Anderson Elementary,6047831,Moreland,SANTA CLARA    ,0,0
Leroy Greene Academy,126060,Natomas Unified,SACRAMENTO     ,0,6
Leroy L. Doig Intermediate,6028559,Garden Grove Unified,ORANGE         ,0,0
Leroy Nichols Elementary,6042154,Lodi Unified,SAN JOAQUIN    ,0,0
Letha Raney Intermediate,6059042,Corona-Norco Unified,RIVERSIDE      ,0,0
Leuzinger High,1935048,Centinela Valley Union High,LOS ANGELES    ,0,16
Levi H. Dickey Elementary,6101513,Chino Valley Unified,SAN BERNARDINO ,0,0
Lewis (Ed C.) Elementary,6012785,Downey Unified,LOS ANGELES    ,0,0
Lewis H. Britton Middle,6095384,Morgan Hill Unified,SANTA CLARA    ,0,0
Lewis Middle,6059638,San Diego Unified,SAN DIEGO      ,0,0
Lewiston Elementary,6053789,Lewiston Elementary,TRINITY        ,0,0
Lexington Avenue Primary Center,109264,Los Angeles Unified,LOS ANGELES    ,0,0
Lexington Elementary,6021885,Pomona Unified,LOS ANGELES    ,0,0
Lexington Elementary,6037683,Cajon Valley Union,SAN DIEGO      ,0,0
Lexington Junior High,6085260,Anaheim Union High,ORANGE         ,0,0
Libby Elementary,6038855,Oceanside Unified,SAN DIEGO      ,0,0
Libertas College Preparatory Charter,131904,Los Angeles Unified,LOS ANGELES    ,0,0
Liberty Boulevard Elementary,6017859,Los Angeles Unified,LOS ANGELES    ,0,0
Liberty Elementary,100594,Chino Valley Unified,SAN BERNARDINO ,0,0
Liberty Elementary,102863,Santa Maria-Bonita,SANTA BARBARA  ,0,0
Liberty Elementary,105957,Chula Vista Elementary,SAN DIEGO      ,0,0
Liberty High,733980,Liberty Union High,CONTRA COSTA   ,0,23
Liberty High,1530476,Kern High,KERN           ,0,2
Liberty High,2030203,Golden Valley Unified,MADERA         ,0,1
Liberty High,3934767,Lodi Unified,SAN JOAQUIN    ,0,0
Liberty High,4830048,Benicia Unified,SOLANO         ,0,0
Liberty High (Alternative),4330502,San Jose Unified,SANTA CLARA    ,0,0
Liberty High (Continuation),4035762,Paso Robles Joint Unified,SAN LUIS OBISPO,0,0
Liberty Middle,6111934,Lemoore Union Elementary,KINGS          ,0,0
Liberty Primary,123422,Liberty Elementary,SONOMA         ,0,0
Liberty Ranch High,119131,Galt Joint Union High,SACRAMENTO     ,0,10
Lichen K-8,6034680,San Juan Unified,SACRAMENTO     ,0,0
Lick (James) Middle,6062053,San Francisco Unified,SAN FRANCISCO  ,0,0
Lietz Elementary,6049373,Union Elementary,SANTA CLARA    ,0,0
Life Learning Academy Charter,3830429,San Francisco Unified,SAN FRANCISCO  ,0,0
Life Source International Charter,123174,Lancaster Elementary,LOS ANGELES    ,0,0
Lifeline Education Charter,115725,Compton Unified,LOS ANGELES    ,0,0
Liggett Street Elementary,6017867,Los Angeles Unified,LOS ANGELES    ,0,0
Lighthouse Community Charter,130633,Oakland Unified,ALAMEDA        ,0,0
Lighthouse Community Charter High,108944,Oakland Unified,ALAMEDA        ,0,1
Lighthouse Community Day,2330355,Fort Bragg Unified,MENDOCINO      ,0,0
Lilac,100511,Valley Center-Pauma Unified,SAN DIEGO      ,0,0
Lilienthal (Claire) Elementary,6102479,San Francisco Unified,SAN FRANCISCO  ,0,0
Lillian Larsen Elementary,6043319,San Miguel Joint Union,SAN LUIS OBISPO,0,0
Lillian Street Elementary,6017875,Los Angeles Unified,LOS ANGELES    ,0,0
Lime Street Elementary,6106454,Hesperia Unified,SAN BERNARDINO ,0,0
Limerick Avenue Elementary,6017883,Los Angeles Unified,LOS ANGELES    ,0,0
Lincoln (Abraham) Elementary,6027221,Anaheim Elementary,ORANGE         ,0,0
Lincoln (Abraham) High,3833241,San Francisco Unified,SAN FRANCISCO  ,0,17
Lincoln Acres,6038798,National Elementary,SAN DIEGO      ,0,0
Lincoln Community Day,110395,Golden Valley Unified,MADERA         ,0,0
Lincoln Crossing Elementary,113068,Western Placer Unified,PLACER         ,0,0
Lincoln Elementary,6001523,Newark Unified,ALAMEDA        ,0,0
Lincoln Elementary,6006704,Kingsburg Elementary Charter,FRESNO         ,0,0
Lincoln Elementary,6021893,Pomona Unified,LOS ANGELES    ,0,0
Lincoln Elementary,6042345,Manteca Unified,SAN JOAQUIN    ,0,0
Lincoln Elementary,6108401,Lancaster Elementary,LOS ANGELES    ,0,0
Lincoln Fundamental Elementary,6031835,Corona-Norco Unified,RIVERSIDE      ,0,0
Lincoln High,114025,San Diego Unified,SAN DIEGO      ,0,0
Lincoln High,3134657,Western Placer Unified,PLACER         ,0,11
Lincoln High,3933801,Lincoln Unified,SAN JOAQUIN    ,0,8
Lincoln High (Continuation),134528,San Leandro Unified,ALAMEDA        ,0,0
Lincoln Junior High,6010136,Taft City,KERN           ,0,0
Lincoln Middle,6038863,Oceanside Unified,SAN DIEGO      ,0,0
Lincoln Middle,6061659,Santa Monica-Malibu Unified,LOS ANGELES    ,0,0
Lincoln Middle,6090054,Alameda Unified,ALAMEDA        ,0,0
Lincoln Street,6119606,Tehama County Department of Education,TEHAMA         ,0,0
Lincrest Elementary,6053417,Yuba City Unified,SUTTER         ,0,0
Linda Elementary,6056717,Marysville Joint Unified,YUBA           ,0,0
Linda Esperanza Marquez High A Huntington Park Ins,126516,Los Angeles Unified,LOS ANGELES    ,0,10
Linda Esperanza Marquez High B LIBRA Academy,126524,Los Angeles Unified,LOS ANGELES    ,0,10
Linda Esperanza Marquez High C School of Social Ju,126532,Los Angeles Unified,LOS ANGELES    ,0,8
Linda Verde Elementary,6014708,Lancaster Elementary,LOS ANGELES    ,0,0
Linda Vista Elementary,6030159,Saddleback Valley Unified,ORANGE         ,0,0
Linda Vista Elementary,6046213,Alum Rock Union Elementary,SANTA CLARA    ,0,0
Linda Vista Elementary,6071112,Orange Unified,ORANGE         ,0,0
Lindbergh Elementary,6020259,Lynwood Unified,LOS ANGELES    ,0,0
Lindbergh STEM Academy,6057814,Long Beach Unified,LOS ANGELES    ,0,0
Lindbergh/Schweitzer Elementary,6039887,San Diego Unified,SAN DIEGO      ,0,0
Linden Elementary,6041974,Linden Unified,SAN JOAQUIN    ,0,0
Linden High,3933959,Linden Unified,SAN JOAQUIN    ,0,5
Lindero Canyon Middle,6066765,Las Virgenes Unified,LOS ANGELES    ,0,0
Lindhurst High,5830013,Marysville Joint Unified,YUBA           ,0,5
Lindo Park Elementary,6038376,Lakeside Union Elementary,SAN DIEGO      ,0,0
Lindsay Community Day,5430236,Lindsay Unified,TULARE         ,0,0
Lindsay Senior High,5432414,Lindsay Unified,TULARE         ,0,5
Lindsey Academy,115535,Long Beach Unified,LOS ANGELES    ,0,0
Linns Valley-Poso Flat Elementary,6009724,Linns Valley-Poso Flat Union,KERN           ,0,0
Linscott Charter,6049720,Pajaro Valley Unified,SANTA CRUZ     ,0,0
Linton T. Simmons Elementary,6028575,Garden Grove Unified,ORANGE         ,0,0
Linwood E. Howe Elementary,6012660,Culver City Unified,LOS ANGELES    ,0,0
Linwood Elementary,6092795,Visalia Unified,TULARE         ,0,0
Lipman Middle,6043509,Brisbane Elementary,SAN MATEO      ,0,0
Lisa J. Mails Elementary,114058,Murrieta Valley Unified,RIVERSIDE      ,0,0
Literacy First Charter,6119119,San Diego County Office of Education,SAN DIEGO      ,1,12
Little Chico Creek Elementary,6109722,Chico Unified,BUTTE          ,0,0
Little Lake Elementary,6032122,Hemet Unified,RIVERSIDE      ,0,0
Little Shasta Elementary,6050835,Little Shasta Elementary,SISKIYOU       ,0,0
Littlerock High,1995406,Antelope Valley Union High,LOS ANGELES    ,0,13
Live Oak Alternative,5130067,Live Oak Unified,SUTTER         ,0,0
Live Oak Charter,6119036,Petaluma City Elementary,SONOMA         ,0,0
Live Oak Elementary,113589,San Ramon Valley Unified,CONTRA COSTA   ,0,0
Live Oak Elementary,6035810,Fontana Unified,SAN BERNARDINO ,0,0
Live Oak High,4333951,Morgan Hill Unified,SANTA CLARA    ,0,13
Live Oak High,5135256,Live Oak Unified,SUTTER         ,0,0
Live Oak High (Continuation),730101,Antioch Unified,CONTRA COSTA   ,0,0
Live Oak Middle,6053276,Live Oak Unified,SUTTER         ,0,0
Live Oak Middle,6108385,Tulare City,TULARE         ,0,0
Livermore High,134536,Livermore Valley Joint Unified,ALAMEDA        ,0,14
Livingston High,2433605,Merced Union High,MERCED         ,0,7
Livingston Middle,6025514,Livingston Union,MERCED         ,0,0
Lloyd G. Johnson Junior High,6103576,Pierce Joint Unified,COLUSA         ,0,0
Lloyd Hance Community,1730167,Lake County Office of Education,LAKE           ,0,0
Lo-Inyo Elementary,6008775,Lone Pine Unified,INYO           ,0,0
Loara Elementary,6027353,Anaheim Elementary,ORANGE         ,0,0
Loara High,3033784,Anaheim Union High,ORANGE         ,0,13
Lockeford Elementary,6042188,Lodi Unified,SAN JOAQUIN    ,0,0
Lockhurst Drive Charter Elementary,6017891,Los Angeles Unified,LOS ANGELES    ,0,0
Lockwood Avenue Elementary,6017909,Los Angeles Unified,LOS ANGELES    ,0,0
Loconoma Valley High,1730035,Middletown Unified,LAKE           ,0,0
Locust Elementary,6106470,Fontana Unified,SAN BERNARDINO ,0,0
Lodestar: A Lighthouse Community Charter Public,134015,Oakland Unified,ALAMEDA        ,0,0
Lodge Pole Elementary (Alternative),6112544,Sierra Unified,FRESNO         ,0,0
Lodi High,3934783,Lodi Unified,SAN JOAQUIN    ,0,17
Lodi Middle,6042220,Lodi Unified,SAN JOAQUIN    ,0,0
Logan Academy of Global Ecology,6017917,Los Angeles Unified,LOS ANGELES    ,0,0
Logan K-8,6039895,San Diego Unified,SAN DIEGO      ,0,0
Lois E. Borchardt Elementary,100560,Lodi Unified,SAN JOAQUIN    ,0,0
Loma Elementary,6098446,La Mesa-Spring Valley,SAN DIEGO      ,0,0
Loma Portal Elementary,6039903,San Diego Unified,SAN DIEGO      ,0,0
Loma Prieta Elementary,6047369,Loma Prieta Joint Union Elementary,SANTA CLARA    ,0,0
Loma Rica Elementary,6056725,Marysville Joint Unified,YUBA           ,0,0
Loma Verde Elementary,6024509,Novato Unified,MARIN          ,0,0
Loma Verde Elementary,6037949,Chula Vista Elementary,SAN DIEGO      ,0,0
Loma Vista,430215,Chico Unified,BUTTE          ,0,0
Loma Vista Charter,124776,Lindsay Unified,TULARE         ,0,0
Loma Vista Elementary,6117410,Brentwood Union Elementary,CONTRA COSTA   ,0,0
Loma Vista Environmental Science Academy,6051502,Vallejo City Unified,SOLANO         ,0,0
Loma Vista Immersion Academy,127555,Old Adobe Union,SONOMA         ,0,0
Loma Vista Middle,6098156,Alvord Unified,RIVERSIDE      ,0,0
Lomarena Elementary,6094668,Saddleback Valley Unified,ORANGE         ,0,0
Lomita Math/Science/Technology Magnet,6017933,Los Angeles Unified,LOS ANGELES    ,0,0
Lomita Park Elementary,6044226,Millbrae Elementary,SAN MATEO      ,0,0
Lomitas Elementary,6109219,Victor Elementary,SAN BERNARDINO ,0,0
Lompoc High,4233060,Lompoc Unified,SANTA BARBARA  ,0,9
Lompoc Valley Middle,6060016,Lompoc Unified,SANTA BARBARA  ,0,0
Lone Hill Middle,6071385,Bonita Unified,LOS ANGELES    ,0,0
Lone Pine High,1434901,Lone Pine Unified,INYO           ,0,0
Lone Star Elementary,6007173,Sanger Unified,FRESNO         ,0,0
Lone Tree Elementary,100461,Antioch Unified,CONTRA COSTA   ,0,0
Long Barn High,5530050,Summerville Union High,TUOLUMNE       ,0,0
Long Valley Charter,6010763,Ravendale-Termo Elementary,LASSEN         ,0,0
Long Valley Charter - Susanville,135756,Ravendale-Termo Elementary,LASSEN         ,0,0
Longden Elementary,6022958,Temple City Unified,LOS ANGELES    ,0,0
Longfellow,131227,Azusa Unified,LOS ANGELES    ,0,0
Longfellow (Henry W.) Elementary,6021679,Pasadena Unified,LOS ANGELES    ,0,0
Longfellow Arts and Technology Middle,6090294,Berkeley Unified,ALAMEDA        ,0,0
Longfellow Elementary,6009062,Bakersfield City,KERN           ,0,0
Longfellow Elementary,6032692,Riverside Unified,RIVERSIDE      ,0,0
Longfellow K-8,6039911,San Diego Unified,SAN DIEGO      ,0,1
Longley Way Elementary,6011191,Arcadia Unified,LOS ANGELES    ,0,0
Longwood Elementary,6001044,Hayward Unified,ALAMEDA        ,0,0
Loomis Basin Charter,117150,Loomis Union Elementary,PLACER         ,1,0
Loomis Elementary,6031132,Loomis Union Elementary,PLACER         ,0,0
Lopez Continuation High,4033205,Lucia Mar Unified,SAN LUIS OBISPO,0,0
Lopez Elementary,111047,Pomona Unified,LOS ANGELES    ,0,0
Lorbeer Middle,6066781,Pomona Unified,LOS ANGELES    ,0,0
Lord Baden-Powell,6029128,Magnolia Elementary,ORANGE         ,0,0
Loren Miller Elementary,6066278,Los Angeles Unified,LOS ANGELES    ,0,0
Lorena Falasco Elementary,102624,Los Banos Unified,MERCED         ,0,0
Lorena Street Elementary,6017941,Los Angeles Unified,LOS ANGELES    ,0,0
Lorenzo Manor Elementary,6002653,San Lorenzo Unified,ALAMEDA        ,0,0
Loreto Street Elementary,6017958,Los Angeles Unified,LOS ANGELES    ,0,0
Loretta Lampton Elementary,6020911,Norwalk-La Mirada Unified,LOS ANGELES    ,0,0
Lorin A. Eden Elementary,6001051,Hayward Unified,ALAMEDA        ,0,0
Lorin Griset Academy,3034998,Santa Ana Unified,ORANGE         ,0,0
Lorne Street Elementary,6017966,Los Angeles Unified,LOS ANGELES    ,0,0
Los Alamitos Elementary,6029060,Los Alamitos Unified,ORANGE         ,0,0
Los Alamitos Elementary,6093074,San Jose Unified,SANTA CLARA    ,0,0
Los Alamitos High,3033917,Los Alamitos Unified,ORANGE         ,0,24
Los Alisos Intermediate,6071161,Saddleback Valley Unified,ORANGE         ,0,0
Los Alisos Middle,6021042,Norwalk-La Mirada Unified,LOS ANGELES    ,0,0
Los Altos Elementary,6014260,Hacienda la Puente Unified,LOS ANGELES    ,0,0
Los Altos Elementary,6022842,South Whittier Elementary,LOS ANGELES    ,0,0
Los Altos High,1935246,Hacienda la Puente Unified,LOS ANGELES    ,0,2
Los Altos High,4334116,Mountain View-Los Altos Union High,SANTA CLARA    ,0,21
Los Amigos - Dual Immersion,6119143,Palmdale Elementary,LOS ANGELES    ,0,0
Los Amigos Elementary,6035760,Cucamonga Elementary,SAN BERNARDINO ,0,0
Los Amigos High,3033933,Garden Grove Unified,ORANGE         ,0,16
Los Angeles Academy Middle,6115794,Los Angeles Unified,LOS ANGELES    ,0,0
Los Angeles Academy of Arts and Enterprise,110304,Los Angeles Unified,LOS ANGELES    ,0,5
Los Angeles Center for Enriched Studies,1932847,Los Angeles Unified,LOS ANGELES    ,0,22
Los Angeles County Special Education,1995232,Los Angeles County Office of Education,LOS ANGELES    ,0,0
Los Angeles Elementary,6111512,Los Angeles Unified,LOS ANGELES    ,0,0
Los Angeles High School of the Arts,117747,Los Angeles Unified,LOS ANGELES    ,0,7
Los Angeles International Charter High,109942,Los Angeles County Office of Education,LOS ANGELES    ,0,3
Los Angeles Leadership Academy,1996610,Los Angeles Unified,LOS ANGELES    ,0,8
Los Angeles Leadership Primary Academy,124818,Los Angeles Unified,LOS ANGELES    ,0,0
Los Angeles Senior High,1935352,Los Angeles Unified,LOS ANGELES    ,0,10
Los Arboles Literacy and Technology Academy,6047237,Franklin-McKinley Elementary,SANTA CLARA    ,0,0
Los Arboles Middle,6058713,Monterey Peninsula Unified,MONTEREY       ,0,0
Los Banos Elementary,6025555,Los Banos Unified,MERCED         ,0,0
Los Banos High,2434207,Los Banos Unified,MERCED         ,0,10
Los Banos Junior High,6058689,Los Banos Unified,MERCED         ,1,0
Los Berros Visual and Performing Arts Academy,6045660,Lompoc Unified,SANTA BARBARA  ,0,0
Los Cerritos,6021448,Paramount Unified,LOS ANGELES    ,0,0
Los Cerritos Elementary,6015465,Long Beach Unified,LOS ANGELES    ,0,0
Los Cerritos Middle,6093173,Conejo Valley Unified,VENTURA        ,0,0
Los Cerros Middle,6005110,San Ramon Valley Unified,CONTRA COSTA   ,0,0
Los Coches Creek Middle,111005,Cajon Valley Union,SAN DIEGO      ,0,0
Los Coyotes Elementary,6066823,Centralia Elementary,ORANGE         ,0,0
Los Coyotes Middle,6116347,Norwalk-La Mirada Unified,LOS ANGELES    ,0,0
Los Feliz Charter Middle School for the Arts,137463,Los Angeles Unified,LOS ANGELES    ,0,0
Los Feliz Charter School for the Arts,112235,Los Angeles Unified,LOS ANGELES    ,0,0
Los Feliz Science/Tech/Engineer/Math/Medicine Magn,6017974,Los Angeles Unified,LOS ANGELES    ,0,0
Los Gatos High,4334371,Los Gatos-Saratoga Joint Union High,SANTA CLARA    ,0,11
Los Medanos Elementary,6004543,Pittsburg Unified,CONTRA COSTA   ,0,0
Los Molinos Elementary,6014278,Hacienda la Puente Unified,LOS ANGELES    ,0,0
Los Molinos Elementary,6053565,Los Molinos Unified,TEHAMA         ,0,0
Los Molinos High,5235106,Los Molinos Unified,TEHAMA         ,0,2
Los Nietos Middle,6020093,Los Nietos,LOS ANGELES    ,0,0
Los Olivos Elementary,6045710,Los Olivos Elementary,SANTA BARBARA  ,0,0
Los Osos High,3631058,Chaffey Joint Union High,SAN BERNARDINO ,0,16
Los Osos Middle,6097349,San Luis Coastal Unified,SAN LUIS OBISPO,0,0
Los Padres Elementary,6026561,Salinas City Elementary,MONTEREY       ,0,0
Los Padrinos Juvenile Hall,121871,Los Angeles County Office of Education,LOS ANGELES    ,0,0
Los Paseos Elementary,6095392,Morgan Hill Unified,SANTA CLARA    ,0,0
Los Penasquitos Elementary,6070841,Poway Unified,SAN DIEGO      ,0,0
Los Perales Elementary,6003933,Moraga Elementary,CONTRA COSTA   ,0,0
Los Primeros School of Sciences & Arts,6096838,Pleasant Valley,VENTURA        ,0,0
Los Ranchos Elementary,6043244,San Luis Coastal Unified,SAN LUIS OBISPO,0,0
Los Robles Academy,6014286,Hacienda la Puente Unified,LOS ANGELES    ,0,0
Los Robles Elementary,6107379,Porterville Unified,TULARE         ,0,0
Los Robles Magnet Academy,126649,Ravenswood City Elementary,SAN MATEO      ,0,0
Los Tules Middle,100495,Tulare City,TULARE         ,0,0
Lost Hills Elementary,6060420,Lost Hills Union Elementary,KERN           ,0,0
Lou Henry Hoover Elementary,6023675,Whittier City Elementary,LOS ANGELES    ,0,0
Louis A. Bohn Elementary,6110530,Tracy Joint Unified,SAN JOAQUIN    ,0,0
Louis E. Stocklmeir Elementary,6046957,Cupertino Union,SANTA CLARA    ,0,0
Louis G. Zeyen Elementary,6028583,Garden Grove Unified,ORANGE         ,0,0
Louis J. Villalovoz Elementary,6106488,Tracy Joint Unified,SAN JOAQUIN    ,0,0
Louis Lake Intermediate,6028625,Garden Grove Unified,ORANGE         ,0,0
Louis Pasteur Fundamental Middle,6034821,San Juan Unified,SACRAMENTO     ,0,0
Louis VanderMolen Fundamental Elementary,119321,Corona-Norco Unified,RIVERSIDE      ,0,0
Louise Foussat Elementary,113514,Oceanside Unified,SAN DIEGO      ,0,0
Louise Sandrini Elementary,6099436,Panama-Buena Vista Union,KERN           ,0,0
Louise Van Meter Elementary,6047542,Los Gatos Union Elementary,SANTA CLARA    ,0,0
Louisiana Schnell Elementary,6005656,Placerville Union Elementary,EL DORADO      ,0,0
Lovelia P. Flournoy Elementary,6018485,Los Angeles Unified,LOS ANGELES    ,0,0
Lovell High,5430806,Cutler-Orosi Joint Unified,TULARE         ,0,0
Lovonya DeJean Middle,6120885,West Contra Costa Unified,CONTRA COSTA   ,0,0
Lowell Elementary,6006373,Fresno Unified,FRESNO         ,0,0
Lowell Elementary,6048649,San Jose Unified,SANTA CLARA    ,0,0
Lowell High,3833407,San Francisco Unified,SAN FRANCISCO  ,0,26
Lower Lake Elementary,6084990,Konocti Unified,LAKE           ,0,0
Lower Lake High,1735000,Konocti Unified,LAKE           ,0,3
Loyal Barker Elementary,6028609,Garden Grove Unified,ORANGE         ,0,0
Loyalton Elementary,6050629,Sierra-Plumas Joint Unified,SIERRA         ,0,0
Loyalton High,4634259,Sierra-Plumas Joint Unified,SIERRA         ,0,5
Loyola Elementary,6047450,Los Altos Elementary,SANTA CLARA    ,0,0
Loyola Village Fine And Performing Arts Magnet,6017982,Los Angeles Unified,LOS ANGELES    ,0,0
Lu Sutton Elementary,6024517,Novato Unified,MARIN          ,0,0
Lucas Elementary,127613,Ceres Unified,STANISLAUS     ,0,0
Lucerne Elementary,6010656,Lucerne Elementary,LAKE           ,0,0
Lucerne Valley Elementary,6035976,Lucerne Valley Unified,SAN BERNARDINO ,0,0
Lucerne Valley High,3630563,Lucerne Valley Unified,SAN BERNARDINO ,0,0
Lucerne Valley Middle,6106330,Lucerne Valley Unified,SAN BERNARDINO ,0,0
Lucille J. Smith Elementary,6014898,Lawndale Elementary,LOS ANGELES    ,0,0
Lucille M. Nixon Elementary,6068241,Palo Alto Unified,SANTA CLARA    ,0,0
Lucille Roybal-Allard Elementary,126391,Los Angeles Unified,LOS ANGELES    ,0,0
Lucille Whitehead Intermediate,117770,Waterford Unified,STANISLAUS     ,0,0
Lugo Elementary,6020267,Lynwood Unified,LOS ANGELES    ,0,0
Lugonia Elementary,6036537,Redlands Unified,SAN BERNARDINO ,0,0
Luigi Aprea Elementary,6047286,Gilroy Unified,SANTA CLARA    ,0,0
Luis Valdez Leadership Academy,130856,East Side Union High,SANTA CLARA    ,0,9
Luiseno,6109938,Lake Elsinore Unified,RIVERSIDE      ,0,0
Lunada Bay Elementary,6021240,Palos Verdes Peninsula Unified,LOS ANGELES    ,0,0
Lupin Hill Elementary,6085658,Las Virgenes Unified,LOS ANGELES    ,0,0
Lupine Hills Elementary,6097141,West Contra Costa Unified,CONTRA COSTA   ,0,0
Luther Burbank Elementary,6025670,Merced City Elementary,MERCED         ,0,0
Luther Burbank Elementary,6047575,Luther Burbank,SANTA CLARA    ,0,0
Luther Burbank High,3431012,Sacramento City Unified,SACRAMENTO     ,9,1
Luther Burbank Middle,6057533,Burbank Unified,LOS ANGELES    ,0,0
Luther Burbank Middle,6057897,Los Angeles Unified,LOS ANGELES    ,0,0
Luther Elementary,6053284,Live Oak Unified,SUTTER         ,0,0
Lydia Jackson Elementary,6023683,Whittier City Elementary,LOS ANGELES    ,0,0
Lydia Romero-Cruz Elementary,6115836,Santa Ana Unified,ORANGE         ,0,0
Lydiksen Elementary,6001416,Pleasanton Unified,ALAMEDA        ,0,0
Lyle S. Briggs Fundamental,6102974,Chino Valley Unified,SAN BERNARDINO ,0,0
Lyman Gilmore Middle,6027122,Grass Valley Elementary,NEVADA         ,0,0
Lynbrook High,4334421,Fremont Union High,SANTA CLARA    ,0,17
Lyndale Elementary,6046221,Alum Rock Union Elementary,SANTA CLARA    ,0,0
Lyndon B. Johnson Elementary,6116636,Desert Sands Unified,RIVERSIDE      ,0,0
Lynhaven Elementary,6046601,Campbell Union,SANTA CLARA    ,0,0
Lynwood Elementary,6024525,Novato Unified,MARIN          ,0,0
Lynwood High,1935436,Lynwood Unified,LOS ANGELES    ,1,17
Lynwood Middle,6115547,Lynwood Unified,LOS ANGELES    ,0,0
Lytle Creek Elementary,6036974,San Bernardino City Unified,SAN BERNARDINO ,0,0
M. H. Stanley Middle,6003768,Lafayette Elementary,CONTRA COSTA   ,0,0
M. Robert Adkison Elementary,109082,Ceres Unified,STANISLAUS     ,0,0
MAAC Community Charter,3731304,Sweetwater Union High,SAN DIEGO      ,0,0
MARC High,1030543,Caruthers Unified,FRESNO         ,0,0
MERIT Academy,128793,Grossmont Union High,SAN DIEGO      ,0,0
MIT Academy,4830196,Vallejo City Unified,SOLANO         ,0,4
MIT Griffin Academy Middle,137380,Vallejo City Unified,SOLANO         ,0,0
MLK / Lafayette Elementary,6001978,Oakland Unified,ALAMEDA        ,0,0
Mabel L. Pendleton Elementary,6027577,Buena Park Elementary,ORANGE         ,0,0
Mabel M. Paine Elementary,6030936,Placentia-Yorba Linda Unified,ORANGE         ,0,0
Mabel Mattos Elementary,137505,Milpitas Unified,SANTA CLARA    ,0,0
Mable Barron,6095210,Lincoln Unified,SAN JOAQUIN    ,0,0
MacArthur Elementary,6015481,Long Beach Unified,LOS ANGELES    ,0,0
MacArthur Park Elementary School for the Visual an,6120810,Los Angeles Unified,LOS ANGELES    ,0,0
MacGregor High (Continuation),130294,Albany City Unified,ALAMEDA        ,0,1
Machado Elementary,6032056,Lake Elsinore Unified,RIVERSIDE      ,0,0
Macy Elementary,6020176,Lowell Joint,LOS ANGELES    ,0,0
Macy Intermediate,6020572,Montebello Unified,LOS ANGELES    ,0,0
Madera County Independent Academy,117184,Madera County Superintendent of Schools,MADERA         ,0,0
Madera Elementary,6055743,Simi Valley Unified,VENTURA        ,0,0
Madera High,2035707,Madera Unified,MADERA         ,0,10
Madera South High,110965,Madera Unified,MADERA         ,0,9
Madison (James) Elementary,6027338,Anaheim Elementary,ORANGE         ,0,0
Madison Avenue Elementary,6037691,Cajon Valley Union,SAN DIEGO      ,0,0
Madison Community High,5730056,Esparto Unified,YOLO           ,0,0
Madison Elementary,6002414,San Leandro Unified,ALAMEDA        ,0,0
Madison Elementary,6006910,Central Unified,FRESNO         ,0,0
Madison Elementary,6021901,Pomona Unified,LOS ANGELES    ,0,0
Madison Elementary,6033542,Twin Rivers Unified,SACRAMENTO     ,0,0
Madison High,3733698,San Diego Unified,SAN DIEGO      ,0,7
Madison Middle,6112221,Vista Unified,SAN DIEGO      ,0,0
Madison Park Academy 6-12,6066450,Oakland Unified,ALAMEDA        ,0,3
Madison Park Academy TK-5,6002182,Oakland Unified,ALAMEDA        ,0,0
Madrona Elementary,6055875,Conejo Valley Unified,VENTURA        ,0,0
Madrona Middle,6023162,Torrance Unified,LOS ANGELES    ,0,0
Madrone Elementary,6052021,Rincon Valley Union Elementary,SONOMA         ,0,0
Madrone High Continuation,2133254,San Rafael City High,MARIN          ,0,0
Mae Hensley Junior High,6085013,Ceres Unified,STANISLAUS     ,0,0
Maeola E. Beitzel Elementary,6113187,Elk Grove Unified,SACRAMENTO     ,0,0
Magee Academy of Arts & Sciences,6013338,El Rancho Unified,LOS ANGELES    ,0,0
Magnolia Avenue Elementary,6017990,Los Angeles Unified,LOS ANGELES    ,0,0
Magnolia Elementary,6011290,Azusa Unified,LOS ANGELES    ,0,0
Magnolia Elementary,6100390,Oakdale Joint Unified,STANISLAUS     ,0,0
Magnolia High,3034204,Anaheim Union High,ORANGE         ,0,10
Magnolia Intermediate,6094981,Pleasant Ridge Union Elementary,NEVADA         ,0,0
Magnolia Junior High,6059372,Chino Valley Unified,SAN BERNARDINO ,0,0
Magnolia Park,1995877,Burbank Unified,LOS ANGELES    ,0,0
Magnolia Science Academy,6119945,Los Angeles County Office of Education,LOS ANGELES    ,0,13
Magnolia Science Academy 2,115212,Los Angeles County Office of Education,LOS ANGELES    ,0,7
Magnolia Science Academy 3,115030,Los Angeles County Office of Education,LOS ANGELES    ,0,8
Magnolia Science Academy 4,117622,Los Angeles Unified,LOS ANGELES    ,0,4
Magnolia Science Academy 5,137679,Los Angeles County Office of Education,LOS ANGELES    ,0,2
Magnolia Science Academy 6,117648,Los Angeles Unified,LOS ANGELES    ,0,0
Magnolia Science Academy 7,117655,Los Angeles Unified,LOS ANGELES    ,0,0
Magnolia Science Academy Bell,122747,Los Angeles Unified,LOS ANGELES    ,0,0
Magnolia Science Academy San Diego,109157,San Diego Unified,SAN DIEGO      ,0,0
Magnolia Science Academy Santa Ana,130765,SBE - Magnolia Science Academy Santa Ana,ORANGE         ,0,5
Mahler (Theresa S.) Children Center,117572,San Francisco Unified,SAN FRANCISCO  ,0,0
Maidu Elementary,6113971,Eureka Union,PLACER         ,0,0
Maidu Virtual Charter Academy,138081,Placer Union High,PLACER         ,0,0
Maie Ellis Elementary,131920,Fallbrook Union Elementary,SAN DIEGO      ,0,0
Main Avenue Elementary,6033732,Robla Elementary,SACRAMENTO     ,0,0
Main Street Elementary,6018006,Los Angeles Unified,LOS ANGELES    ,0,0
Main Street Middle,6026678,Soledad Unified,MONTEREY       ,0,0
Maine Prairie High (Continuation),4830055,Dixon Unified,SOLANO         ,0,0
Mains Elementary,6008387,Calexico Unified,IMPERIAL       ,0,0
Majestic Way Elementary,6095343,Berryessa Union Elementary,SANTA CLARA    ,0,0
Major General Raymond Murray High,115451,Vista Unified,SAN DIEGO      ,0,0
Major Lynn Mokler,6021463,Paramount Unified,LOS ANGELES    ,0,0
Making Waves Academy,114470,Contra Costa County Office of Education,CONTRA COSTA   ,0,6
Malabar Street Elementary,6018014,Los Angeles Unified,LOS ANGELES    ,0,0
Malaga Elementary,6006043,Fowler Unified,FRESNO         ,0,0
Malcolm X Academy,6041586,San Francisco Unified,SAN FRANCISCO  ,0,0
Malcolm X Elementary,6090286,Berkeley Unified,ALAMEDA        ,0,0
Malibu High,1995737,Santa Monica-Malibu Unified,LOS ANGELES    ,0,15
Malloch Elementary,6006381,Fresno Unified,FRESNO         ,0,0
Mamie L. Northcutt Elementary,6085294,Garden Grove Unified,ORANGE         ,0,0
Mammoth Elementary,6025969,Mammoth Unified,MONO           ,0,0
Mammoth High,2630010,Mammoth Unified,MONO           ,0,9
Mammoth Middle,6112502,Mammoth Unified,MONO           ,0,0
Manchester Avenue Elementary,6018022,Los Angeles Unified,LOS ANGELES    ,0,0
Manchester Elementary,6025134,Manchester Union Elementary,MENDOCINO      ,0,0
Manchester Gate,6103832,Fresno Unified,FRESNO         ,0,0
Mango Elementary,6110688,Fontana Unified,SAN BERNARDINO ,0,0
Manhattan Beach Middle,6115307,Manhattan Beach Unified,LOS ANGELES    ,0,0
Manhattan Beach Preschool,116103,Manhattan Beach Unified,LOS ANGELES    ,0,0
Manhattan Place Elementary,6018030,Los Angeles Unified,LOS ANGELES    ,0,0
Manlio Silva Elementary,108217,Lodi Unified,SAN JOAQUIN    ,0,0
Mann (Horace) Elementary,6027312,Anaheim Elementary,ORANGE         ,0,0
Mann Elementary,6015507,Long Beach Unified,LOS ANGELES    ,0,0
Mann Middle,6059646,San Diego Unified,SAN DIEGO      ,0,0
Manor Elementary,6024277,Ross Valley Elementary,MARIN          ,0,0
Manteca Community Day (7-12),3930328,Manteca Unified,SAN JOAQUIN    ,0,0
Manteca Community Day (K-6),6114847,Manteca Unified,SAN JOAQUIN    ,0,0
Manteca High,3935103,Manteca Unified,SAN JOAQUIN    ,0,11
Manual Arts Senior High,1935519,Los Angeles Unified,LOS ANGELES    ,0,12
Manuel A. Salinas Creative Arts Elementary,6036826,San Bernardino City Unified,SAN BERNARDINO ,0,0
Manuel De Vargas Elementary,6046965,Cupertino Union,SANTA CLARA    ,0,0
Manuel Esqueda Elementary,108373,Santa Ana Unified,ORANGE         ,0,0
Manuel F. Cunha Intermediate,6043665,Cabrillo Unified,SAN MATEO      ,0,0
Manuel F. Hernandez,116517,Visalia Unified,TULARE         ,0,0
Manuel L. Real Elementary,6114458,Val Verde Unified,RIVERSIDE      ,0,0
Manzanita Community,6002042,Oakland Unified,ALAMEDA        ,0,0
Manzanita Community Day,6113948,Chawanakee Unified,MADERA         ,0,0
Manzanita Elementary,6003198,Manzanita Elementary,BUTTE          ,0,0
Manzanita Middle,6118368,West Contra Costa Unified,CONTRA COSTA   ,0,0
Manzanita Public Charter,116921,Lompoc Unified,SANTA BARBARA  ,0,0
Manzanita SEED Elementary,110247,Oakland Unified,ALAMEDA        ,0,0
Maple Creek Elementary,6008031,Maple Creek Elementary,HUMBOLDT       ,0,0
Maple Elementary,6035828,Fontana Unified,SAN BERNARDINO ,0,0
Maple Elementary,6103337,Hesperia Unified,SAN BERNARDINO ,0,0
Maple High,4233029,Lompoc Unified,SANTA BARBARA  ,0,0
Maple Hill Elementary,6100309,Walnut Valley Unified,LOS ANGELES    ,0,0
Maple Primary Center,106922,Los Angeles Unified,LOS ANGELES    ,0,0
Mar Vista Academy,6059786,Sweetwater Union High,SAN DIEGO      ,0,0
Mar Vista Elementary,6049738,Pajaro Valley Unified,SANTA CRUZ     ,0,0
Mar Vista Elementary,6055172,Ocean View,VENTURA        ,0,0
Mar Vista Senior High,3733953,Sweetwater Union High,SAN DIEGO      ,0,18
Marblehead Elementary,6118954,Capistrano Unified,ORANGE         ,0,0
Marce Becerra Academy,4930251,Healdsburg Unified,SONOMA         ,0,0
March Middle,112102,Val Verde Unified,RIVERSIDE      ,0,0
March Mountain High,3333762,Moreno Valley Unified,RIVERSIDE      ,0,0
March Valley,3330958,Moreno Valley Unified,RIVERSIDE      ,0,0
Marco Antonio Firebaugh High,109538,Lynwood Unified,LOS ANGELES    ,13,7
Marco Forster Middle,6058929,Capistrano Unified,ORANGE         ,0,0
Marconi Learning Academy,137950,Robla Elementary,SACRAMENTO     ,0,0
Marcum-Illinois Union Elementary,6053292,Marcum-Illinois Union Elementary,SUTTER         ,0,0
Mare Island Health and Fitness Academy,6051437,Vallejo City Unified,SOLANO         ,0,0
Mare Island Technology Academy,6116255,Vallejo City Unified,SOLANO         ,0,0
Marengo Elementary,6022776,South Pasadena Unified,LOS ANGELES    ,0,0
Marengo Ranch Elementary,6114185,Galt Joint Union Elementary,SACRAMENTO     ,0,0
Margaret G. Scotten Elementary,6106157,Grass Valley Elementary,NEVADA         ,0,0
Margaret Heath Elementary,6011464,Baldwin Park Unified,LOS ANGELES    ,0,0
Margaret J. Kemp,128652,San Mateo County Office of Education,SAN MATEO      ,0,0
Margaret Keating Elementary,6005417,Del Norte County Unified,DEL NORTE      ,0,0
Margaret Landell Elementary,6027858,Cypress Elementary,ORANGE         ,0,0
Margaret Pauline Brown Elementary,6043855,Jefferson Elementary,SAN MATEO      ,0,0
Margaret Sheehy Elementary,6025688,Merced City Elementary,MERCED         ,0,0
Margaret White Elementary,6032478,Palo Verde Unified,RIVERSIDE      ,0,0
Margarita Middle,6107254,Temecula Valley Unified,RIVERSIDE      ,0,0
Marguerita Elementary,6011050,Alhambra Unified,LOS ANGELES    ,0,0
Marguerite Hahn Elementary,6099246,Cotati-Rohnert Park Unified,SONOMA         ,0,0
Marguerite Montgomery Elementary,6118905,Davis Joint Unified,YOLO           ,0,0
Marguerite Poindexter LaMotte Elementary,126417,Los Angeles Unified,LOS ANGELES    ,0,0
Maria Carrillo High,4930244,Santa Rosa High,SONOMA         ,0,12
Maria Montessori Charter Academy,117879,Rocklin Unified,PLACER         ,0,0
Marian A. Peterson Middle,6101760,Santa Clara Unified,SANTA CLARA    ,0,0
Marian Bergeson Elementary,6106801,Capistrano Unified,ORANGE         ,0,0
Mariana Academy,6035240,Apple Valley Unified,SAN BERNARDINO ,0,0
Marianna Avenue Elementary,6018055,Los Angeles Unified,LOS ANGELES    ,0,0
Mariano Castro Elementary,6048003,Mountain View Whisman,SANTA CLARA    ,0,0
Maricopa Elementary,6009740,Maricopa Unified,KERN           ,0,0
Maricopa High,1533843,Maricopa Unified,KERN           ,0,0
Maricopa Middle,122853,Maricopa Unified,KERN           ,0,0
Marie L. Hare High,3030103,Garden Grove Unified,ORANGE         ,0,0
Mariemont Elementary,6034706,San Juan Unified,SACRAMENTO     ,0,0
Marigold Elementary,6003032,Chico Unified,BUTTE          ,0,0
Marin County Juvenile Court,113183,Marin County Office of Education,MARIN          ,0,0
Marin County Special Education,6069504,Marin County Office of Education,MARIN          ,0,0
Marin Elementary,6095376,Albany City Unified,ALAMEDA        ,0,0
Marin Oaks High,2132264,Novato Unified,MARIN          ,0,0
Marin's Community,2130037,Marin County Office of Education,MARIN          ,0,0
Marina High,111435,Monterey Peninsula Unified,MONTEREY       ,0,11
Marina High,3034410,Huntington Beach Union High,ORANGE         ,0,7
Marina Middle,6062061,San Francisco Unified,SAN FRANCISCO  ,0,0
Marina Village Middle,6103527,Rescue Union Elementary,EL DORADO      ,0,0
Marina Vista Elementary,116863,Pittsburg Unified,CONTRA COSTA   ,0,0
Marina Vista Elementary,6026314,Monterey Peninsula Unified,MONTEREY       ,0,0
Marina West Elementary,6055347,Oxnard,VENTURA        ,0,0
Marina del Rey Middle,6058127,Los Angeles Unified,LOS ANGELES    ,0,0
Marine View Middle,6029631,Ocean View,ORANGE         ,0,0
Mariners Elementary,6029391,Newport-Mesa Unified,ORANGE         ,0,0
Mario G. Olmos Elementary,113829,Fresno Unified,FRESNO         ,0,0
Marion Mix Elementary,131516,Elk Grove Unified,SACRAMENTO     ,0,0
Mariposa Avenue Elementary,6034714,San Juan Unified,SACRAMENTO     ,0,0
Mariposa County High,2235356,Mariposa County Unified,MARIPOSA       ,0,5
Mariposa Elementary,6014716,Lancaster Elementary,LOS ANGELES    ,0,0
Mariposa Elementary,6025035,Mariposa County Unified,MARIPOSA       ,0,0
Mariposa Elementary,6036545,Redlands Unified,SAN BERNARDINO ,0,0
Mariposa School of Global Education,116129,Las Virgenes Unified,LOS ANGELES    ,0,0
Mariposa-Nabi Primary Center,109256,Los Angeles Unified,LOS ANGELES    ,0,0
Marjorie H. Tobias Elementary,6043897,Jefferson Elementary,SAN MATEO      ,0,0
Marjorie Veeh Elementary,6030670,Tustin Unified,ORANGE         ,0,0
Mark Keppel,6021455,Paramount Unified,LOS ANGELES    ,0,0
Mark Keppel Elementary,6013726,Glendale Unified,LOS ANGELES    ,0,0
Mark Keppel High,1934553,Alhambra Unified,LOS ANGELES    ,0,22
Mark Twain Elementary,111252,Riverside Unified,RIVERSIDE      ,0,0
Mark Twain Elementary,6003461,Mark Twain Union Elementary,CALAVERAS      ,0,0
Mark Twain Elementary,6014906,Lawndale Elementary,LOS ANGELES    ,0,0
Mark Twain Junior High,6052765,Modesto City Elementary,STANISLAUS     ,0,0
Mark Twain Middle,6058135,Los Angeles Unified,LOS ANGELES    ,0,0
Mark Twain Special Center,6028633,Garden Grove Unified,ORANGE         ,0,0
Mark West Charter,105890,Mark West Union Elementary,SONOMA         ,0,0
Mark West Elementary,6051841,Mark West Union Elementary,SONOMA         ,0,0
Markham Elementary,6002059,Oakland Unified,ALAMEDA        ,0,0
Marlton,6060529,Los Angeles Unified,LOS ANGELES    ,0,0
Marquez Charter,6018063,Los Angeles Unified,LOS ANGELES    ,0,0
Marsh (Harry M.) Junior High,6116610,Chico Unified,BUTTE          ,0,0
Marsh Creek Elementary,108019,Brentwood Union Elementary,CONTRA COSTA   ,0,0
Marsh Elementary,6003610,Antioch Unified,CONTRA COSTA   ,0,0
Marshall (John) Elementary,6027346,Anaheim Elementary,ORANGE         ,0,0
Marshall (Thurgood) Elementary,6116396,Chula Vista Elementary,SAN DIEGO      ,0,0
Marshall (Thurgood) High,3830403,San Francisco Unified,SAN FRANCISCO  ,0,2
Marshall Academy of the Arts,6057822,Long Beach Unified,LOS ANGELES    ,0,0
Marshall Elementary,6039952,San Diego Unified,SAN DIEGO      ,0,0
Marshall Elementary,6090401,Castro Valley Unified,ALAMEDA        ,0,0
Marshall Fundamental,1931674,Pasadena Unified,LOS ANGELES    ,0,17
Marshall Lane Elementary,6046619,Campbell Union,SANTA CLARA    ,0,0
Marshall Middle,6058515,Pomona Unified,LOS ANGELES    ,0,0
Marshall Middle,6115331,San Diego Unified,SAN DIEGO      ,0,0
Marshall Pomeroy Elementary,6047641,Milpitas Unified,SANTA CLARA    ,0,0
Marston Middle,6059653,San Diego Unified,SAN DIEGO      ,0,0
Martha Baldwin Elementary,6011068,Alhambra Unified,LOS ANGELES    ,0,0
Martha Escutia Primary Center,109207,Los Angeles Unified,LOS ANGELES    ,0,0
Martin Elementary,6030332,Santa Ana Unified,ORANGE         ,0,0
Martin Luther King,6058721,Monterey Peninsula Unified,MONTEREY       ,0,0
Martin Luther King Elementary,6023782,Compton Unified,LOS ANGELES    ,0,0
Martin Luther King Jr. Elementary,6113609,Hanford Elementary,KINGS          ,0,0
Martin Luther King Jr. High,3330859,Riverside Unified,RIVERSIDE      ,0,20
Martin Luther King Jr. Junior High,125435,Pittsburg Unified,CONTRA COSTA   ,0,0
Martin Luther King Jr. Middle,6061923,San Bernardino City Unified,SAN BERNARDINO ,0,0
Martin Luther King Jr. Middle,6111777,Oceanside Unified,SAN DIEGO      ,0,0
Martin Luther King Jr. Middle,6112973,Madera Unified,MADERA         ,0,0
Martin Luther King Jr. Technology Academy,6102784,Twin Rivers Unified,SACRAMENTO     ,0,0
Martin Luther King Middle,6056857,Berkeley Unified,ALAMEDA        ,0,0
"Martin Luther King, Jr.",6107239,Sacramento City Unified,SACRAMENTO     ,0,0
"Martin Luther King, Jr. Elementary",6004915,West Contra Costa Unified,CONTRA COSTA   ,0,0
"Martin Luther King, Jr. Elementary",6072235,Oakland Unified,ALAMEDA        ,0,0
"Martin Luther King, Jr. Middle",6066476,Hayward Unified,ALAMEDA        ,0,0
Martin Murphy Middle,6100325,Morgan Hill Unified,SANTA CLARA    ,0,0
Martin R. Heninger Elementary,6110183,Santa Ana Unified,ORANGE         ,0,0
Martin Van Buren Elementary,6031983,Desert Sands Unified,RIVERSIDE      ,0,0
Martinez Early Intervention Preschool Program (MEI,116780,Martinez Unified,CONTRA COSTA   ,0,0
Martinez Junior High,6057186,Martinez Unified,CONTRA COSTA   ,0,0
Marvin A. Dutcher Middle,6118814,Turlock Unified,STANISLAUS     ,0,0
Marvin Elementary,6039960,San Diego Unified,SAN DIEGO      ,0,0
Mary Ann Sanders Elementary,113803,Sylvan Union Elementary,STANISLAUS     ,0,0
Mary B. Lewis Elementary,6035653,Colton Joint Unified,SAN BERNARDINO ,0,0
Mary B. Perry High,5637780,California Education Authority (CEA) Headquarters,SACRAMENTO     ,0,0
Mary Buren Elementary,6045512,Guadalupe Union Elementary,SANTA BARBARA  ,0,0
Mary Casey Black Elementary,127464,Brentwood Union Elementary,CONTRA COSTA   ,0,0
Mary Chapa Academy,6026116,Greenfield Union Elementary,MONTEREY       ,0,0
Mary Collins Charter School at Cherry Valley,6051932,Petaluma Joint Union High,SONOMA         ,0,0
Mary Deterding Elementary,6034508,San Juan Unified,SACRAMENTO     ,0,0
Mary E. Silveira Elementary,6024194,Dixie Elementary,MARIN          ,0,0
Mary Farmar Elementary,6050991,Benicia Unified,SOLANO         ,0,0
Mary Fay Pendleton Elementary,6038301,Fallbrook Union Elementary,SAN DIEGO      ,0,0
Mary Lou Dieterich Elementary,105700,Stanislaus Union Elementary,STANISLAUS     ,0,0
Mary McLeod Bethune Elementary,6109565,Val Verde Unified,RIVERSIDE      ,0,0
Mary McLeod Bethune Middle,6058143,Los Angeles Unified,LOS ANGELES    ,0,0
Mary P. Henck Intermediate,6068779,Rim of the World Unified,SAN BERNARDINO ,0,0
Mary Peacock Elementary,6113013,Del Norte County Unified,DEL NORTE      ,0,0
Mary Tsukamoto Elementary,6110985,Elk Grove Unified,SACRAMENTO     ,0,0
Maryland Avenue Elementary,6038525,La Mesa-Spring Valley,SAN DIEGO      ,0,0
Maryland Elementary,111237,Vista Unified,SAN DIEGO      ,0,0
Marylin Avenue Elementary,6001317,Livermore Valley Joint Unified,ALAMEDA        ,0,0
Marysville Charter Academy for the Arts,5830138,Marysville Joint Unified,YUBA           ,0,4
Marysville Community Day,131599,Marysville Joint Unified,YUBA           ,0,0
Marysville High,5835202,Marysville Joint Unified,YUBA           ,0,4
Mason Elementary,6071914,San Diego Unified,SAN DIEGO      ,0,0
Masuda (Kazuo) Middle,6094627,Fountain Valley Elementary,ORANGE         ,0,0
Math and Science College Preparatory,126136,Los Angeles Unified,LOS ANGELES    ,0,12
"Math, Science, & Technology Magnet Academy at Roos",122333,Los Angeles Unified,LOS ANGELES    ,0,11
Mather Heights Elementary,6033203,Folsom-Cordova Unified,SACRAMENTO     ,0,0
Mathew J Brletic Elementary,6007033,Parlier Unified,FRESNO         ,0,0
Matilija Junior High,6060339,Ojai Unified,VENTURA        ,0,0
Matrix for Success Academy,137562,Los Angeles Unified,LOS ANGELES    ,0,0
Matsuyama Elementary,6111389,Sacramento City Unified,SACRAMENTO     ,0,0
Matt Garcia Career and College Academy,123356,Fairfield-Suisun Unified,SOLANO         ,0,0
Matthew Gage Middle,6059133,Riverside Unified,RIVERSIDE      ,0,1
Matthew Turner Elementary,6111165,Benicia Unified,SOLANO         ,0,0
Mattie Lou Maxwell,6029169,Magnolia Elementary,ORANGE         ,0,0
Mattie Washburn Elementary,6110993,Windsor Unified,SONOMA         ,0,0
Mattole Elementary,6008049,Mattole Unified,HUMBOLDT       ,0,0
Mattole Triple Junction High,1230085,Mattole Unified,HUMBOLDT       ,0,0
Maude B. Davis Elementary,6029409,Newport-Mesa Unified,ORANGE         ,0,0
Maurice Sendak Elementary,109397,Los Angeles Unified,LOS ANGELES    ,0,0
Maxine Hong Kingston Elementary,111328,Stockton Unified,SAN JOAQUIN    ,0,0
Maxson Elementary,6020747,Mountain View Elementary,LOS ANGELES    ,0,0
Maxwell Academy (PK-8),6012934,Duarte Unified,LOS ANGELES    ,1,0
Maxwell Elementary,6003503,Maxwell Unified,COLUSA         ,0,0
Maxwell Middle,133223,Maxwell Unified,COLUSA         ,0,0
Maxwell Sr High,634758,Maxwell Unified,COLUSA         ,0,0
May Ranch Elementary,117424,Val Verde Unified,RIVERSIDE      ,0,0
Maya Lin,126656,Alameda Unified,ALAMEDA        ,0,0
Mayall Street Elementary,6018089,Los Angeles Unified,LOS ANGELES    ,0,0
Mayberry Street Elementary,6018097,Los Angeles Unified,LOS ANGELES    ,0,0
Mayfair Elementary,6006407,Fresno Unified,FRESNO         ,0,0
Mayfair High,1935618,Bellflower Unified,LOS ANGELES    ,0,17
Mayflower Elementary,6020457,Monrovia Unified,LOS ANGELES    ,0,0
Mayo Elementary,6012355,Compton Unified,LOS ANGELES    ,0,0
Maywood Academy High,109462,Los Angeles Unified,LOS ANGELES    ,0,10
Maywood Center for Enriched Studies,135855,Los Angeles Unified,LOS ANGELES    ,0,10
Maywood Elementary,109363,Los Angeles Unified,LOS ANGELES    ,0,0
Maywood Middle,6093546,Corning Union Elementary,TEHAMA         ,0,0
Maze Middle,6112320,Hollister,SAN BENITO     ,0,0
McCabe Elementary,6006969,Mendota Unified,FRESNO         ,0,0
McCabe Elementary,6008593,McCabe Union Elementary,IMPERIAL       ,0,0
McCardle Elementary,6085120,Fresno Unified,FRESNO         ,0,0
McClellan High (Continuation),3430451,Center Joint Unified,SACRAMENTO     ,0,0
McCloud Elementary,6050850,McCloud Union Elementary,SISKIYOU       ,0,0
McCloud High,4734901,Siskiyou Union High,SISKIYOU       ,0,0
McClymonds High,110189,Oakland Unified,ALAMEDA        ,0,8
McCoppin (Frank) Elementary,6041016,San Francisco Unified,SAN FRANCISCO  ,0,0
McCord Elementary,6006795,Kings Canyon Joint Unified,FRESNO         ,0,0
McDowell Elementary,6051957,Petaluma City Elementary,SONOMA         ,0,0
McFadden Intermediate,6061741,Santa Ana Unified,ORANGE         ,0,0
McFarland High,1534155,McFarland Unified,KERN           ,0,9
McFarland Independent,1530229,McFarland Unified,KERN           ,0,0
McFarland Middle,6106306,McFarland Unified,KERN           ,0,0
McGill School of Success,6113211,San Diego Unified,SAN DIEGO      ,0,0
McKee Middle,101014,Greenfield Union,KERN           ,0,0
McKevett Elementary,6055602,Santa Paula Unified,VENTURA        ,0,0
McKinley,6120265,Pasadena Unified,LOS ANGELES    ,0,1
McKinley Avenue Elementary,6018105,Los Angeles Unified,LOS ANGELES    ,0,0
McKinley Elementary,6002422,San Leandro Unified,ALAMEDA        ,0,0
McKinley Elementary,6006944,Central Unified,FRESNO         ,0,0
McKinley Elementary,6009070,Bakersfield City,KERN           ,0,0
McKinley Elementary,6022594,Santa Monica-Malibu Unified,LOS ANGELES    ,0,0
McKinley Elementary,6036552,Redlands Unified,SAN BERNARDINO ,0,0
McKinley Elementary,6043574,Burlingame Elementary,SAN MATEO      ,0,0
McKinley Institute of Technology,6044556,Redwood City Elementary,SAN MATEO      ,0,0
McKinleyville High,1235209,Northern Humboldt Union High,HUMBOLDT       ,7,4
McKinleyville Middle,6008064,McKinleyville Union Elementary,HUMBOLDT       ,0,0
McKinna Elementary,6055354,Oxnard,VENTURA        ,0,0
McKinnon,6120224,Santa Rita Union Elementary,MONTEREY       ,0,0
McKittrick Elementary,6009773,McKittrick Elementary,KERN           ,0,0
McLane High,1034214,Fresno Unified,FRESNO         ,0,15
McLaren (John) Children Centers,117531,San Francisco Unified,SAN FRANCISCO  ,0,0
McManus (John A.) Elementary,6003024,Chico Unified,BUTTE          ,0,0
McMillin (Corky) Elementary,6118988,Chula Vista Elementary,SAN DIEGO      ,0,0
McNair Camp,122036,Los Angeles County Office of Education,LOS ANGELES    ,0,0
McNear Elementary,6051973,Petaluma City Elementary,SONOMA         ,0,0
McPherson Elementary,6026850,Napa Valley Unified,NAPA           ,0,0
McPherson Magnet,6058945,Orange Unified,ORANGE         ,0,0
McSwain Elementary,6025589,McSwain Union Elementary,MERCED         ,0,0
McSweeny Elementary,101121,Hemet Unified,RIVERSIDE      ,0,0
Mead Valley Elementary,6032866,Val Verde Unified,RIVERSIDE      ,0,0
Meadow Elementary,6110324,Waugh Elementary,SONOMA         ,0,0
Meadow Green Elementary,6020192,Lowell Joint,LOS ANGELES    ,0,0
Meadow Heights Elementary,6044960,San Mateo-Foster City,SAN MATEO      ,0,0
Meadow Homes Elementary,6004154,Mt. Diablo Unified,CONTRA COSTA   ,0,0
Meadow Lane Elementary,6010532,Lemoore Union Elementary,KINGS          ,0,0
Meadow Park Elementary,6106850,Irvine Unified,ORANGE         ,0,0
Meadow View,6109748,Susanville Elementary,LASSEN         ,0,0
Meadow View Elementary,6115695,Bellevue Union,SONOMA         ,0,0
Meadowbrook Middle,6038988,Poway Unified,SAN DIEGO      ,0,0
Meadowlark Elementary,6115679,Acton-Agua Dulce Unified,LOS ANGELES    ,0,0
Meadows Arts and Technology Elementary,6055974,Ventura County Office of Education,VENTURA        ,0,0
Meadows Avenue Elementary,6020390,Manhattan Beach Unified,LOS ANGELES    ,0,0
Meadows Elementary,6095442,Newhall,LOS ANGELES    ,0,0
Meairs Elementary,6030811,Westminster,ORANGE         ,0,0
Mecca Elementary,6032254,Coachella Valley Unified,RIVERSIDE      ,0,0
Medea Creek Middle,6098255,Oak Park Unified,VENTURA        ,0,0
Megan Cope Elementary,121319,San Jacinto Unified,RIVERSIDE      ,0,0
Meiners Oaks Elementary,6055198,Ojai Unified,VENTURA        ,0,0
Melbourne (Ella P.) Elementary,6010912,ABC Unified,LOS ANGELES    ,0,0
Melinda Heights Elementary,6114888,Saddleback Valley Unified,ORANGE         ,0,0
Melrose Avenue Elementary,6018113,Los Angeles Unified,LOS ANGELES    ,0,0
Melrose Elementary,102897,Placentia-Yorba Linda Unified,ORANGE         ,0,0
Melrose Leadership Academy,6118640,Oakland Unified,ALAMEDA        ,0,0
Melva Davis Academy of Excellence,131441,Adelanto Elementary,SAN BERNARDINO ,0,0
Melville S. Jacobson Elementary,6107973,Tracy Joint Unified,SAN JOAQUIN    ,0,0
Melvin Avenue Elementary,6018121,Los Angeles Unified,LOS ANGELES    ,0,0
Memorial Scholars & Athletes,117333,San Diego Unified,SAN DIEGO      ,0,0
Mendocino Alternative,2330306,Mendocino Unified,MENDOCINO      ,0,0
Mendocino County Community,2330447,Mendocino County Office of Education,MENDOCINO      ,0,0
Mendocino High,2333185,Mendocino Unified,MENDOCINO      ,0,3
Mendocino K-8,6025167,Mendocino Unified,MENDOCINO      ,0,0
Mendocino Sunrise High,2330090,Mendocino Unified,MENDOCINO      ,0,0
Mendota Community Day,1030725,Mendota Unified,FRESNO         ,0,0
Mendota Continuation High,1030261,Mendota Unified,FRESNO         ,1,0
Mendota Elementary,129163,Mendota Unified,FRESNO         ,0,0
Mendota High,1030493,Mendota Unified,FRESNO         ,1,10
Mendota Junior High,6006977,Mendota Unified,FRESNO         ,0,0
Menifee Valley Middle,6107197,Menifee Union Elementary,RIVERSIDE      ,0,0
Menlo Avenue Elementary,6018139,Los Angeles Unified,LOS ANGELES    ,0,0
Menlo-Atherton High,4133716,Sequoia Union High,SAN MATEO      ,0,17
Mentone Elementary,6036560,Redlands Unified,SAN BERNARDINO ,0,0
Merced City School District Community Day,6118889,Merced City Elementary,MERCED         ,0,0
Merced County Juvenile Court,2430056,Merced County Office of Education,MERCED         ,0,0
Merced County Special Education,6069199,Merced County Office of Education,MERCED         ,0,0
Merced Elementary,6023485,West Covina Unified,LOS ANGELES    ,0,0
Merced High,2435204,Merced Union High,MERCED         ,0,11
Merced Scholars Charter,106518,Merced County Office of Education,MERCED         ,0,0
Mercey Springs Elementary,127597,Los Banos Unified,MERCED         ,0,0
Meridian Elementary,6037717,Cajon Valley Union,SAN DIEGO      ,0,0
Merle L. Fuller Elementary,6023881,Chowchilla Elementary,MADERA         ,0,0
Merlinda Elementary,6023493,West Covina Unified,LOS ANGELES    ,0,0
Merquin Elementary,6025472,Hilmar Unified,MERCED         ,0,0
Merrill F. West High,3930302,Tracy Joint Unified,SAN JOAQUIN    ,0,12
Merritt Trace Elementary,6048656,San Jose Unified,SANTA CLARA    ,0,0
Merton E. Hill Elementary,6028641,Garden Grove Unified,ORANGE         ,0,0
Merwin Elementary,6012553,Covina-Valley Unified,LOS ANGELES    ,0,0
Mesa Elementary,6055123,Mesa Union Elementary,VENTURA        ,0,0
Mesa Grande Elementary,6089643,Hesperia Unified,SAN BERNARDINO ,0,0
Mesa Linda Middle,6116370,Adelanto Elementary,SAN BERNARDINO ,0,0
Mesa Middle,6109342,Lucia Mar Unified,SAN LUIS OBISPO,0,0
Mesa Robles,6014294,Hacienda la Puente Unified,LOS ANGELES    ,0,0
Mesa Verde Elementary,118810,Riverbank Unified,STANISLAUS     ,0,0
Mesa Verde High,3430048,San Juan Unified,SACRAMENTO     ,0,8
Mesa Verde Middle,6111306,Poway Unified,SAN DIEGO      ,0,0
Mesa Verde Middle,6112189,Moorpark Unified,VENTURA        ,0,0
Mesa View Elementary,113746,Romoland Elementary,RIVERSIDE      ,0,0
Mesa View Middle,119164,Yucaipa-Calimesa Joint Unified,SAN BERNARDINO ,0,0
Mesa View Middle,6066849,Ocean View,ORANGE         ,0,0
Mesquite Continuation High,1530054,Sierra Sands Unified,KERN           ,0,0
Mesquite Elementary,6108625,Palmdale Elementary,LOS ANGELES    ,0,0
Mesquite Trails Elementary,6114680,Hesperia Unified,SAN BERNARDINO ,0,0
MetWest High,100701,Oakland Unified,ALAMEDA        ,0,0
"Method Schools, LA",137703,Acton-Agua Dulce Unified,LOS ANGELES    ,0,1
MethodSchools,129221,Dehesa Elementary,SAN DIEGO      ,0,1
Metro Charter,127977,Los Angeles Unified,LOS ANGELES    ,0,0
Metropolitan Continuation,1931468,Los Angeles Unified,LOS ANGELES    ,0,0
Meyler Street Elementary,6018147,Los Angeles Unified,LOS ANGELES    ,0,0
Michael D'Arcy Elementary,6113633,Colton Joint Unified,SAN BERNARDINO ,0,0
Michael G. Wickman Elementary,100586,Chino Valley Unified,SAN BERNARDINO ,0,0
Michael J. Castori Elementary,6033427,Twin Rivers Unified,SACRAMENTO     ,0,0
Michelle Obama Elementary,126441,Los Angeles Unified,LOS ANGELES    ,0,0
Micheltorena Street Elementary,6018154,Los Angeles Unified,LOS ANGELES    ,0,0
Mickey Cox Elementary,6101984,Clovis Unified,FRESNO         ,0,0
Mid Valley Alternative Charter,6113120,Kit Carson Union Elementary,KINGS          ,0,0
Mid Valley High (Continuation),630038,Williams Unified,COLUSA         ,0,0
Mid-City's Prescott School of Enriched Sciences,1931070,Los Angeles Unified,LOS ANGELES    ,0,0
Middle College High,102913,Los Angeles Unified,LOS ANGELES    ,0,5
Middle College High,730291,West Contra Costa Unified,CONTRA COSTA   ,0,0
Middle College High,3030608,Santa Ana Unified,ORANGE         ,0,0
Middle College High,3631090,San Bernardino City Unified,SAN BERNARDINO ,0,1
Middle College High,3930443,Lodi Unified,SAN JOAQUIN    ,0,0
Middle College High,4330593,San Jose Unified,SANTA CLARA    ,0,0
Middleton Primary Center,109272,Los Angeles Unified,LOS ANGELES    ,0,0
Middleton Street Elementary,6018162,Los Angeles Unified,LOS ANGELES    ,0,0
Middletown High,1736008,Middletown Unified,LAKE           ,1,5
Middletown Middle,6107049,Middletown Unified,LAKE           ,0,0
Midland Elementary,6032312,Moreno Valley Unified,RIVERSIDE      ,0,0
Midway Elementary,6009781,Midway Elementary,KERN           ,0,0
Miguel Hidalgo Elementary,6105746,Fresno Unified,FRESNO         ,0,0
Miguelito Elementary,6068902,Lompoc Unified,SANTA BARBARA  ,0,0
Mildred B. Janson Elementary,6022180,Rosemead Elementary,LOS ANGELES    ,0,0
Mildred Perkins Elementary,133660,Salida Union Elementary,STANISLAUS     ,0,0
Miles Avenue Elementary,6018170,Los Angeles Unified,LOS ANGELES    ,0,0
Miles P. Richmond,6069736,Twin Rivers Unified,SACRAMENTO     ,0,0
Milk (Harvey) Civil Rights Elementary,6040919,San Francisco Unified,SAN FRANCISCO  ,0,0
Mill Elementary,6023691,Whittier City Elementary,LOS ANGELES    ,0,0
Mill Street Elementary,6007488,Orland Joint Unified,GLENN          ,0,0
Mill Valley Middle,6085187,Mill Valley Elementary,MARIN          ,0,0
Millard McCollam Elementary,6046254,Alum Rock Union Elementary,SANTA CLARA    ,0,0
Millbrook Elementary,6105787,Evergreen Elementary,SANTA CLARA    ,0,0
Millennial Tech Middle,117325,San Diego Unified,SAN DIEGO      ,0,0
Millennium Charter,102392,Tracy Joint Unified,SAN JOAQUIN    ,0,0
Millennium Charter High,125765,Monterey County Office of Education,MONTEREY       ,0,0
Millennium High Alternative,130286,Piedmont City Unified,ALAMEDA        ,0,0
Miller (Isaac) Elementary,6046031,Santa Maria-Bonita,SANTA BARBARA  ,0,0
Miller Creek Middle,6024202,Dixie Elementary,MARIN          ,0,0
Miller Elementary,6066997,Escondido Union,SAN DIEGO      ,0,0
Miller Elementary,6093256,San Diego Unified,SAN DIEGO      ,0,0
Miller's Hill,6103857,Latrobe,EL DORADO      ,0,0
Millikan High,1935758,Long Beach Unified,LOS ANGELES    ,0,28
Millikin Elementary,6048920,Santa Clara Unified,SANTA CLARA    ,0,0
Mills High,4134557,San Mateo Union High,SAN MATEO      ,0,15
Mills Middle,6059190,Folsom-Cordova Unified,SACRAMENTO     ,0,0
Millswood Middle,102640,Lodi Unified,SAN JOAQUIN    ,0,0
Millview Elementary,6024020,Madera Unified,MADERA         ,0,0
Millville Elementary,6050405,Millville Elementary,SHASTA         ,0,0
Milor Continuation High,3630159,Rialto Unified,SAN BERNARDINO ,0,0
Milpitas High,4334470,Milpitas Unified,SANTA CLARA    ,0,15
Minarets Charter High,125021,Chawanakee Unified,MADERA         ,0,7
Minarets High,117010,Chawanakee Unified,MADERA         ,0,7
Mineral King Elementary,6054647,Visalia Unified,TULARE         ,0,0
Minnie Cannon Elementary,6010672,Middletown Unified,LAKE           ,0,0
Mint Canyon Community Elementary,6022891,Sulphur Springs Union,LOS ANGELES    ,0,0
Mintie White Elementary,6049746,Pajaro Valley Unified,SANTA CRUZ     ,0,0
Mira Catalina Elementary,6021273,Palos Verdes Peninsula Unified,LOS ANGELES    ,0,0
Mira Costa High,1935808,Manhattan Beach Unified,LOS ANGELES    ,0,22
Mira Loma High,3435930,San Juan Unified,SACRAMENTO     ,17,3
Mira Loma Middle,6112858,Jurupa Unified,RIVERSIDE      ,0,0
Mira Mesa High,3730181,San Diego Unified,SAN DIEGO      ,0,23
Mira Monte Elementary,6055206,Ojai Unified,VENTURA        ,0,0
Mira Monte High,116400,Kern High,KERN           ,0,5
Mira Vista Elementary,6004857,West Contra Costa Unified,CONTRA COSTA   ,0,0
Miraleste Intermediate,6021331,Palos Verdes Peninsula Unified,LOS ANGELES    ,0,0
Miraloma Elementary,6041438,San Francisco Unified,SAN FRANCISCO  ,0,0
Miramar Ranch Elementary,6069116,San Diego Unified,SAN DIEGO      ,0,0
Miramonte Elementary,6020754,Mountain View Elementary,LOS ANGELES    ,0,0
Miramonte High,734244,Acalanes Union High,CONTRA COSTA   ,0,14
Miranda Junior High,129114,Southern Humboldt Joint Unified,HUMBOLDT       ,0,0
Mirus Secondary,114389,Hesperia Unified,SAN BERNARDINO ,0,5
Mission Academy,137786,Acton-Agua Dulce Unified,LOS ANGELES    ,0,0
Mission Avenue Open Elementary,6034730,San Juan Unified,SACRAMENTO     ,0,0
Mission Bay High,3734431,San Diego Unified,SAN DIEGO      ,12,3
Mission Bell Elementary,6032189,Jurupa Unified,RIVERSIDE      ,0,0
Mission Community Day,122820,Corcoran Joint Unified,KINGS          ,0,0
Mission Continuation,1931484,Los Angeles Unified,LOS ANGELES    ,0,0
Mission Crest Elementary,114090,Hesperia Unified,SAN BERNARDINO ,0,0
Mission Early College High,135970,Santa Clara Unified,SANTA CLARA    ,0,0
Mission Education Center,6089585,San Francisco Unified,SAN FRANCISCO  ,0,0
Mission Elementary,123851,Redlands Unified,SAN BERNARDINO ,0,0
Mission Elementary,6084941,Antioch Unified,CONTRA COSTA   ,0,0
Mission Estancia Elementary,6108534,Encinitas Union Elementary,SAN DIEGO      ,0,0
Mission High,3834082,San Francisco Unified,SAN FRANCISCO  ,0,8
Mission Hill Middle,6060156,Santa Cruz City High,SANTA CRUZ     ,0,0
Mission Meadows Elementary,6110407,Vista Unified,SAN DIEGO      ,0,0
Mission Middle,6038210,Escondido Union,SAN DIEGO      ,0,0
Mission Middle,6061774,Jurupa Unified,RIVERSIDE      ,0,0
Mission Oak High,116368,Tulare Joint Union High,TULARE         ,0,11
Mission Park Elementary,6026579,Salinas City Elementary,MONTEREY       ,0,0
Mission Preparatory,123505,San Francisco Unified,SAN FRANCISCO  ,0,0
Mission San Jose Elementary,6090534,Fremont Unified,ALAMEDA        ,0,0
Mission San Jose High,135244,Fremont Unified,ALAMEDA        ,0,20
Mission Valley,100651,Lompoc Unified,SANTA BARBARA  ,0,0
Mission Valley Elementary,113639,Tulare City,TULARE         ,0,0
Mission Valley Elementary,6000749,Fremont Unified,ALAMEDA        ,0,0
Mission Viejo High,3034956,Saddleback Valley Unified,ORANGE         ,9,14
Mission View Public,114439,William S. Hart Union High,LOS ANGELES    ,0,0
Mission Vista High,118430,Vista Unified,SAN DIEGO      ,0,12
Mistletoe Elementary,6050231,Enterprise Elementary,SHASTA         ,0,0
Mitchell Community Elementary,6066807,Sulphur Springs Union,LOS ANGELES    ,0,0
Mitchell Elementary,6025340,Atwater Elementary,MERCED         ,0,0
Mitchell Intermediate,6025357,Atwater Elementary,MERCED         ,0,0
Miwok Valley Elementary Charter,6072136,Old Adobe Union,SONOMA         ,0,0
Modesto High,5034905,Modesto City High,STANISLAUS     ,12,2
Modoc County Special Education,6069314,Modoc County Office of Education,MODOC          ,0,0
Modoc High,2535409,Modoc Joint Unified,MODOC          ,0,1
Modoc Middle,6058697,Modoc Joint Unified,MODOC          ,0,0
Moffett Elementary,6014971,Lennox,LOS ANGELES    ,0,0
Mojave Elementary,6009799,Mojave Unified,KERN           ,0,0
Mojave High,3630472,Hesperia Unified,SAN BERNARDINO ,0,0
Mojave Jr./Sr. High,136259,Mojave Unified,KERN           ,0,0
Mojave River Academy,111807,Oro Grande,SAN BERNARDINO ,0,0
Mojave River Academy - Gold Canyon,137174,Oro Grande,SAN BERNARDINO ,0,0
Mojave River Academy - Marble City,137232,Oro Grande,SAN BERNARDINO ,0,0
Mojave River Academy - National Trails,137182,Oro Grande,SAN BERNARDINO ,0,0
Mojave River Academy - Oro Grande,137190,Oro Grande,SAN BERNARDINO ,0,0
Mojave River Academy - Rockview Park,137216,Oro Grande,SAN BERNARDINO ,0,0
Mojave River Academy - Route 66,137208,Oro Grande,SAN BERNARDINO ,0,0
Mojave River Academy - Silver Mountain,137224,Oro Grande,SAN BERNARDINO ,0,0
Mojave Vista Elementary,6106587,Victor Elementary,SAN BERNARDINO ,0,0
Mokelumne High (Continuation),3430550,River Delta Joint Unified,SACRAMENTO     ,0,0
Mokelumne Hill Elementary,6003404,Calaveras Unified,CALAVERAS      ,0,0
Molly S. Bakman Elementary,108100,Fresno Unified,FRESNO         ,0,0
Monache High,5432786,Porterville Unified,TULARE         ,0,10
Monarch,120493,San Diego County Office of Education,SAN DIEGO      ,0,0
Monarch Academy,6105308,Mariposa County Office of Education,MARIPOSA       ,0,0
Monarch Grove Elementary,6110621,San Luis Coastal Unified,SAN LUIS OBISPO,0,0
Monarch Learning Center,6117931,Redding Elementary,SHASTA         ,0,0
Moneta Continuation,1930486,Los Angeles Unified,LOS ANGELES    ,0,0
Mono County Adult,2630077,Mono County Office of Education,MONO           ,0,0
Monroe Elementary,6002430,San Leandro Unified,ALAMEDA        ,0,0
Monroe Elementary,6020465,Monrovia Unified,LOS ANGELES    ,0,0
Monroe High (Continuation),1530245,Tehachapi Unified,KERN           ,0,0
Monroe Middle,6046627,Campbell Union,SANTA CLARA    ,0,0
Monrovia High,1935923,Monrovia Unified,LOS ANGELES    ,0,18
Monsenor Oscar Romero Charter Middle,114959,Los Angeles Unified,LOS ANGELES    ,0,0
Monson-Sultana Elementary,6054167,Monson-Sultana Joint Union Elementary,TULARE         ,0,0
Monta Loma Elementary,6049480,Mountain View Whisman,SANTA CLARA    ,0,0
Monta Vista High,4334462,Fremont Union High,SANTA CLARA    ,0,18
Montague Charter Academy,6018204,Los Angeles Unified,LOS ANGELES    ,0,0
Montague Elementary,6048938,Santa Clara Unified,SANTA CLARA    ,0,0
Montague Elementary,6050876,Montague Elementary,SISKIYOU       ,0,0
Montair Elementary,6005128,San Ramon Valley Unified,CONTRA COSTA   ,0,0
Montalvin Manor Elementary,6004865,West Contra Costa Unified,CONTRA COSTA   ,0,0
Montalvo Elementary,6056147,Ventura Unified,VENTURA        ,0,0
Montara Avenue Elementary,6107403,Los Angeles Unified,LOS ANGELES    ,0,0
Montara Elementary,6035380,Barstow Unified,SAN BERNARDINO ,0,0
Montclair Elementary,6002083,Oakland Unified,ALAMEDA        ,0,0
Montclair High,3633906,Chaffey Joint Union High,SAN BERNARDINO ,0,13
Montclaire Elementary,6046981,Cupertino Union,SANTA CLARA    ,0,0
Monte Bella Elementary,127456,Alisal Union,MONTEREY       ,0,0
Monte Gardens Elementary,6004162,Mt. Diablo Unified,CONTRA COSTA   ,0,0
Monte Rio Elementary,6051866,Monte Rio Union Elementary,SONOMA         ,0,0
Monte Verde Elementary,6045108,South San Francisco Unified,SAN MATEO      ,0,0
Monte Vista,124602,Monterey Peninsula Unified,MONTEREY       ,0,0
Monte Vista,5630249,Simi Valley Unified,VENTURA        ,0,4
Monte Vista Elementary,6013783,Glendale Unified,LOS ANGELES    ,0,0
Monte Vista Elementary,6014724,Lancaster Elementary,LOS ANGELES    ,0,0
Monte Vista Elementary,6020762,Mountain View Elementary,LOS ANGELES    ,0,0
Monte Vista Elementary,6036362,Ontario-Montclair,SAN BERNARDINO ,0,0
Monte Vista High,734368,San Ramon Valley Unified,CONTRA COSTA   ,0,22
Monte Vista High,3030186,Newport-Mesa Unified,ORANGE         ,0,0
Monte Vista High,3734548,Grossmont Union High,SAN DIEGO      ,0,5
Monte Vista Middle,6042840,Tracy Joint Unified,SAN JOAQUIN    ,0,0
Monte Vista Middle,6055461,Pleasant Valley,VENTURA        ,0,0
Monte Vista Middle,6059166,San Jacinto Unified,RIVERSIDE      ,0,0
Monte Vista Street Elementary,6018212,Los Angeles Unified,LOS ANGELES    ,0,0
Montebello Community Day,1996388,Montebello Unified,LOS ANGELES    ,0,0
Montebello Gardens Elementary,6020614,Montebello Unified,LOS ANGELES    ,0,0
Montebello High,1935998,Montebello Unified,LOS ANGELES    ,0,16
Montebello Intermediate,6058432,Montebello Unified,LOS ANGELES    ,0,0
Montebello Park Elementary,6020622,Montebello Unified,LOS ANGELES    ,0,0
Montecito High (Continuation),3735958,Ramona City Unified,SAN DIEGO      ,0,0
Montecito Union,6045728,Montecito Union Elementary,SANTA BARBARA  ,0,0
Montemalaga Elementary,6021299,Palos Verdes Peninsula Unified,LOS ANGELES    ,0,0
Montera Elementary,100115,Ontario-Montclair,SAN BERNARDINO ,0,0
Montera Middle,6057079,Oakland Unified,ALAMEDA        ,0,0
Monterey Bay Charter,112177,Monterey County Office of Education,MONTEREY       ,0,0
Monterey Continuation,1931989,Los Angeles Unified,LOS ANGELES    ,0,0
Monterey County Home Charter,2730232,Monterey County Office of Education,MONTEREY       ,0,1
Monterey County Special Education,6069512,Monterey County Office of Education,MONTEREY       ,0,0
Monterey Elementary,6037014,San Bernardino City Unified,SAN BERNARDINO ,0,0
Monterey Heights Elementary,6038624,Lemon Grove,SAN DIEGO      ,0,0
Monterey High,2732808,Monterey Peninsula Unified,MONTEREY       ,0,14
Monterey High (Continuation),1933332,Burbank Unified,LOS ANGELES    ,0,0
Monterey Highlands Elementary,6011076,Alhambra Unified,LOS ANGELES    ,0,0
Monterey Hills Elementary,6022784,South Pasadena Unified,LOS ANGELES    ,0,0
Monterey Park Elementary,6026587,Salinas City Elementary,MONTEREY       ,0,0
Monterey Peninsula Unified School District Communi,112896,Monterey Peninsula Unified,MONTEREY       ,0,0
Monterey Peninsula Unified School District Communi,115642,Monterey Peninsula Unified,MONTEREY       ,0,0
Monterey Ridge Elementary,111187,Poway Unified,SAN DIEGO      ,0,0
Monterey Road Elementary,6042949,Atascadero Unified,SAN LUIS OBISPO,0,0
Monterey Trail High,105916,Elk Grove Unified,SACRAMENTO     ,0,16
Monterey Vista Elementary,6013585,Garvey Elementary,LOS ANGELES    ,0,0
Montevideo Elementary,6089494,Saddleback Valley Unified,ORANGE         ,0,0
Montevideo Elementary,6097158,San Ramon Valley Unified,CONTRA COSTA   ,0,0
Montezuma Elementary,6042717,Stockton Unified,SAN JOAQUIN    ,0,0
Montgomery (John J.) Elementary,6037915,Chula Vista Elementary,SAN DIEGO      ,0,0
Montgomery Creek Elementary,6050413,Mountain Union Elementary,SHASTA         ,0,0
Montgomery Elementary,6051874,Montgomery Elementary,SONOMA         ,0,0
Montgomery High,4934154,Santa Rosa High,SONOMA         ,14,4
Montgomery Middle,6059679,San Diego Unified,SAN DIEGO      ,0,0
Montgomery Middle,6070890,Sweetwater Union High,SAN DIEGO      ,0,0
Montgomery Middle,6093207,Cajon Valley Union,SAN DIEGO      ,0,0
Montgomery Senior High,3738234,Sweetwater Union High,SAN DIEGO      ,0,18
Monticello Elementary,6110373,Jefferson Elementary,SAN JOAQUIN    ,0,0
Montvue Elementary,6021919,Pomona Unified,LOS ANGELES    ,0,0
Monument Middle,6008122,Rio Dell Elementary,HUMBOLDT       ,0,0
Moore Middle,6061881,Redlands Unified,SAN BERNARDINO ,0,0
Moorpark High,5633250,Moorpark Unified,VENTURA        ,0,20
Morada Middle,6042196,Lodi Unified,SAN JOAQUIN    ,0,0
Moreland Middle,6047781,Moreland,SANTA CLARA    ,0,0
Morello Park Elementary,6003875,Martinez Unified,CONTRA COSTA   ,0,0
Moreno Elementary,6032320,Moreno Valley Unified,RIVERSIDE      ,0,0
Moreno High (Continuation),1931021,Beverly Hills Unified,LOS ANGELES    ,0,0
Moreno Valley Community Learning Center,3330685,Moreno Valley Unified,RIVERSIDE      ,0,0
Moreno Valley High,3333770,Moreno Valley Unified,RIVERSIDE      ,0,12
Moreno Valley Online Academy,128868,Moreno Valley Unified,RIVERSIDE      ,0,1
Morey Avenue Early Childhood Development,6032965,Twin Rivers Unified,SACRAMENTO     ,0,0
Morgan Elementary,6036669,Rialto Unified,SAN BERNARDINO ,0,0
Morgan Kincaid Preparatory,6120604,Adelanto Elementary,SAN BERNARDINO ,0,0
Morning Creek Elementary,6109318,Poway Unified,SAN DIEGO      ,0,0
Morningside,6117915,Delano Union Elementary,KERN           ,0,0
Morningside Elementary,6028666,Garden Grove Unified,ORANGE         ,0,0
Morningside High,1936046,Inglewood Unified,LOS ANGELES    ,0,7
Morongo Valley Elementary,6035992,Morongo Unified,SAN BERNARDINO ,0,0
Morrice Schaefer Charter,6109144,Piner-Olivet Union Elementary,SONOMA         ,0,0
Morrill Middle,6068928,Berryessa Union Elementary,SANTA CLARA    ,0,0
Morris E. Dailey Charter Elementary,121533,Fresno Unified,FRESNO         ,0,0
Morris Elementary,6008072,McKinleyville Union Elementary,HUMBOLDT       ,0,0
Morris K. Hamasaki Elementary,6018881,Los Angeles Unified,LOS ANGELES    ,0,0
Morro Bay High,4034807,San Luis Coastal Unified,SAN LUIS OBISPO,0,10
Morse Avenue Elementary,6030050,Placentia-Yorba Linda Unified,ORANGE         ,0,0
Morse High,3734654,San Diego Unified,SAN DIEGO      ,0,14
Moscone (George R.) Elementary,6099154,San Francisco Unified,SAN FRANCISCO  ,0,0
Mossdale Elementary,113357,Manteca Unified,SAN JOAQUIN    ,0,0
Moulton Elementary,6095087,Capistrano Unified,ORANGE         ,0,0
Mound Elementary,6056154,Ventura Unified,VENTURA        ,0,0
Mount Miguel High,3734761,Grossmont Union High,SAN DIEGO      ,0,7
Mount Toro High,2734481,Salinas Union High,MONTEREY       ,0,0
Mountain Avenue Elementary,6013809,Glendale Unified,LOS ANGELES    ,0,0
Mountain Creek Middle,6112569,Pioneer Union Elementary,EL DORADO      ,0,0
Mountain Elementary,6005425,Del Norte County Unified,DEL NORTE      ,0,0
Mountain Elementary,6049613,Mountain Elementary,SANTA CRUZ     ,0,0
Mountain Empire High,3734878,Mountain Empire Unified,SAN DIEGO      ,0,7
Mountain Heights Academy,3331006,San Jacinto Unified,RIVERSIDE      ,1,0
Mountain High,3630241,Rim of the World Unified,SAN BERNARDINO ,0,0
Mountain High,5530175,Summerville Union High,TUOLUMNE       ,0,0
Mountain Home Charter (Alternative),6110076,Yosemite Unified,MADERA         ,0,0
Mountain House Elementary,6001358,Mountain House Elementary,ALAMEDA        ,0,0
Mountain House High,128967,Lammersville Joint Unified,SAN JOAQUIN    ,0,14
Mountain Lakes High,4530077,Gateway Unified,SHASTA         ,0,0
Mountain Meadows Elementary,6106447,Moorpark Unified,VENTURA        ,0,0
Mountain Oaks,530154,Calaveras County Office of Education,CALAVERAS      ,0,1
Mountain Oaks High,100180,Chawanakee Unified,MADERA         ,0,0
Mountain Park,1996404,Monrovia Unified,LOS ANGELES    ,0,0
Mountain Shadows Middle,6109334,Nuview Union ,RIVERSIDE      ,0,0
Mountain Valley Academy,131250,Ramona City Unified,SAN DIEGO      ,0,2
Mountain View (Alternative),1030378,Kings Canyon Joint Unified,FRESNO         ,0,0
Mountain View Elementary,6004170,Mt. Diablo Unified,CONTRA COSTA   ,0,0
Mountain View Elementary,6011308,Azusa Unified,LOS ANGELES    ,0,0
Mountain View Elementary,6012181,Claremont Unified,LOS ANGELES    ,0,0
Mountain View Elementary,6054654,Visalia Unified,TULARE         ,0,0
Mountain View Elementary,6055750,Simi Valley Unified,VENTURA        ,0,0
Mountain View High,1932680,El Monte Union High,LOS ANGELES    ,0,4
Mountain View High,3337649,San Jacinto Unified,RIVERSIDE      ,0,0
Mountain View High,3630696,Lucerne Valley Unified,SAN BERNARDINO ,0,0
Mountain View High,4334728,Mountain View-Los Altos Union High,SANTA CLARA    ,0,21
Mountain View High (Continuation),4530010,Fall River Joint Unified,SHASTA         ,0,0
Mountain View Learning Academy,6109953,Alpine Union Elementary,SAN DIEGO      ,0,0
Mountain View Middle,6009690,Lamont Elementary,KERN           ,0,0
Mountain View Middle,6031652,Beaumont Unified,RIVERSIDE      ,0,0
Mountain View Middle,6107643,Moreno Valley Unified,RIVERSIDE      ,0,0
Mountain View Middle,6117857,Columbia Elementary,SHASTA         ,0,0
Mountain View Montessori Charter,6118350,Victor Elementary,SAN BERNARDINO ,0,0
Mountain Vista,109520,Fillmore Unified,VENTURA        ,0,0
Mountain Vista Educational Center,123414,Madera Unified,MADERA         ,0,0
Mountain Vista Elementary,6117774,Coachella Valley Unified,RIVERSIDE      ,0,0
Mountain Vista High,123620,Madera Unified,MADERA         ,0,0
Mountain Vista Middle,6107791,Kelseyville Unified,LAKE           ,0,0
Mountainview Elementary,6112528,Saugus Union,LOS ANGELES    ,0,0
Mt. Baldy Joint Elementary,6036065,Mt. Baldy Joint Elementary,SAN BERNARDINO ,0,0
Mt. Burney Special Education Center,6050314,Fall River Joint Unified,SHASTA         ,0,0
Mt. Carmel High,3730074,Poway Unified,SAN DIEGO      ,0,17
Mt. Diablo Elementary,6004188,Mt. Diablo Unified,CONTRA COSTA   ,0,0
Mt. Diablo High,734566,Mt. Diablo Unified,CONTRA COSTA   ,0,7
Mt. Eden High,135319,Hayward Unified,ALAMEDA        ,0,14
Mt. Everest Academy,3730751,San Diego Unified,SAN DIEGO      ,0,12
Mt. George International,6026868,Napa Valley Unified,NAPA           ,0,0
Mt. Gleason Middle,6058168,Los Angeles Unified,LOS ANGELES    ,0,0
Mt. Lassen Charter,121657,Fort Sage Unified,LASSEN         ,0,0
Mt. Lassic High (Continuation),5330030,Southern Trinity Joint Unified,TRINITY        ,0,0
Mt. Lukens Continuation,1930791,Los Angeles Unified,LOS ANGELES    ,0,0
Mt. Madonna High,4334850,Gilroy Unified,SANTA CLARA    ,0,0
Mt. McKinley,120444,Contra Costa County Office of Education,CONTRA COSTA   ,0,0
Mt. Olive Innovation and Technology High,1936079,Duarte Unified,LOS ANGELES    ,0,0
Mt. Pleasant Elementary,6048060,Mount Pleasant Elementary,SANTA CLARA    ,0,0
Mt. Pleasant High,4334900,East Side Union High,SANTA CLARA    ,0,8
Mt. SAC Early College Academy at West Covina,137042,West Covina Unified,LOS ANGELES    ,0,0
Mt. San Jacinto High,3331121,Palm Springs Unified,RIVERSIDE      ,0,0
Mt. Shasta Elementary,6050884,Mt. Shasta Union Elementary,SISKIYOU       ,0,0
Mt. Shasta High,4735403,Siskiyou Union High,SISKIYOU       ,0,9
Mt. Tallac High,930040,Lake Tahoe Unified,EL DORADO      ,0,0
Mt. Vernon Elementary,6009088,Bakersfield City,KERN           ,0,0
Mt. Vernon Elementary,6038632,Lemon Grove,SAN DIEGO      ,0,0
Mt. Washington Elementary,6018246,Los Angeles Unified,LOS ANGELES    ,0,0
Mt. Whitney High,5432828,Visalia Unified,TULARE         ,0,11
Mt. Woodson Elementary,6107999,Ramona City Unified,SAN DIEGO      ,0,0
Mueller Charter (Robert L.),6037980,Chula Vista Elementary,SAN DIEGO      ,0,1
Muir (John) Elementary,6108989,Antioch Unified,CONTRA COSTA   ,0,0
Muir Elementary,6006415,Fresno Unified,FRESNO         ,0,0
Muir K-8,6015531,Long Beach Unified,LOS ANGELES    ,0,0
Muirlands Middle,6059687,San Diego Unified,SAN DIEGO      ,0,0
Mulberry Elementary,6013072,East Whittier City Elementary,LOS ANGELES    ,0,0
Mulcahy Middle,6054456,Tulare City,TULARE         ,0,0
Multicultural Learning Center,6119044,Los Angeles Unified,LOS ANGELES    ,0,0
Multnomah Street Elementary,6018253,Los Angeles Unified,LOS ANGELES    ,0,0
Munsey Elementary,6009096,Bakersfield City,KERN           ,0,0
Mupu Elementary,6055156,Mupu Elementary,VENTURA        ,0,0
Muraoka (Saburo) Elementary,135277,Chula Vista Elementary,SAN DIEGO      ,0,0
Murchison Street Elementary,6018261,Los Angeles Unified,LOS ANGELES    ,0,0
Murdock Elementary,6007603,Willows Unified,GLENN          ,0,0
Murdock-Portal Elementary,6047039,Cupertino Union,SANTA CLARA    ,0,0
Murphy Elementary,6004873,West Contra Costa Unified,CONTRA COSTA   ,0,0
Murphy Ranch Elementary,6013080,East Whittier City Elementary,LOS ANGELES    ,0,0
Murray Elementary,6001424,Dublin Unified,ALAMEDA        ,0,0
Murray Manor Elementary,6038533,La Mesa-Spring Valley,SAN DIEGO      ,0,0
Murray Middle,6009310,Sierra Sands Unified,KERN           ,0,0
Murrieta Canyon Academy,102079,Murrieta Valley Unified,RIVERSIDE      ,0,0
Murrieta Elementary,6032346,Murrieta Valley Unified,RIVERSIDE      ,0,0
Murrieta Mesa High,118794,Murrieta Valley Unified,RIVERSIDE      ,0,22
Murrieta Valley High,3330529,Murrieta Valley Unified,RIVERSIDE      ,12,15
Murwood Elementary,6005185,Walnut Creek Elementary,CONTRA COSTA   ,0,0
Muscatel Middle,6022198,Rosemead Elementary,LOS ANGELES    ,0,0
Muscoy Elementary,6037048,San Bernardino City Unified,SAN BERNARDINO ,0,0
Museum,6115570,San Diego Unified,SAN DIEGO      ,0,0
Myers Elementary,6036677,Rialto Unified,SAN BERNARDINO ,0,0
Myford Elementary,6118772,Tustin Unified,ORANGE         ,0,0
Myra A. Noble Elementary,6009104,Bakersfield City,KERN           ,0,0
Myra Linn Elementary,6031553,Alvord Unified,RIVERSIDE      ,0,0
Myron D. Witter Elementary,6008296,Brawley Elementary,IMPERIAL       ,0,0
Myrtle Avenue Elementary,6009708,Lamont Elementary,KERN           ,0,0
N.A. Chaderjian High,3990025,California Education Authority (CEA) Headquarters,SACRAMENTO     ,0,0
N.E.W. Academy Canoga Park,102483,Los Angeles Unified,LOS ANGELES    ,0,0
N.E.W. Academy of Science and Arts,100289,Los Angeles Unified,LOS ANGELES    ,0,0
NAVA College Preparatory Academy,129585,Los Angeles Unified,LOS ANGELES    ,0,11
NOVA Academy - Coachella,121673,Coachella Valley Unified,RIVERSIDE      ,0,1
NU Tech High,2930089,Nevada Joint Union High,NEVADA         ,0,0
Nancy Cory Elementary,6108393,Lancaster Elementary,LOS ANGELES    ,0,0
Nancy R. Kordyak Elementary,121160,Rialto Unified,SAN BERNARDINO ,0,0
Napa County Community,2830099,Napa County Office of Education,NAPA           ,0,0
Napa County Juvenile Hall/Court,2830073,Napa County Office of Education,NAPA           ,0,0
Napa High,2835601,Napa Valley Unified,NAPA           ,0,17
Napa Junction Elementary,6026876,Napa Valley Unified,NAPA           ,0,0
Napa Preschool Program,116111,Napa County Office of Education,NAPA           ,0,0
Napa Street Elementary,6018279,Los Angeles Unified,LOS ANGELES    ,0,0
Napa Valley Independent Studies,101964,Napa Valley Unified,NAPA           ,0,0
Napa Valley Language Academy,6026983,Napa Valley Unified,NAPA           ,0,0
Naples Elementary,6015549,Long Beach Unified,LOS ANGELES    ,0,0
Naranca Elementary,6037725,Cajon Valley Union,SAN DIEGO      ,0,0
Nathaniel Narbonne Senior High,1936160,Los Angeles Unified,LOS ANGELES    ,0,17
National City Middle,6059794,Sweetwater Union High,SAN DIEGO      ,0,0
National School District Preschool,129734,National Elementary,SAN DIEGO      ,0,0
National University Academy,118323,Lakeside Union Elementary,SAN DIEGO      ,0,0
National University Academy 1001 STEAM,137802,San Diego Unified,SAN DIEGO      ,0,0
National University Academy Dual Language Institut,138594,San Diego County Office of Education,SAN DIEGO      ,0,0
National University Academy Homeschool / Independe,138800,Orange County Department of Education,ORANGE         ,0,0
National University Academy Sparrow,136408,La Mesa-Spring Valley,SAN DIEGO      ,0,0
Natividad Elementary,6026595,Salinas City Elementary,MONTEREY       ,0,0
Natoma Station Elementary,6112916,Folsom-Cordova Unified,SACRAMENTO     ,0,0
Natomas Charter,3430659,Natomas Unified,SACRAMENTO     ,0,3
Natomas Gateways Middle,129767,Natomas Unified,SACRAMENTO     ,0,0
Natomas High,3430584,Natomas Unified,SACRAMENTO     ,0,16
Natomas Middle,6117527,Natomas Unified,SACRAMENTO     ,0,0
Natomas Pacific Pathways Prep,112425,Natomas Unified,SACRAMENTO     ,0,7
Natomas Pacific Pathways Prep Elementary,134049,Natomas Unified,SACRAMENTO     ,0,0
Natomas Pacific Pathways Prep Middle,120113,Natomas Unified,SACRAMENTO     ,0,0
Natomas Park Elementary,6117535,Natomas Unified,SACRAMENTO     ,0,0
Natural High (Continuation),1730019,Lakeport Unified,LAKE           ,0,0
Navelencia Middle,6006829,Kings Canyon Joint Unified,FRESNO         ,0,0
Navigator Elementary,111278,Folsom-Cordova Unified,SACRAMENTO     ,0,0
Nea Community Learning Center,119222,Alameda Unified,ALAMEDA        ,0,0
Neal Dow Elementary,6003040,Chico Unified,BUTTE          ,0,0
Needles Community Day,132720,Needles Unified,SAN BERNARDINO ,0,0
Needles High,3634169,Needles Unified,SAN BERNARDINO ,0,3
Needles Middle,6100929,Needles Unified,SAN BERNARDINO ,0,0
Neil A. Armstrong Elementary,6066591,San Ramon Valley Unified,CONTRA COSTA   ,0,0
Neil Cummins Elementary,6024376,Larkspur-Corte Madera,MARIN          ,0,0
Neil Hafley Elementary,6104533,Manteca Unified,SAN JOAQUIN    ,0,0
Nelda Mundy Elementary,6115752,Fairfield-Suisun Unified,SOLANO         ,0,0
Nell Dawson Elementary,6110225,Coalinga-Huron Unified,FRESNO         ,0,0
Nellie N. Coffman Middle,6059091,Palm Springs Unified,RIVERSIDE      ,0,0
Nelson Avenue Middle,6003354,Thermalito Union Elementary,BUTTE          ,0,0
Nelson Elementary,6014302,Hacienda la Puente Unified,LOS ANGELES    ,0,0
Nelson S. Dilworth Elementary,6047005,Cupertino Union,SANTA CLARA    ,0,0
Nesbit Elementary,6043475,Belmont-Redwood Shores Elementary,SAN MATEO      ,0,0
Nestle Avenue Charter,6018287,Los Angeles Unified,LOS ANGELES    ,0,0
Nestor Language Academy Charter,6040513,South Bay Union,SAN DIEGO      ,0,0
Nettie L. Waite Middle,6021075,Norwalk-La Mirada Unified,LOS ANGELES    ,0,0
Nevada Avenue Elementary,6018295,Los Angeles Unified,LOS ANGELES    ,0,0
Nevada City Charter,6112593,Nevada City Elementary,NEVADA         ,0,0
Nevada City School of the Arts,114330,Nevada County Office of Education,NEVADA         ,0,0
Nevada County Special Education,6077226,Nevada County Office of Education,NEVADA         ,0,0
Nevada Union High,2935500,Nevada Joint Union High,NEVADA         ,0,9
Nevin Avenue Elementary,6018303,Los Angeles Unified,LOS ANGELES    ,0,0
New Brighton Middle,6066542,Soquel Union Elementary,SANTA CRUZ     ,0,0
New Day Academy,137117,Whitmore Union Elementary,SHASTA         ,1,1
New Designs Charter,102541,Los Angeles Unified,LOS ANGELES    ,0,8
New Designs Charter School-Watts,120071,Los Angeles Unified,LOS ANGELES    ,0,2
New Haven Elementary,6042360,Manteca Unified,SAN JOAQUIN    ,0,0
New Heights Charter,111211,Los Angeles Unified,LOS ANGELES    ,0,0
New Highland Academy,6001903,Oakland Unified,ALAMEDA        ,0,0
New Hope Elementary,6042428,New Hope Elementary,SAN JOAQUIN    ,0,0
New Horizon High,3330222,Banning Unified,RIVERSIDE      ,0,0
New Horizons Charter Academy,128371,Los Angeles Unified,LOS ANGELES    ,0,0
New Jerusalem,117796,New Jerusalem Elementary,SAN JOAQUIN    ,0,0
New Jerusalem Elementary,6042436,New Jerusalem Elementary,SAN JOAQUIN    ,0,0
New Joseph Bonnheim (NJB) Community Charter,131136,Sacramento City Unified,SACRAMENTO     ,0,0
New Lexington Elementary,6013221,El Monte City,LOS ANGELES    ,0,0
New Los Angeles Charter,117614,Los Angeles Unified,LOS ANGELES    ,0,0
New Los Angeles Charter Elementary,133702,Los Angeles Unified,LOS ANGELES    ,0,0
New Millennium Secondary,117911,Los Angeles Unified,LOS ANGELES    ,0,0
New Open World Academy K-12,119685,Los Angeles Unified,LOS ANGELES    ,0,2
New Opportunities Charter,128496,Centinela Valley Union High,LOS ANGELES    ,0,0
New Republic Elementary,107391,Santa Rita Union Elementary,MONTEREY       ,0,0
New River Elementary,6021083,Norwalk-La Mirada Unified,LOS ANGELES    ,0,0
New School Community Day,4430203,Pajaro Valley Unified,SANTA CRUZ     ,0,0
New Technology High,101881,Sacramento City Unified,SACRAMENTO     ,0,0
New Technology High,2830115,Napa Valley Unified,NAPA           ,0,0
New Temple,6023337,Valle Lindo Elementary,LOS ANGELES    ,0,0
New Traditions Elementary,6097919,San Francisco Unified,SAN FRANCISCO  ,0,0
New Valley Continuation High,4338406,Santa Clara Unified,SANTA CLARA    ,0,0
New Village Girls Academy,111484,Los Angeles Unified,LOS ANGELES    ,0,0
New Vision High,112565,Manteca Unified,SAN JOAQUIN    ,0,0
New Vision Middle,120006,San Bernardino City Unified,SAN BERNARDINO ,0,0
New Vista Middle,6113294,Lancaster Elementary,LOS ANGELES    ,0,0
New West Charter,6120158,SBE - New West Charter,LOS ANGELES    ,0,0
Newark Junior High,6102917,Newark Unified,ALAMEDA        ,0,0
Newark Memorial High,130054,Newark Unified,ALAMEDA        ,0,16
Newberry Springs Elementary,6035406,Silver Valley Unified,SAN BERNARDINO ,0,0
Newbury Park High,5633748,Conejo Valley Unified,VENTURA        ,14,11
Newcastle Charter,109827,Newcastle Elementary,PLACER         ,0,0
Newcastle Elementary,6031157,Newcastle Elementary,PLACER         ,0,0
Newcomb Academy,6015556,Long Beach Unified,LOS ANGELES    ,0,0
Newhall Elementary,6020796,Newhall,LOS ANGELES    ,0,0
Newhart Middle,6101125,Capistrano Unified,ORANGE         ,0,0
Newhope Elementary,6028674,Garden Grove Unified,ORANGE         ,0,0
Newland (William T.) Elementary,6027999,Fountain Valley Elementary,ORANGE         ,0,0
Newman Elementary,6035570,Chino Valley Unified,SAN BERNARDINO ,0,0
Newman-Crows Landing Independent Study,5030184,Newman-Crows Landing Unified,STANISLAUS     ,0,0
Newmark Elementary,6037055,San Bernardino City Unified,SAN BERNARDINO ,0,0
Newport Coast Elementary,6118236,Newport-Mesa Unified,ORANGE         ,0,0
Newport Elementary,6029433,Newport-Mesa Unified,ORANGE         ,0,0
Newport Harbor High,3035045,Newport-Mesa Unified,ORANGE         ,8,17
Newport Heights Elementary,6029441,Newport-Mesa Unified,ORANGE         ,0,0
Newton Middle,6014310,Hacienda la Puente Unified,LOS ANGELES    ,0,0
NextGeneration STEAM Academy,131789,Banta Elementary,SAN JOAQUIN    ,0,0
Nicasio,6024483,Nicasio,MARIN          ,0,0
Nicholas Elementary,6034169,Sacramento City Unified,SACRAMENTO     ,0,0
Nichols Elementary,6119713,Oceanside Unified,SAN DIEGO      ,0,0
Nicolas Junior High,6028104,Fullerton Elementary,ORANGE         ,0,0
Nicolas Valley Elementary,6109417,Temecula Valley Unified,RIVERSIDE      ,0,0
Nicolet Middle,6112080,Banning Unified,RIVERSIDE      ,0,0
"Nidorf, Barry J.",121822,Los Angeles County Office of Education,LOS ANGELES    ,0,0
Niemes (John H.) Elementary,6010946,ABC Unified,LOS ANGELES    ,0,0
Nightingale Charter,6042725,Stockton Unified,SAN JOAQUIN    ,0,0
Niguel Hills Middle,6095095,Capistrano Unified,ORANGE         ,0,0
Nile Garden Elementary,6042378,Manteca Unified,SAN JOAQUIN    ,0,0
Niles Elementary,6000756,Fremont Unified,ALAMEDA        ,0,0
Ninety-Fifth Street Elementary,6018337,Los Angeles Unified,LOS ANGELES    ,0,0
Ninety-Ninth Street Elementary,6018345,Los Angeles Unified,LOS ANGELES    ,0,0
Ninety-Second Street Elementary,6018352,Los Angeles Unified,LOS ANGELES    ,0,0
Ninety-Sixth Street Elementary,6018378,Los Angeles Unified,LOS ANGELES    ,0,0
Ninety-Third Street Elementary,6018386,Los Angeles Unified,LOS ANGELES    ,0,0
Ninth Street Elementary,6104814,Los Angeles Unified,LOS ANGELES    ,0,0
Nipomo Elementary,6043061,Lucia Mar Unified,SAN LUIS OBISPO,0,0
Nipomo High,4030268,Lucia Mar Unified,SAN LUIS OBISPO,0,13
Nishimoto Elementary,109702,Madera Unified,MADERA         ,0,0
Nixon (Patricia) Elementary,6093454,ABC Unified,LOS ANGELES    ,0,0
Noble Avenue Elementary,6018394,Los Angeles Unified,LOS ANGELES    ,0,0
Noble Elementary,6046379,Berryessa Union Elementary,SANTA CLARA    ,0,0
Noddin Elementary,6049407,Union Elementary,SANTA CLARA    ,0,0
Nogales High,1936228,Rowland Unified,LOS ANGELES    ,7,15
Nohl Canyon Elementary,6071120,Orange Unified,ORANGE         ,0,0
Nokomis Elementary,6025217,Ukiah Unified,MENDOCINO      ,0,0
Non-RIS Preschool CMS,117663,Castaic Union,LOS ANGELES    ,0,0
NorCal Trade and Tech,137844,Sacramento City Unified,SACRAMENTO     ,0,0
Nora Sterry Elementary,6018402,Los Angeles Unified,LOS ANGELES    ,0,0
Noralto Elementary,6033435,Twin Rivers Unified,SACRAMENTO     ,0,0
Norco Elementary,6031843,Corona-Norco Unified,RIVERSIDE      ,0,0
Norco High,3334232,Corona-Norco Unified,RIVERSIDE      ,0,15
Norco Intermediate,6061766,Corona-Norco Unified,RIVERSIDE      ,0,0
Nord Country,110551,Chico Unified,BUTTE          ,0,0
Nordhoff High,5634076,Ojai Unified,VENTURA        ,0,10
Nordstrom Elementary,6047914,Morgan Hill Unified,SANTA CLARA    ,0,0
Noriega Children Center,117473,San Francisco Unified,SAN FRANCISCO  ,0,0
Norma Coombs Elementary,1932409,Pasadena Unified,LOS ANGELES    ,0,0
Normal Heights Elementary,111864,San Diego Unified,SAN DIEGO      ,0,0
Norman G. Ambrosini Elementary,6008130,Fortuna Elementary,HUMBOLDT       ,0,0
Norman L. Sullivan Middle,6108567,Bonsall Unified,SAN DIEGO      ,0,0
Norman Liddell Elementary,6115521,Central Unified,FRESNO         ,0,0
Norman N. Glick Middle,101493,Empire Union Elementary,STANISLAUS     ,0,0
Norman R. Brekke Elementary,6114029,Oxnard,VENTURA        ,0,0
Normandie Avenue Elementary,6018410,Los Angeles Unified,LOS ANGELES    ,0,0
Normont Elementary,6018428,Los Angeles Unified,LOS ANGELES    ,0,0
Norris Elementary,6009914,Norris Elementary,KERN           ,0,0
Norris Middle,6103493,Norris Elementary,KERN           ,0,0
Norseman Elementary,6006423,Fresno Unified,FRESNO         ,0,0
Norte Vista High,3334299,Alvord Unified,RIVERSIDE      ,10,6
North Area Community,106245,Sacramento County Office of Education,SACRAMENTO     ,0,0
North Bay Met Academy,138263,Windsor Unified,SONOMA         ,0,0
North Beardsley Elementary,6009237,Beardsley Elementary,KERN           ,0,0
North Broadway Elementary,6102750,Escondido Union,SAN DIEGO      ,0,0
North Coastal Consortium Schools,1996545,San Diego County Office of Education,SAN DIEGO      ,0,0
North Cottonwood,111393,Cottonwood Union Elementary,SHASTA         ,0,0
North Country Elementary,6108948,Center Joint Unified,SACRAMENTO     ,0,0
North County Trade Tech High,114264,Vista Unified,SAN DIEGO      ,0,0
North Cow Creek Elementary,6050421,North Cow Creek Elementary,SHASTA         ,0,0
North Davis Elementary,6056261,Davis Joint Unified,YOLO           ,0,0
North Elementary,6042865,Tracy Joint Unified,SAN JOAQUIN    ,0,0
North Fork Elementary,6024079,Chawanakee Unified,MADERA         ,0,0
North High,1534775,Kern High,KERN           ,0,4
North High,1936277,Torrance Unified,LOS ANGELES    ,0,11
North Hillsborough,6043673,Hillsborough City Elementary,SAN MATEO      ,0,0
North Hollywood Senior High,1936350,Los Angeles Unified,LOS ANGELES    ,0,22
North Monterey County Center for Independent Study,2730125,North Monterey County Unified,MONTEREY       ,0,0
North Monterey County High,2730034,North Monterey County Unified,MONTEREY       ,0,6
North Monterey County Middle,6026421,North Monterey County Unified,MONTEREY       ,0,0
North Mountain Middle,6115125,San Jacinto Unified,RIVERSIDE      ,0,0
North Oakland Community Charter,6117972,Oakland Unified,ALAMEDA        ,0,0
North Park Academy of the Arts,6061287,El Rancho Unified,LOS ANGELES    ,0,0
North Park Continuation High,1936384,Baldwin Park Unified,LOS ANGELES    ,0,0
North Park Elementary,6067086,San Bernardino City Unified,SAN BERNARDINO ,0,0
North Park Elementary,6116495,Saugus Union,LOS ANGELES    ,0,0
North Point Academy,2930030,Nevada Joint Union High,NEVADA         ,0,5
North Ranchito Elementary,6013353,El Rancho Unified,LOS ANGELES    ,0,0
North Ridge Elementary,6109110,Moreno Valley Unified,RIVERSIDE      ,0,0
North Salinas High,2733178,Salinas Union High,MONTEREY       ,1,10
North Shore Elementary,6067052,Bear Valley Unified,SAN BERNARDINO ,0,0
North Shoreview Montessori,6044978,San Mateo-Foster City,SAN MATEO      ,0,0
North Star Academy,6115026,Redwood City Elementary,SAN MATEO      ,0,0
North Star Independent Study,330050,Amador County Unified,AMADOR         ,0,0
North State Aspire Academy,6114144,Cascade Union Elementary,SHASTA         ,0,0
North State Independence High,4530309,Shasta Union High,SHASTA         ,0,0
North Tahoe High,3130010,Tahoe-Truckee Unified,PLACER         ,0,13
North Tahoe School,6094502,Tahoe-Truckee Unified,PLACER         ,0,0
North Tamarind Elementary,6035836,Fontana Unified,SAN BERNARDINO ,0,0
North Terrace Elementary,6038889,Oceanside Unified,SAN DIEGO      ,0,0
North Valley High,4530762,Anderson Union High,SHASTA         ,0,0
North Valley High (Continuation),1130012,Orland Joint Unified,GLENN          ,0,0
North Valley Military Institute College Preparator,100776,Los Angeles County Office of Education,LOS ANGELES    ,0,0
North Verdemont Elementary,6110480,San Bernardino City Unified,SAN BERNARDINO ,0,0
Northam Elementary,6022321,Rowland Unified,LOS ANGELES    ,0,0
Northcoast Preparatory and Performing Arts Academy,134163,Humboldt County Office of Education,HUMBOLDT       ,10,3
Northern Summit Academy,129957,Whitmore Union Elementary,SHASTA         ,0,1
Northern United - Humboldt Charter,137364,Humboldt County Office of Education,HUMBOLDT       ,0,1
Northern United - Siskiyou Charter,137372,Siskiyou County Office of Education,SISKIYOU       ,0,0
Northgate High,730044,Mt. Diablo Unified,CONTRA COSTA   ,0,14
Northlake Hills Elementary,101600,Castaic Union,LOS ANGELES    ,0,0
Northmead Elementary,6052955,Patterson Joint Unified,STANISLAUS     ,0,0
Northmont Elementary,6038541,La Mesa-Spring Valley,SAN DIEGO      ,0,0
Northridge Academy High,107003,Los Angeles Unified,LOS ANGELES    ,0,10
Northridge Elementary,6034755,San Juan Unified,SACRAMENTO     ,0,0
Northridge Middle,6058200,Los Angeles Unified,LOS ANGELES    ,0,0
Northside Elementary,6005623,Black Oak Mine Unified,EL DORADO      ,0,0
Northview High,1936418,Covina-Valley Unified,LOS ANGELES    ,0,17
Northwest Prep Charter,106344,Piner-Olivet Union Elementary,SONOMA         ,0,0
Northwood Elementary,6026892,Napa Valley Unified,NAPA           ,0,0
Northwood Elementary,6033443,Twin Rivers Unified,SACRAMENTO     ,0,0
Northwood Elementary,6046387,Berryessa Union Elementary,SANTA CLARA    ,0,0
Northwood High,3030657,Irvine Unified,ORANGE         ,0,13
Norton Science and Language Academy,115808,San Bernardino County Office of Education,SAN BERNARDINO ,0,0
Norwalk High,1936467,Norwalk-La Mirada Unified,LOS ANGELES    ,0,18
Norwood Creek Elementary,6102081,Evergreen Elementary,SANTA CLARA    ,0,0
Norwood Junior High,100487,Twin Rivers Unified,SACRAMENTO     ,0,0
Norwood Street Elementary,6018436,Los Angeles Unified,LOS ANGELES    ,0,0
Nova Academy,106567,Santa Ana Unified,ORANGE         ,0,10
Nova Education Center,2130045,Novato Unified,MARIN          ,0,0
Nova Opportunity,125203,Twin Rivers Unified,SACRAMENTO     ,0,0
Novato Charter,6113229,Novato Unified,MARIN          ,0,0
Novato Early Intervention,122937,Novato Unified,MARIN          ,0,0
Novato High,2132272,Novato Unified,MARIN          ,0,19
Noyo High (Continuation),2330215,Fort Bragg Unified,MENDOCINO      ,0,0
Nuestro Elementary,6053318,Nuestro Elementary,SUTTER         ,0,0
Nueva Continuation High,1530047,Kern High,KERN           ,0,0
Nueva Vista Continuation High,1936491,Bassett Unified,LOS ANGELES    ,0,0
Nueva Vista Continuation High,3334687,Jurupa Unified,RIVERSIDE      ,0,0
Nueva Vista Elementary,6110274,Los Angeles Unified,LOS ANGELES    ,0,0
Nueva Vista Language Academy,120139,Delano Union Elementary,KERN           ,0,0
Nuview Bridge Early College High,3331014,Nuview Union ,RIVERSIDE      ,0,1
Nuview Elementary,6032353,Nuview Union ,RIVERSIDE      ,0,0
Nye Elementary,6112478,San Diego Unified,SAN DIEGO      ,0,0
Nystrom Elementary,6004881,West Contra Costa Unified,CONTRA COSTA   ,0,0
O'Connell (John) High,3834769,San Francisco Unified,SAN FRANCISCO  ,0,3
O'Hara Park Middle,6108765,Oakley Union Elementary,CONTRA COSTA   ,0,0
O'Melveny Elementary,6018444,Los Angeles Unified,LOS ANGELES    ,0,0
O. B. Whaley Elementary,6047161,Evergreen Elementary,SANTA CLARA    ,0,0
O. J. Actis Junior High,6099428,Panama-Buena Vista Union,KERN           ,0,0
O. N. Hirsch Elementary,6000764,Fremont Unified,ALAMEDA        ,0,0
O. S. Hubbard Elementary,6046270,Alum Rock Union Elementary,SANTA CLARA    ,0,0
O. W. Erlewine Elementary,6034177,Sacramento City Unified,SACRAMENTO     ,0,0
OCCS:CHEP/PCHS,3030632,Orange County Department of Education,ORANGE         ,0,0
OCS - South,136945,Pasadena Unified,LOS ANGELES    ,0,0
OCSA,3030723,Santa Ana Unified,ORANGE         ,0,17
OUSD Community Day,114769,Orange Unified,ORANGE         ,0,0
OUSD Home Sch,118174,Orange Unified,ORANGE         ,0,0
Oak Avenue Elementary,6089387,Greenfield Union Elementary,MONTEREY       ,0,0
Oak Avenue Intermediate,6022966,Temple City Unified,LOS ANGELES    ,0,0
Oak Chan Elementary,6107965,Folsom-Cordova Unified,SACRAMENTO     ,0,0
Oak Creek Elementary,6120141,Irvine Unified,ORANGE         ,0,0
Oak Creek Intermediate,6101521,Bass Lake Joint Union Elementary,MADERA         ,0,0
Oak Crest Middle,6059737,San Dieguito Union High,SAN DIEGO      ,0,0
Oak Glen High,3731312,Valley Center-Pauma Unified,SAN DIEGO      ,0,0
Oak Grove Elementary,101857,Visalia Unified,TULARE         ,0,0
Oak Grove Elementary,6113344,Capistrano Unified,ORANGE         ,0,0
Oak Grove Elementary/Willowside Middle,6051890,Oak Grove Union Elementary,SONOMA         ,0,0
Oak Grove High,4335204,East Side Union High,SANTA CLARA    ,0,13
Oak Grove Middle,6004196,Mt. Diablo Unified,CONTRA COSTA   ,0,0
Oak Grove Middle,6097182,Jamul-Dulzura Union Elementary,SAN DIEGO      ,0,0
Oak Hill Elementary,6107734,Center Joint Unified,SACRAMENTO     ,0,0
Oak Hills Elementary,108027,Newhall,LOS ANGELES    ,0,0
Oak Hills Elementary,6107528,Oak Park Unified,VENTURA        ,0,0
Oak Hills High,119115,Hesperia Unified,SAN BERNARDINO ,1,13
Oak Knoll Alternative,1995885,Charter Oak Unified,LOS ANGELES    ,0,0
Oak Knoll Elementary,6044176,Menlo Park City Elementary,SAN MATEO      ,0,0
Oak Manor Elementary,6025225,Ukiah Unified,MENDOCINO      ,0,0
Oak Meadow Elementary,100024,Buckeye Union Elementary,EL DORADO      ,0,0
Oak Meadows Elementary,108639,Menifee Union Elementary,RIVERSIDE      ,0,0
Oak Mesa Elementary,6110035,Bonita Unified,LOS ANGELES    ,0,0
Oak Middle,6058853,Los Alamitos Unified,ORANGE         ,0,0
Oak Park Elementary,6040026,San Diego Unified,SAN DIEGO      ,0,0
Oak Park Elementary,6108062,Fontana Unified,SAN BERNARDINO ,0,0
Oak Park High,5630132,Oak Park Unified,VENTURA        ,0,18
Oak Park Independent,5630256,Oak Park Unified,VENTURA        ,0,0
Oak Park Preparatory Academy,125591,Sacramento City Unified,SACRAMENTO     ,0,0
Oak Ridge Elementary,6034185,Sacramento City Unified,SACRAMENTO     ,0,0
Oak Ridge Elementary,6088306,Oak Grove Elementary,SANTA CLARA    ,0,0
Oak Ridge High,930081,El Dorado Union High,EL DORADO      ,0,14
Oak Run Elementary,6050439,Oak Run Elementary,SHASTA         ,0,0
Oak Street Elementary,6014534,Inglewood Unified,LOS ANGELES    ,0,0
Oak Tree Community Day,116558,Palmdale Elementary,LOS ANGELES    ,0,0
Oak Valley Elementary,6054175,Oak Valley Union Elementary,TULARE         ,0,0
Oak Valley Elementary,6119804,Buellton Union Elementary,SANTA BARBARA  ,0,0
Oak Valley Middle,108332,Poway Unified,SAN DIEGO      ,0,0
Oak View Elementary,6042444,Oak View Union Elementary,SAN JOAQUIN    ,0,0
Oak View High,5630199,Oak Park Unified,VENTURA        ,0,0
Oak View High School & Education Center,101410,Yucaipa-Calimesa Joint Unified,SAN BERNARDINO ,0,0
Oakbrook Elementary,6106405,Fairfield-Suisun Unified,SOLANO         ,0,0
Oakdale,430199,Chico Unified,BUTTE          ,0,1
Oakdale Charter,5030176,Oakdale Joint Unified,STANISLAUS     ,0,0
Oakdale Elementary,6033559,Twin Rivers Unified,SACRAMENTO     ,0,0
Oakdale Heights Elementary,6003255,Oroville City Elementary,BUTTE          ,0,0
Oakdale High,5035654,Oakdale Joint Unified,STANISLAUS     ,0,13
Oakdale Junior High,6052906,Oakdale Joint Unified,STANISLAUS     ,0,0
Oakendell Community,9010745,Calaveras County Office of Education,CALAVERAS      ,0,0
Oakhills Elementary,6109029,Eureka Union,PLACER         ,0,0
Oakhurst Elementary,6024087,Bass Lake Joint Union Elementary,MADERA         ,0,0
Oakland Charter Academy,6111660,Oakland Unified,ALAMEDA        ,0,0
Oakland High,135905,Oakland Unified,ALAMEDA        ,0,8
Oakland International High,115667,Oakland Unified,ALAMEDA        ,0,0
"Oakland Military Institute, College Preparatory Ac",130617,Oakland Unified,ALAMEDA        ,0,7
Oakland SOL (School of Language) Dual Language Mid,135210,Oakland Unified,ALAMEDA        ,0,0
Oakland School for the Arts,3030772,Oakland Unified,ALAMEDA        ,0,3
Oakland Technical High,136051,Oakland Unified,ALAMEDA        ,0,12
Oakland Unity High,100065,Oakland Unified,ALAMEDA        ,0,2
Oakland Unity Middle,131581,Alameda County Office of Education,ALAMEDA        ,0,0
Oakley (Calvin C.) Elementary,6046049,Santa Maria-Bonita,SANTA BARBARA  ,0,0
Oakley Elementary,6004428,Oakley Union Elementary,CONTRA COSTA   ,0,0
Oakmont Elementary,6012199,Claremont Unified,LOS ANGELES    ,0,0
Oakmont High,3135308,Roseville Joint Union High,PLACER         ,11,9
Oaks Middle,6113476,Ontario-Montclair,SAN BERNARDINO ,0,0
Oakview Community Elementary,6034771,San Juan Unified,SACRAMENTO     ,0,0
Oakview High (Alternative),4530051,Anderson Union High,SHASTA         ,0,0
Oakwood Elementary,6100341,Lodi Unified,SAN JOAQUIN    ,0,0
Oasis Charter Public,6119663,Alisal Union,MONTEREY       ,0,0
Oasis Continuation High,1033729,Kingsburg Joint Union High,FRESNO         ,0,0
Oasis Elementary,6032361,Coachella Valley Unified,RIVERSIDE      ,0,0
Oasis Elementary,6036008,Morongo Unified,SAN BERNARDINO ,0,0
Oasis High (Alternative),3730967,Fallbrook Union High,SAN DIEGO      ,0,5
Ocala Middle,6089270,Alum Rock Union Elementary,SANTA CLARA    ,0,0
Ocean Air,114686,Del Mar Union Elementary,SAN DIEGO      ,0,0
Ocean Alternative Education Center,6118673,Live Oak Elementary,SANTA CRUZ     ,0,0
Ocean Beach Elementary,6040034,San Diego Unified,SAN DIEGO      ,0,0
Ocean Charter,102335,Los Angeles Unified,LOS ANGELES    ,0,0
Ocean Grove Charter,110007,San Lorenzo Valley Unified,SANTA CRUZ     ,0,10
Ocean Knoll Elementary,6038152,Encinitas Union Elementary,SAN DIEGO      ,0,0
Ocean Shore Elementary,6044044,Pacifica,SAN MATEO      ,0,0
Ocean Shores High (Continuation),3739026,Oceanside Unified,SAN DIEGO      ,0,0
Ocean View Elementary,6043087,Lucia Mar Unified,SAN LUIS OBISPO,0,0
Ocean View Elementary,6116222,Albany City Unified,ALAMEDA        ,0,0
Ocean View High,3030145,Huntington Beach Union High,ORANGE         ,6,12
Ocean View Hills,6119341,San Ysidro Elementary,SAN DIEGO      ,0,0
Ocean View Junior High,6084891,Ocean View,VENTURA        ,0,0
Oceana High,4135075,Jefferson Union High,SAN MATEO      ,0,7
Oceano Elementary,6043095,Lucia Mar Unified,SAN LUIS OBISPO,0,0
Oceanside High,3735206,Oceanside Unified,SAN DIEGO      ,0,16
Ocia A. Peters Elementary,6028682,Garden Grove Unified,ORANGE         ,0,0
Ocotillo Elementary,6021141,Palmdale Elementary,LOS ANGELES    ,0,0
Odyssey Charter,6116883,Los Angeles County Office of Education,LOS ANGELES    ,0,0
Odyssey Continuation,1931997,Los Angeles Unified,LOS ANGELES    ,0,0
Odyssey STEM Academy,136705,Paramount Unified,LOS ANGELES    ,0,0
Oehl Elementary,6068209,San Bernardino City Unified,SAN BERNARDINO ,0,0
Ohlone Elementary,6048243,Palo Alto Unified,SANTA CLARA    ,0,0
Ohlone Elementary,6099717,West Contra Costa Unified,CONTRA COSTA   ,0,0
Ohlone Elementary,6108138,Pajaro Valley Unified,SANTA CRUZ     ,0,0
Oka (Isojiro) Elementary,6068605,Fountain Valley Elementary,ORANGE         ,0,0
Old Adobe Elementary Charter,6051924,Old Adobe Union,SONOMA         ,0,0
Old Mill Elementary,6024442,Mill Valley Elementary,MARIN          ,0,0
Old Orchard Elementary,6066773,Newhall,LOS ANGELES    ,0,0
Old River Elementary,113951,Panama-Buena Vista Union,KERN           ,0,0
Old River Elementary,133769,Knightsen Elementary,CONTRA COSTA   ,0,0
Old Town Academy K-8 Charter,123778,San Diego Unified,SAN DIEGO      ,0,0
Oleander Elementary,6035844,Fontana Unified,SAN BERNARDINO ,0,0
Olga L. Reed Elementary,6045702,Orcutt Union Elementary,SANTA BARBARA  ,0,0
Olinda Elementary,6027478,Brea-Olinda Unified,ORANGE         ,0,0
Olita Elementary,6020200,Lowell Joint,LOS ANGELES    ,0,0
Olive Drive Elementary,6108575,Norris Elementary,KERN           ,0,0
Olive Elementary,6024558,Novato Unified,MARIN          ,0,0
Olive Elementary,6029870,Orange Unified,ORANGE         ,0,0
Olive Grove Charter,132894,SBE - Olive Grove Charter,SANTA BARBARA  ,0,0
Olive Grove Charter - Buellton,138388,SBE - Olive Grove Charter - Buellton,SANTA BARBARA  ,0,2
Olive Grove Charter - Lompoc,138370,SBE - Olive Grove Charter - Lompoc,SANTA BARBARA  ,0,0
Olive Grove Charter - Orcutt/Santa Maria,138362,SBE - Olive Grove Charter - Orcutt/Santa Maria,SANTA BARBARA  ,0,2
Olive Grove Charter - Santa Barbara,138396,SBE - Olive Grove Charter - Santa Barbara,SANTA BARBARA  ,0,0
Olive Grove Elementary,6115596,Dry Creek Joint Elementary,PLACER         ,0,0
Olive Middle,6011472,Baldwin Park Unified,LOS ANGELES    ,0,0
Olive Peirce Middle,6105563,Ramona City Unified,SAN DIEGO      ,0,0
Olive Street Elementary,6113393,Anaheim Elementary,ORANGE         ,0,0
Olive View Elementary,6053490,Corning Union Elementary,TEHAMA         ,0,0
Olive Vista Middle,6061550,Los Angeles Unified,LOS ANGELES    ,0,0
Olivehurst Elementary,6056741,Marysville Joint Unified,YUBA           ,0,0
Oliveira Elementary,6090542,Fremont Unified,ALAMEDA        ,0,0
Olivelands Elementary,6054977,Briggs Elementary,VENTURA        ,0,0
Olivenhain Pioneer Elementary,6112445,Encinitas Union Elementary,SAN DIEGO      ,0,0
Oliver Wendell Holmes Junior High,6060396,Davis Joint Unified,YOLO           ,0,0
Oliver Wendell Holmes Middle,6058069,Los Angeles Unified,LOS ANGELES    ,0,0
Olivet Elementary Charter,6066344,Piner-Olivet Union Elementary,SONOMA         ,0,0
Olivewood,6038806,National Elementary,SAN DIEGO      ,0,0
Olivewood Elementary,6030175,Saddleback Valley Unified,ORANGE         ,0,0
Olivia Nieto Herrera Elementary,6015432,Long Beach Unified,LOS ANGELES    ,0,0
Olympian High,111831,Sweetwater Union High,SAN DIEGO      ,0,18
Olympic Continuation High,734764,Mt. Diablo Unified,CONTRA COSTA   ,0,0
Olympic High (Continuation),1933373,Santa Monica-Malibu Unified,LOS ANGELES    ,0,0
Olympic Primary Center,109181,Los Angeles Unified,LOS ANGELES    ,0,0
Olympic View Elementary,6113021,Chula Vista Elementary,SAN DIEGO      ,0,0
Olympus Junior High,6113443,Eureka Union,PLACER         ,0,0
Onaga Elementary,6113070,Morongo Unified,SAN BERNARDINO ,0,0
One Hundred Eighteenth Street,6018469,Los Angeles Unified,LOS ANGELES    ,0,0
One Hundred Eighty-Sixth Street Elementary,6018477,Los Angeles Unified,LOS ANGELES    ,0,0
One Hundred Fifty-Sixth Street Elementary,6018493,Los Angeles Unified,LOS ANGELES    ,0,0
One Hundred Fifty-Third Street,6018501,Los Angeles Unified,LOS ANGELES    ,0,0
One Hundred Ninth Street Elementary,6018519,Los Angeles Unified,LOS ANGELES    ,0,0
One Hundred Seventh Street Elementary,6018535,Los Angeles Unified,LOS ANGELES    ,0,0
One Hundred Sixteenth Street Elementary,6018543,Los Angeles Unified,LOS ANGELES    ,0,0
One Hundred Thirty-Fifth Street Elementary,6018550,Los Angeles Unified,LOS ANGELES    ,0,0
One Hundred Twelfth Street Elementary,6018568,Los Angeles Unified,LOS ANGELES    ,0,0
One Hundred Twenty-Second Street Elementary,6018576,Los Angeles Unified,LOS ANGELES    ,0,0
OnePurpose,132159,SBE - OnePurpose,SAN FRANCISCO  ,0,0
Oneonta Elementary,6040521,South Bay Union,SAN DIEGO      ,0,0
Onizuka Camp,122028,Los Angeles County Office of Education,LOS ANGELES    ,0,0
Ontario Center,6109185,Cucamonga Elementary,SAN BERNARDINO ,0,0
Ontario High,3634482,Chaffey Joint Union High,SAN BERNARDINO ,0,11
Ontiveros (Juan Pacifico) Elementary,6109268,Santa Maria-Bonita,SANTA BARBARA  ,0,0
Opal Cliffs,126920,Soquel Union Elementary,SANTA CRUZ     ,0,0
Opal Robinson Elementary,6020408,Manhattan Beach Unified,LOS ANGELES    ,0,0
Open Charter Magnet,6097927,Los Angeles Unified,LOS ANGELES    ,0,0
Open Valley Independent Study,133124,Patterson Joint Unified,STANISLAUS     ,0,0
Ophir Elementary,6003263,Oroville City Elementary,BUTTE          ,0,0
Ophir STEAM Academy,6031165,Loomis Union Elementary,PLACER         ,0,0
Opportunities for Learning - Baldwin Park,1996479,Baldwin Park Unified,LOS ANGELES    ,0,5
Opportunities for Learning - Capistrano,6120356,Capistrano Unified,ORANGE         ,0,0
Opportunities for Learning - Duarte,128736,Duarte Unified,LOS ANGELES    ,0,3
Opportunities for Learning - Santa Clarita,1996263,William S. Hart Union High,LOS ANGELES    ,0,2
Opportunity Academy,136226,Alameda County Office of Education,ALAMEDA        ,0,0
Opportunity Program,3330511,Riverside Unified,RIVERSIDE      ,0,0
Opportunity Youth Academy,135087,Santa Clara County Office of Education,SANTA CLARA    ,0,0
Optimist Charter,127522,Los Angeles County Office of Education,LOS ANGELES    ,0,0
Options Secondary,3731155,Sweetwater Union High,SAN DIEGO      ,0,3
Options for Youth San Gabriel,1996016,San Gabriel Unified,LOS ANGELES    ,0,1
Options for Youth-Acton,136648,Acton-Agua Dulce Unified,LOS ANGELES    ,0,1
Options for Youth-San Bernardino,120568,San Bernardino City Unified,SAN BERNARDINO ,0,0
Options for Youth-San Juan,3430691,San Juan Unified,SACRAMENTO     ,0,0
Options for Youth-Victorville Charter,3630670,Victor Valley Union High,SAN BERNARDINO ,0,1
Orange Center Elementary,6007009,Orange Center,FRESNO         ,0,0
Orange County Academy of Sciences and Arts,134056,Orange County Department of Education,ORANGE         ,0,0
Orange County Educational Arts Academy,109066,Santa Ana Unified,ORANGE         ,0,0
Orange County Special Education,6069553,Orange County Department of Education,ORANGE         ,0,0
Orange County Workforce Innovation High,134841,Orange County Department of Education,ORANGE         ,0,0
Orange Cove High,108092,Kings Canyon Joint Unified,FRESNO         ,0,8
Orange Elementary,6120372,Corona-Norco Unified,RIVERSIDE      ,0,0
Orange Glen Elementary,6038947,Escondido Union,SAN DIEGO      ,0,0
Orange Glen High,3735313,Escondido Union High,SAN DIEGO      ,0,14
Orange Grove Elementary,113712,Anaheim Elementary,ORANGE         ,0,0
Orange Grove Elementary,6023717,Whittier City Elementary,LOS ANGELES    ,0,0
Orange Grove High,110106,Corona-Norco Unified,RIVERSIDE      ,0,0
Orange Grove Middle,6014328,Hacienda la Puente Unified,LOS ANGELES    ,0,0
Orange High,3035409,Orange Unified,ORANGE         ,0,15
Orange Vista High,133306,Val Verde Unified,RIVERSIDE      ,0,13
Orangethorpe Elementary,6028112,Fullerton Elementary,ORANGE         ,0,0
Orangevale Open K-8,6034797,San Juan Unified,SACRAMENTO     ,0,0
Orangeview Junior High,6058861,Anaheim Union High,ORANGE         ,0,0
Orangewood Elementary,6009443,Edison Elementary,KERN           ,0,0
Orangewood High (Continuation),3634995,Redlands Unified,SAN BERNARDINO ,0,0
Orchard Academies 2B,122390,Los Angeles Unified,LOS ANGELES    ,0,0
Orchard Academies 2C,122408,Los Angeles Unified,LOS ANGELES    ,0,0
Orchard Dale Elementary,6013106,East Whittier City Elementary,LOS ANGELES    ,0,0
Orchard Elementary,6033575,Twin Rivers Unified,SACRAMENTO     ,0,0
Orchard Elementary,6048185,Orchard Elementary,SANTA CLARA    ,0,0
Orchard Elementary,6111009,Sylvan Union Elementary,STANISLAUS     ,0,0
Orchard Hills,121152,Tustin Unified,ORANGE         ,0,0
Orchard Park,113761,Antioch Unified,CONTRA COSTA   ,0,0
Orchard Ranch Elementary,135178,Roseville City Elementary,PLACER         ,0,0
Orchard View,4930319,Twin Hills Union Elementary,SONOMA         ,0,0
Orcutt Academy Charter,116434,Orcutt Union Elementary,SANTA BARBARA  ,0,11
Orcutt Junior High,6045785,Orcutt Union Elementary,SANTA BARBARA  ,0,0
Ord Terrace Elementary,6026355,Monterey Peninsula Unified,MONTEREY       ,0,0
Orestimba High,5035902,Newman-Crows Landing Unified,STANISLAUS     ,0,7
Orick Elementary,6008080,Orick Elementary,HUMBOLDT       ,0,0
Orinda Intermediate,6004477,Orinda Union Elementary,CONTRA COSTA   ,0,0
Orion Alternative,6102941,Redwood City Elementary,SAN MATEO      ,0,0
Orland Community Day,1130145,Orland Joint Unified,GLENN          ,0,0
Orland High,1135656,Orland Joint Unified,GLENN          ,0,8
Orleans Elementary,6007975,Klamath-Trinity Joint Unified,HUMBOLDT       ,0,0
Ormondale Elementary,6044283,Portola Valley Elementary,SAN MATEO      ,0,0
Oro Grande Elementary,6036453,Oro Grande,SAN BERNARDINO ,0,0
Orosi High,5433230,Cutler-Orosi Joint Unified,TULARE         ,0,10
Oroville High,435602,Oroville Union High,BUTTE          ,0,10
Oroville High Community Day,430140,Oroville Union High,BUTTE          ,0,0
Orr Creek,110023,Mendocino County Office of Education,MENDOCINO      ,0,0
Ortega (Jose) Elementary,6041271,San Francisco Unified,SAN FRANCISCO  ,0,0
Ortega Elementary,105874,Pacifica,SAN MATEO      ,0,0
Ortega High,3330115,Lake Elsinore Unified,RIVERSIDE      ,0,0
Orthopaedic Hospital,106997,Los Angeles Unified,LOS ANGELES    ,0,12
Orville Wright Elementary,6052781,Modesto City Elementary,STANISLAUS     ,0,0
Orville Wright Engineering and Design Magnet,6058382,Los Angeles Unified,LOS ANGELES    ,0,0
Osborn Two-Way Immersion Academy,6053185,Turlock Unified,STANISLAUS     ,0,0
Oscar De La Hoya Animo Charter High,101675,Los Angeles Unified,LOS ANGELES    ,0,9
Oscar F. Loya Elementary,6117691,Alisal Union,MONTEREY       ,0,0
Osceola Street Elementary,6018592,Los Angeles Unified,LOS ANGELES    ,0,0
Oso Grande Elementary,108704,Capistrano Unified,ORANGE         ,0,0
Osprey Learning Center,1230010,Southern Humboldt Joint Unified,HUMBOLDT       ,0,0
Osprey Learning Center (Alternative),1230069,Southern Humboldt Joint Unified,HUMBOLDT       ,0,0
Oster Elementary,6049415,Union Elementary,SANTA CLARA    ,0,0
Otay Elementary,6095038,Chula Vista Elementary,SAN DIEGO      ,0,0
Otay Ranch Senior High,3731627,Sweetwater Union High,SAN DIEGO      ,0,22
Otter Creek Elementary,6110498,Black Oak Mine Unified,EL DORADO      ,0,0
Ottomon Way Elementary,6105928,San Juan Unified,SACRAMENTO     ,0,0
Our Community Charter,109934,Los Angeles Unified,LOS ANGELES    ,0,0
Outside Creek Elementary,6054183,Outside Creek Elementary,TULARE         ,0,0
Overland Avenue Elementary,6018618,Los Angeles Unified,LOS ANGELES    ,0,0
Owens Valley Elementary,6008791,Owens Valley Unified,INYO           ,0,0
Owens Valley High,1436203,Owens Valley Unified,INYO           ,0,0
Owensmouth Continuation,1931500,Los Angeles Unified,LOS ANGELES    ,0,0
Oxford Academy,3030616,Anaheim Union High,ORANGE         ,0,14
Oxford Day Academy,135269,San Mateo County Office of Education,SAN MATEO      ,0,0
Oxford Elementary,6090302,Berkeley Unified,ALAMEDA        ,0,0
Oxford Preparatory Academy - Saddleback Valley,133785,Orange County Department of Education,ORANGE         ,0,0
Oxford Preparatory Academy - South Orange County,124743,Capistrano Unified,ORANGE         ,0,0
Oxnard High,5634548,Oxnard Union High,VENTURA        ,0,14
Oxnard Middle College High,136804,Oxnard Union High,VENTURA        ,0,0
Oxnard Street Elementary,6018626,Los Angeles Unified,LOS ANGELES    ,0,0
P. A. Walsh STEAM Academy,6047922,Morgan Hill Unified,SANTA CLARA    ,0,0
P. W. Engvall Elementary,6066666,Lemoore Union Elementary,KINGS          ,0,0
PACE Academy Charter,135830,Enterprise Elementary,SHASTA         ,0,0
PEEP - PREPARE,118695,San Luis Coastal Unified,SAN LUIS OBISPO,0,0
PREPA TEC - Los Angeles,127936,Los Angeles Unified,LOS ANGELES    ,0,0
PRIDE Academy at Prospect Avenue,6040380,Santee,SAN DIEGO      ,0,0
PUC CALS Middle School and Early College High,133298,Los Angeles Unified,LOS ANGELES    ,0,0
PUC Community Charter Elementary,129619,Los Angeles Unified,LOS ANGELES    ,0,0
PUC Community Charter Middle and PUC Community Cha,6116750,Los Angeles Unified,LOS ANGELES    ,0,7
PUC Early College Academy for Leaders and Scholars,124933,Los Angeles Unified,LOS ANGELES    ,0,7
PUC Excel Charter Academy,112201,Los Angeles Unified,LOS ANGELES    ,0,0
PUC Inspire Charter Academy,129593,Los Angeles Unified,LOS ANGELES    ,0,0
PUC Lakeview Charter Academy,102442,Los Angeles Unified,LOS ANGELES    ,0,0
PUC Lakeview Charter High,122606,Los Angeles Unified,LOS ANGELES    ,0,6
PUC Milagro Charter,102426,Los Angeles Unified,LOS ANGELES    ,0,0
PUC Nueva Esperanza Charter Academy,133280,Los Angeles Unified,LOS ANGELES    ,0,0
PUC Santa Rosa Charter Academy,119974,Los Angeles Unified,LOS ANGELES    ,0,0
PUC Triumph Charter Academy and PUC Triumph Charte,133272,Los Angeles Unified,LOS ANGELES    ,0,6
Paakuma K-8,128918,San Bernardino City Unified,SAN BERNARDINO ,0,0
Pachappa Elementary,6032742,Riverside Unified,RIVERSIDE      ,0,0
Pacheco Elementary,6043269,San Luis Coastal Unified,SAN LUIS OBISPO,0,0
Pacheco Elementary,6050447,Pacheco Union Elementary,SHASTA         ,0,0
Pacheco High,120923,Los Banos Unified,MERCED         ,0,9
Pacific Avenue Academy of Music,6032197,Jurupa Unified,RIVERSIDE      ,0,0
Pacific Beach Elementary,6040042,San Diego Unified,SAN DIEGO      ,0,0
Pacific Beach High,4030045,San Luis Coastal Unified,SAN LUIS OBISPO,0,0
Pacific Beach Middle,6059695,San Diego Unified,SAN DIEGO      ,0,0
Pacific Boulevard,109322,Los Angeles Unified,LOS ANGELES    ,0,0
Pacific Career and Technology High,3430261,Twin Rivers Unified,SACRAMENTO     ,0,0
Pacific Coast Academy,136416,Dehesa Elementary,SAN DIEGO      ,0,4
Pacific Coast Charter,4430229,Pajaro Valley Unified,SANTA CRUZ     ,0,0
Pacific Coast High (Continuation),1230044,Northern Humboldt Union High,HUMBOLDT       ,0,0
Pacific Collegiate Charter,4430252,Santa Cruz County Office of Education,SANTA CRUZ     ,0,15
Pacific Drive Elementary,6028120,Fullerton Elementary,ORANGE         ,0,0
Pacific Elementary,6020416,Manhattan Beach Unified,LOS ANGELES    ,0,0
Pacific Elementary,6034193,Sacramento City Unified,SACRAMENTO     ,0,0
Pacific Grove High,2733657,Pacific Grove Unified,MONTEREY       ,0,16
Pacific Grove Middle,6058754,Pacific Grove Unified,MONTEREY       ,0,0
Pacific High,3634680,San Bernardino City Unified,SAN BERNARDINO ,0,8
Pacific High,5630272,Ventura Unified,VENTURA        ,0,0
Pacific Law Academy,124248,Stockton Unified,SAN JOAQUIN    ,0,6
Pacific Rim Elementary,6116578,Carlsbad Unified,SAN DIEGO      ,0,0
Pacific Springs Charter,138016,San Diego County Office of Education,SAN DIEGO      ,0,0
Pacific Trails Middle,131649,San Dieguito Union High,SAN DIEGO      ,0,0
Pacific Union Elementary,6007025,Pacific Union Elementary,FRESNO         ,0,0
Pacific Union Elementary,6008098,Pacific Union Elementary,HUMBOLDT       ,0,0
Pacific Valley (K-12),2730133,Big Sur Unified,MONTEREY       ,0,3
Pacific View Charter,3731221,Oceanside Unified,SAN DIEGO      ,0,0
Pacific View Charter 2.0,1230150,Eureka City Schools,HUMBOLDT       ,0,0
Pacific View Leadership Elementary,6039861,San Diego Unified,SAN DIEGO      ,0,0
Pacifica High,3035581,Garden Grove Unified,ORANGE         ,0,19
Pacifica High,5630389,Oxnard Union High,VENTURA        ,0,2
Pacifica Independent Home Study,132217,Pacifica,SAN MATEO      ,0,0
Packard Children's Hospital/Stanford,6048375,Palo Alto Unified,SANTA CLARA    ,0,0
Pacoima Charter Elementary,6018642,Los Angeles Unified,LOS ANGELES    ,0,0
Pacoima Middle,6058218,Los Angeles Unified,LOS ANGELES    ,0,0
Paddison Elementary,6015085,Little Lake City Elementary,LOS ANGELES    ,0,0
Painted Hills Middle,123703,Palm Springs Unified,RIVERSIDE      ,0,0
Painted Rock Elementary,6085088,Poway Unified,SAN DIEGO      ,0,0
Pajaro Middle,6049753,Pajaro Valley Unified,SANTA CRUZ     ,0,0
Pajaro Valley High,105858,Pajaro Valley Unified,SANTA CRUZ     ,0,7
Palermo,6003297,Palermo Union Elementary,BUTTE          ,0,0
Palermo Union Community Day (K-8),6115034,Palermo Union Elementary,BUTTE          ,0,0
Palisade Glacier High (Continuation),1430057,Bishop Unified,INYO           ,0,0
Palisades Charter Elementary,6018634,Los Angeles Unified,LOS ANGELES    ,0,0
Palisades Charter High,1995836,Los Angeles Unified,LOS ANGELES    ,0,18
Palisades Elementary,6027627,Capistrano Unified,ORANGE         ,0,0
Palisades High (Continuation),2830065,Calistoga Joint Unified,NAPA           ,0,0
Palm Avenue Elementary,6010250,Wasco Union Elementary,KERN           ,0,0
Palm Canyon,125351,Hacienda la Puente Unified,LOS ANGELES    ,0,0
Palm Crest Elementary,6014658,La Canada Unified,LOS ANGELES    ,0,0
Palm Desert Charter Middle,6031991,Desert Sands Unified,RIVERSIDE      ,0,0
Palm Desert High,3330388,Desert Sands Unified,RIVERSIDE      ,0,23
Palm Elementary,6014336,Hacienda la Puente Unified,LOS ANGELES    ,0,0
Palm Innovation Academy,6031660,Beaumont Unified,RIVERSIDE      ,0,0
Palm Lane Elementary Charter,6027379,Anaheim Elementary,ORANGE         ,0,0
Palm Middle,6110027,Moreno Valley Unified,RIVERSIDE      ,0,0
Palm Springs High,3335130,Palm Springs Unified,RIVERSIDE      ,0,17
Palm Tree Elementary,6107635,Palmdale Elementary,LOS ANGELES    ,0,0
Palm View Elementary,6031702,Coachella Valley Unified,RIVERSIDE      ,0,0
Palm Vista Elementary,6036016,Morongo Unified,SAN BERNARDINO ,0,0
Palma Ceia Elementary,6001093,Hayward Unified,ALAMEDA        ,0,0
Palmdale Aerospace Academy,125377,Palmdale Elementary,LOS ANGELES    ,0,13
Palmdale Discovery Center,133611,Palmdale Elementary,LOS ANGELES    ,0,0
Palmdale High,1936624,Antelope Valley Union High,LOS ANGELES    ,0,18
Palmdale Learning Plaza,6111546,Palmdale Elementary,LOS ANGELES    ,0,0
Palmer Way,6038814,National Elementary,SAN DIEGO      ,0,0
Palmetto Elementary,6035851,Fontana Unified,SAN BERNARDINO ,0,0
Palmiter Special Education,106229,Sacramento County Office of Education,SACRAMENTO     ,0,0
Palmquist Elementary,6038897,Oceanside Unified,SAN DIEGO      ,0,0
Palms Elementary,6010961,ABC Unified,LOS ANGELES    ,0,0
Palms Middle,6058226,Los Angeles Unified,LOS ANGELES    ,0,0
Palmyra Elementary,6029888,Orange Unified,ORANGE         ,0,0
Palo Alto High,4335782,Palo Alto Unified,SANTA CLARA    ,0,20
Palo Verde Elementary,6048359,Palo Alto Unified,SANTA CLARA    ,0,0
Palo Verde High,3335759,Palo Verde Unified,RIVERSIDE      ,0,8
Paloma Creek High,4030151,Atascadero Unified,SAN LUIS OBISPO,0,0
Paloma Elementary,6112809,Temecula Valley Unified,RIVERSIDE      ,0,0
Paloma Valley High,3330727,Perris Union High,RIVERSIDE      ,0,18
Palomar Elementary,6037972,Chula Vista Elementary,SAN DIEGO      ,0,0
Palomar High,3732047,Sweetwater Union High,SAN DIEGO      ,0,0
Palomares Academy of Health Science,6061642,Pomona Unified,LOS ANGELES    ,0,8
Palomares Elementary,6090419,Castro Valley Unified,ALAMEDA        ,0,0
Palos Verdes High,1996552,Palos Verdes Peninsula Unified,LOS ANGELES    ,0,27
Palos Verdes Intermediate,6021257,Palos Verdes Peninsula Unified,LOS ANGELES    ,0,0
Palos Verdes Peninsula High,1995588,Palos Verdes Peninsula Unified,LOS ANGELES    ,0,28
Panama Elementary,6009948,Panama-Buena Vista Union,KERN           ,0,0
Panoche Elementary,6035109,Panoche Elementary,SAN BENITO     ,0,0
Panorama City Elementary,109389,Los Angeles Unified,LOS ANGELES    ,0,0
Panorama Elementary,6029896,Orange Unified,ORANGE         ,0,0
Panorama Elementary,6043517,Brisbane Elementary,SAN MATEO      ,0,0
Panorama High,112052,Los Angeles Unified,LOS ANGELES    ,0,15
Pantera Elementary,6120653,Pomona Unified,LOS ANGELES    ,0,0
Para Los Niños - Evelyn Thurman Gratts Primary,122630,Los Angeles Unified,LOS ANGELES    ,0,0
Para Los Niños Charter,6120489,Los Angeles Unified,LOS ANGELES    ,0,0
Para Los Niños Middle,117846,Los Angeles Unified,LOS ANGELES    ,0,0
Paradise Canyon Elementary,6014666,La Canada Unified,LOS ANGELES    ,0,0
Paradise Charter,112383,Paradise Elementary,STANISLAUS     ,0,0
Paradise Charter Middle,6112999,Paradise Unified,BUTTE          ,0,0
Paradise Elementary,6003313,Paradise Unified,BUTTE          ,0,0
Paradise Hills Elementary,6040059,San Diego Unified,SAN DIEGO      ,0,0
Paradise Intermediate,6003321,Paradise Unified,BUTTE          ,0,0
Paradise Senior High,437350,Paradise Unified,BUTTE          ,0,5
Paradise Valley Engineering Academy,6098271,Morgan Hill Unified,SANTA CLARA    ,0,0
Paradise eLearning Academy,121715,Paradise Unified,BUTTE          ,1,1
Paragon Collegiate Academy,121632,Marysville Joint Unified,YUBA           ,0,0
Paramount Elementary,6011316,Azusa Unified,LOS ANGELES    ,0,0
Paramount High,1936749,Paramount Unified,LOS ANGELES    ,0,16
Paramount Park Middle,119438,Paramount Unified,LOS ANGELES    ,0,0
Paramount Unified Community Day,1996107,Paramount Unified,LOS ANGELES    ,0,0
Park Avenue Elementary,6018667,Los Angeles Unified,LOS ANGELES    ,0,0
Park Avenue Elementary,6053425,Yuba City Unified,SUTTER         ,0,0
Park Dale Lane Elementary,6095046,Encinitas Union Elementary,SAN DIEGO      ,0,0
Park Elementary,6001101,Hayward Unified,ALAMEDA        ,0,0
Park Elementary,6011084,Alhambra Unified,LOS ANGELES    ,0,0
Park Elementary,6024459,Mill Valley Elementary,MARIN          ,0,0
Park Hill Elementary,6109490,San Jacinto Unified,RIVERSIDE      ,0,0
Park Middle,6061154,Antioch Unified,CONTRA COSTA   ,0,0
Park Side Elementary,6052229,Sebastopol Union Elementary,SONOMA         ,0,0
Park View Elementary,108035,Ripon Unified,SAN JOAQUIN    ,0,0
Park View Elementary,6055768,Simi Valley Unified,VENTURA        ,0,0
Park View Middle,6110357,Yucaipa-Calimesa Joint Unified,SAN BERNARDINO ,0,0
Park Village Elementary,6111314,Poway Unified,SAN DIEGO      ,0,0
Park West High (Continuation),1936772,Pomona Unified,LOS ANGELES    ,0,0
Park Western Place Elementary,6018675,Los Angeles Unified,LOS ANGELES    ,0,0
Parker (Jean) Elementary,6041206,San Francisco Unified,SAN FRANCISCO  ,0,0
Parker Elementary,6002091,Oakland Unified,ALAMEDA        ,0,0
Parker Whitney Elementary,6031207,Rocklin Unified,PLACER         ,0,0
Parkfield Elementary,6043335,Shandon Joint Unified,SAN LUIS OBISPO,0,0
Parklane Elementary,6100366,Lodi Unified,SAN JOAQUIN    ,0,0
Parkmead Elementary,6005193,Walnut Creek Elementary,CONTRA COSTA   ,0,0
Parkmont Elementary,6000798,Fremont Unified,ALAMEDA        ,0,0
Parkridge Elementary,6031850,Corona-Norco Unified,RIVERSIDE      ,0,0
Parks (Rosa) Elementary,6041503,San Francisco Unified,SAN FRANCISCO  ,0,0
Parkside Elementary,6004568,Pittsburg Unified,CONTRA COSTA   ,0,0
Parkside Intermediate,6044697,San Bruno Park Elementary,SAN MATEO      ,0,0
Parkside Montessori,6044994,San Mateo-Foster City,SAN MATEO      ,0,0
Parkview,6119556,Placentia-Yorba Linda Unified,ORANGE         ,0,7
Parkview Elementary,6003073,Chico Unified,BUTTE          ,0,0
Parkview Middle,6010284,Armona Union Elementary,KINGS          ,0,0
Parkway Elementary,6034201,Sacramento City Unified,SACRAMENTO     ,0,0
Parkway Heights Middle,6059984,South San Francisco Unified,SAN MATEO      ,0,0
Parkway Middle,6038558,La Mesa-Spring Valley,SAN DIEGO      ,0,0
Parkwood Elementary,116970,Madera Unified,MADERA         ,0,0
Parlier High,1034990,Parlier Unified,FRESNO         ,0,6
Parlier Junior High,6115224,Parlier Unified,FRESNO         ,1,0
Parmelee Avenue Elementary,6018683,Los Angeles Unified,LOS ANGELES    ,0,0
Parras (Nick G.) Middle,6022081,Redondo Beach Unified,LOS ANGELES    ,0,0
Parsons Junior High,6050249,Enterprise Elementary,SHASTA         ,0,0
Parthenia Academy of Arts and Technology,6018691,Los Angeles Unified,LOS ANGELES    ,0,0
Pasadena Avenue Elementary,6034813,San Juan Unified,SACRAMENTO     ,0,0
Pasadena High,1936822,Pasadena Unified,LOS ANGELES    ,0,15
Pasadena Rosebud Academy,113894,Pasadena Unified,LOS ANGELES    ,0,0
Paseo Grande Charter,132019,Robla Elementary,SACRAMENTO     ,0,0
Paseo del Rey Fundamental,6018709,Los Angeles Unified,LOS ANGELES    ,0,0
Paso Robles Community,138255,Paso Robles Joint Unified,SAN LUIS OBISPO,0,0
Paso Robles High,4035754,Paso Robles Joint Unified,SAN LUIS OBISPO,0,11
Paso Robles Independent Study Center,4030235,Paso Robles Joint Unified,SAN LUIS OBISPO,0,0
Paso Verde,135194,Natomas Unified,SACRAMENTO     ,0,0
Pat Butler Elementary,6109151,Paso Robles Joint Unified,SAN LUIS OBISPO,0,0
Pathway Community Day,114751,Central Unified,FRESNO         ,0,0
Pathway Elementary Community Day,125682,Central Unified,FRESNO         ,0,0
Pathway Independent Study,114777,Lynwood Unified,LOS ANGELES    ,0,0
Pathways Academy Charter Adult Education,134585,Acton-Agua Dulce Unified,LOS ANGELES    ,0,0
Pathways Charter,6120588,Harmony Union Elementary,SONOMA         ,0,0
Pathways for Adult Life Skills,137620,Perris Union High,RIVERSIDE      ,0,0
Pathways to College,112441,Hesperia Unified,SAN BERNARDINO ,0,0
Patricia Beatty Elementary,114181,Riverside Unified,RIVERSIDE      ,0,0
Patricia Kay Beaver Elementary,129106,Ceres Unified,STANISLAUS     ,0,0
Patrick Henry Middle,6061485,Los Angeles Unified,LOS ANGELES    ,0,0
Patriot Elementary,6120398,Rosedale Union Elementary,KERN           ,0,0
Patriot High,114157,Jurupa Unified,RIVERSIDE      ,0,21
Patterson Elementary,6000806,Fremont Unified,ALAMEDA        ,0,0
Patterson High,5036256,Patterson Joint Unified,STANISLAUS     ,0,14
Patterson Road Elementary,6045793,Orcutt Union Elementary,SANTA BARBARA  ,0,0
Patton Elementary,6028427,Garden Grove Unified,ORANGE         ,0,0
Patwin Elementary,6110894,Davis Joint Unified,YOLO           ,0,0
Pauba Valley Elementary,6113641,Temecula Valley Unified,RIVERSIDE      ,0,0
Paul Ecke-Central Elementary,6038145,Encinitas Union Elementary,SAN DIEGO      ,0,0
Paul L. Cato Middle,129189,Bakersfield City,KERN           ,0,0
Paul Revere Charter Middle,6058267,Los Angeles Unified,LOS ANGELES    ,0,0
Paul Rogers Elementary,6035679,Colton Joint Unified,SAN BERNARDINO ,0,0
Paularino Elementary,6029458,Newport-Mesa Unified,ORANGE         ,0,0
Paulding Middle,6043103,Lucia Mar Unified,SAN LUIS OBISPO,0,0
Pauma Elementary,6038962,Valley Center-Pauma Unified,SAN DIEGO      ,0,0
Peabody (George) Elementary,6041065,San Francisco Unified,SAN FRANCISCO  ,0,0
Peabody Charter,6045918,Santa Barbara Unified,SANTA BARBARA  ,0,0
Peach Hill Academy,6055149,Moorpark Unified,VENTURA        ,0,0
Peachland Avenue Elementary,6020804,Newhall,LOS ANGELES    ,0,0
Peak to Peak Mountain Charter,128504,Maricopa Unified,KERN           ,0,0
Pearblossom Elementary,6108542,Keppel Union Elementary,LOS ANGELES    ,0,0
Pearl Zanker Elementary,6067219,Milpitas Unified,SANTA CLARA    ,0,0
Pedley Elementary,6032205,Jurupa Unified,RIVERSIDE      ,0,0
Pegasus High,4330353,East Side Union High,SANTA CLARA    ,0,0
Peggy Heller Elementary,6113161,Atwater Elementary,MERCED         ,0,0
Peninsula High (Continuation),135814,San Mateo Union High,SAN MATEO      ,0,0
Peninsula Union Elementary,6008106,Peninsula Union ,HUMBOLDT       ,0,0
Penn Elementary,6077317,San Diego Unified,SAN DIEGO      ,0,0
Penngrove Elementary,6051981,Petaluma City Elementary,SONOMA         ,0,0
Penryn Elementary,6031173,Loomis Union Elementary,PLACER         ,0,0
Pepper Drive Elementary,6040372,Santee,SAN DIEGO      ,0,0
Pepper Tree Elementary,6109573,Upland Unified,SAN BERNARDINO ,0,0
Peralta Elementary,6002109,Oakland Unified,ALAMEDA        ,0,0
Peralta Elementary,6113518,Jurupa Unified,RIVERSIDE      ,0,0
Perdew Elementary,113688,Etiwanda Elementary,SAN BERNARDINO ,0,0
Peres Elementary,6004907,West Contra Costa Unified,CONTRA COSTA   ,0,0
Performing Arts Community at Diego Rivera Learning,124511,Los Angeles Unified,LOS ANGELES    ,0,9
Perkins K-8,6039929,San Diego Unified,SAN DIEGO      ,0,0
Perris Elementary,6032510,Perris Elementary,RIVERSIDE      ,0,0
Perris High,3335973,Perris Union High,RIVERSIDE      ,0,15
Perris Lake High (Continuation),3330172,Perris Union High,RIVERSIDE      ,0,0
Perry Elementary,6040067,San Diego Unified,SAN DIEGO      ,0,0
Pershing Continuation High,1035112,Central Unified,FRESNO         ,0,0
Pershing Elementary,6034847,San Juan Unified,SACRAMENTO     ,0,0
Pershing Middle,6061972,San Diego Unified,SAN DIEGO      ,0,0
Pescadero Elementary and Middle,6044085,La Honda-Pescadero Unified,SAN MATEO      ,0,0
Pescadero High,4135331,La Honda-Pescadero Unified,SAN MATEO      ,1,0
Petaluma Accelerated Charter,131961,Petaluma Joint Union High,SONOMA         ,0,0
Petaluma High,4935151,Petaluma Joint Union High,SONOMA         ,0,15
Petaluma Junior High,6060230,Petaluma Joint Union High,SONOMA         ,0,0
Peter Burnett Elementary,6034219,Sacramento City Unified,SACRAMENTO     ,0,0
Peter Burnett Middle,6062103,San Jose Unified,SANTA CLARA    ,0,0
Peter J. Shields Elementary,6033211,Folsom-Cordova Unified,SACRAMENTO     ,0,0
Peter Johansen High,5030135,Modesto City High,STANISLAUS     ,0,12
Peter Pendleton Elementary,6031710,Coachella Valley Unified,RIVERSIDE      ,0,0
Peters Canyon Elementary,6114482,Tustin Unified,ORANGE         ,0,0
Petersen Alternative Center for Education,5030226,Stanislaus County Office of Education,STANISLAUS     ,0,0
Phelan Elementary,6036461,Snowline Joint Unified,SAN BERNARDINO ,0,0
Phil D. Swing Elementary,6008304,Brawley Elementary,IMPERIAL       ,0,0
Philadelphia Elementary,6021935,Pomona Unified,LOS ANGELES    ,0,0
Philip J. Reilly Elementary,6109474,Capistrano Unified,ORANGE         ,0,0
Philip Magruder Middle,6023170,Torrance Unified,LOS ANGELES    ,0,0
Phillip J Patino School of Entrepreneurship,132134,Fresno Unified,FRESNO         ,0,1
Phillip M. Stokoe Elementary,113597,Alvord Unified,RIVERSIDE      ,0,0
Phillips Elementary,6026900,Napa Valley Unified,NAPA           ,0,0
Phineas Banning Senior High,1930650,Los Angeles Unified,LOS ANGELES    ,0,16
Phoebe A. Hearst Elementary,6034227,Sacramento City Unified,SACRAMENTO     ,0,0
Phoebe Apperson Hearst Elementary,6117600,Pleasanton Unified,ALAMEDA        ,0,0
Phoenix,135780,Ventura County Office of Education,VENTURA        ,0,0
Phoenix Academy,122945,Apple Valley Unified,SAN BERNARDINO ,0,0
Phoenix Academy,2130102,Marin County Office of Education,MARIN          ,0,0
Phoenix Academy Residential Education Center,123604,Los Angeles County Office of Education,LOS ANGELES    ,0,0
Phoenix Charter Academy,136440,Whitmore Union Elementary,SHASTA         ,0,0
Phoenix Continuation,1930783,Los Angeles Unified,LOS ANGELES    ,0,0
Phoenix Elementary Academy Community Day,6120703,Fresno Unified,FRESNO         ,0,0
Phoenix High,4330312,East Side Union High,SANTA CLARA    ,0,0
Phoenix High (Continuation),3130036,Western Placer Unified,PLACER         ,0,0
Phoenix High Community Day,1995968,Antelope Valley Union High,LOS ANGELES    ,0,0
Phoenix Rising High,131243,Central Union High,IMPERIAL       ,0,0
Phoenix Secondary,120964,Fresno Unified,FRESNO         ,0,0
Pico Canyon Elementary,100636,Newhall,LOS ANGELES    ,0,0
Piedmont Avenue Elementary,6002117,Oakland Unified,ALAMEDA        ,0,0
Piedmont High,136515,Piedmont City Unified,ALAMEDA        ,0,13
Piedmont Hills High,4335907,East Side Union High,SANTA CLARA    ,0,15
Piedmont Middle,6046395,Berryessa Union Elementary,SANTA CLARA    ,0,0
Piedmont Middle,6066492,Piedmont City Unified,ALAMEDA        ,0,0
Pierce Elementary,6009294,Sierra Sands Unified,KERN           ,0,0
Pierce High,635250,Pierce Joint Unified,COLUSA         ,0,8
Pierpont Elementary,6056170,Ventura Unified,VENTURA        ,0,0
Pilarcitos Alternative High (Continuation),4130027,Cabrillo Unified,SAN MATEO      ,0,0
Pinacate Middle,6106223,Perris Union High,RIVERSIDE      ,0,0
Pine Elementary,6008536,Holtville Unified,IMPERIAL       ,0,0
Pine Grove Elementary,6005433,Del Norte County Unified,DEL NORTE      ,0,0
Pine Grove Elementary,6045801,Orcutt Union Elementary,SANTA BARBARA  ,0,0
Pine Grove Elementary STEM Magnet,6002844,Amador County Unified,AMADOR         ,0,0
Pine Grove Youth Conservation Camp,330027,California Education Authority (CEA) Headquarters,SACRAMENTO     ,0,0
Pine Hill Elementary,6008163,South Bay Union Elementary,HUMBOLDT       ,0,0
Pine Hollow Middle,6004220,Mt. Diablo Unified,CONTRA COSTA   ,0,0
Pine Ridge,6105522,Paradise Unified,BUTTE          ,0,0
Pine Ridge Elementary,6007066,Pine Ridge Elementary,FRESNO         ,0,0
Pine Street Elementary,6008726,Bishop Unified,INYO           ,0,0
Pine Valley Middle,127001,Mountain Empire Unified,SAN DIEGO      ,0,0
Pine Valley Middle,6097166,San Ramon Valley Unified,CONTRA COSTA   ,0,0
Pinedale Elementary,6109235,Clovis Unified,FRESNO         ,0,0
Piner High,4935292,Santa Rosa High,SONOMA         ,0,14
Piner-Olivet Charter,6113492,Piner-Olivet Union Elementary,SONOMA         ,0,0
Pinetree Community Elementary,6107205,Sulphur Springs Union,LOS ANGELES    ,0,0
Pinewood Avenue Elementary,6018717,Los Angeles Unified,LOS ANGELES    ,0,0
Pinewood Elementary,6005680,Pollock Pines Elementary,EL DORADO      ,0,0
Pinkham Elementary,6107536,Visalia Unified,TULARE         ,0,0
Pinnacle Academy Charter - Independent Study,134254,South Monterey County Joint Union High,MONTEREY       ,0,0
Pinnacles Community,132308,San Benito County Office of Education,SAN BENITO     ,0,0
Pinnacles High,106112,Soledad Unified,MONTEREY       ,0,0
Pinole Middle,6057236,West Contra Costa Unified,CONTRA COSTA   ,0,1
Pinole Valley High,735316,West Contra Costa Unified,CONTRA COSTA   ,0,10
Pinon Hills Elementary,6108260,Snowline Joint Unified,SAN BERNARDINO ,0,0
Pinon Mesa Middle,6106116,Snowline Joint Unified,SAN BERNARDINO ,0,0
Pio Pico Elementary,6109904,Santa Ana Unified,ORANGE         ,0,0
Pio Pico Middle,6107064,Los Angeles Unified,LOS ANGELES    ,0,0
Pioneer,127712,Delano Union Elementary,KERN           ,0,0
Pioneer Community Day,101485,Thermalito Union Elementary,BUTTE          ,0,0
Pioneer Continuation High,4530200,Shasta Union High,SHASTA         ,0,4
Pioneer Drive Elementary,6009120,Bakersfield City,KERN           ,0,0
Pioneer Elementary,102376,Brentwood Union Elementary,CONTRA COSTA   ,0,0
Pioneer Elementary,6033583,Twin Rivers Unified,SACRAMENTO     ,0,0
Pioneer Elementary,6101604,New Haven Unified,ALAMEDA        ,0,0
Pioneer Elementary,6111991,Weaver Union,MERCED         ,0,0
Pioneer High,101162,Woodland Joint Unified,YOLO           ,0,4
Pioneer High,1936889,Whittier Union High,LOS ANGELES    ,0,13
Pioneer High,4335949,San Jose Unified,SANTA CLARA    ,0,7
Pioneer High (Continuation),2430031,Gustine Unified,MERCED         ,0,0
Pioneer Junior High,6037253,Upland Unified,SAN BERNARDINO ,0,0
Pioneer Magnet School for the Visual and Performin,6002851,Amador County Unified,AMADOR         ,0,0
Pioneer Middle,6054266,Porterville Unified,TULARE         ,0,0
Pioneer Middle,6110233,Pioneer Union Elementary,KINGS          ,0,0
Pioneer Middle,6116305,Tustin Unified,ORANGE         ,0,0
Pioneer Technical Center,2030229,Madera County Superintendent of Schools,MADERA         ,0,0
Pioneer Valley High,102285,Santa Maria Joint Union High,SANTA BARBARA  ,0,8
Piru Elementary,6054985,Fillmore Unified,VENTURA        ,0,0
Pittman Charter,111336,Stockton Unified,SAN JOAQUIN    ,0,0
Pittsburg Senior High,735407,Pittsburg Unified,CONTRA COSTA   ,0,16
Piute Middle,6014740,Lancaster Elementary,LOS ANGELES    ,0,0
Piute Mountain Elementary,6104772,Caliente Union Elementary,KERN           ,0,0
Pivot Charter School - North Bay,138065,Oak Grove Union Elementary,SONOMA         ,0,2
Pivot Charter School - San Diego II,138222,San Marcos Unified,SAN DIEGO      ,0,2
Pivot Charter School North Valley II,137828,Chico Unified,BUTTE          ,0,1
Pivot Charter School Riverside,137836,Riverside County Office of Education,RIVERSIDE      ,0,1
Pivot Online Charter - North Bay,120584,Oak Grove Union Elementary,SONOMA         ,0,0
Pixley Elementary,6054209,Pixley Union Elementary,TULARE         ,0,0
Pixley Middle,114165,Pixley Union Elementary,TULARE         ,0,0
Placer Academy Charter,137927,Rocklin Unified,PLACER         ,0,0
Placer County Community Schools,3130259,Placer County Office of Education,PLACER         ,0,0
Placer County Court Schools,3130101,Placer County Office of Education,PLACER         ,0,0
Placer County Pathways Charter,126904,Placer County Office of Education,PLACER         ,0,0
Placer County Special Education,6069322,Placer County Office of Education,PLACER         ,0,0
Placer Elementary,6031140,Loomis Union Elementary,PLACER         ,0,0
Placer High,3135704,Placer Union High,PLACER         ,0,8
Placerita Junior High,6058572,William S. Hart Union High,LOS ANGELES    ,0,0
Plainfield Elementary,6056527,Woodland Joint Unified,YOLO           ,0,0
Plainsburg Union Elementary,6025779,Plainsburg Union Elementary,MERCED         ,0,0
Plainview Academic Charter Academy,6018725,Los Angeles Unified,LOS ANGELES    ,0,0
Planada Elementary,6025787,Planada Elementary,MERCED         ,0,0
Plantation Elementary,6009583,Greenfield Union,KERN           ,0,0
Planz Elementary,6009591,Greenfield Union,KERN           ,0,0
Plavan (Urbain H.) Elementary,6085278,Fountain Valley Elementary,ORANGE         ,0,0
Playa Vista Elementary,126383,Los Angeles Unified,LOS ANGELES    ,0,0
Playa del Rey Elementary,6018741,Los Angeles Unified,LOS ANGELES    ,0,0
Plaza Elementary,6007504,Plaza Elementary,GLENN          ,0,0
Plaza Robles Continuation High,3930278,Lodi Unified,SAN JOAQUIN    ,0,0
Plaza Vista,6115786,Irvine Unified,ORANGE         ,0,0
Pleasant Elementary,6106553,Tulare City,TULARE         ,0,0
Pleasant Grove,6053326,Pleasant Grove Joint Union,SUTTER         ,0,0
Pleasant Grove Elementary,6033096,Elk Grove Unified,SACRAMENTO     ,0,0
Pleasant Grove High,108753,Elk Grove Unified,SACRAMENTO     ,0,16
Pleasant Grove Middle,101519,Rescue Union Elementary,EL DORADO      ,0,0
Pleasant Hill Education Center,735670,Mt. Diablo Unified,CONTRA COSTA   ,0,0
Pleasant Hill Elementary,6004246,Mt. Diablo Unified,CONTRA COSTA   ,0,0
Pleasant Hill Middle,6114904,Mt. Diablo Unified,CONTRA COSTA   ,0,0
Pleasant Valley Elementary,6024574,Novato Unified,MARIN          ,0,0
Pleasant Valley High,437558,Chico Unified,BUTTE          ,6,12
Pleasant Valley Middle,6109698,Gold Oak Union Elementary,EL DORADO      ,0,0
Pleasant Valley School of Engineering and Arts,6055412,Pleasant Valley,VENTURA        ,0,0
Pleasant View Elementary,6011480,Baldwin Park Unified,LOS ANGELES    ,0,0
Pleasant View Elementary,6054217,Pleasant View Elementary,TULARE         ,0,0
Pleasanton Middle,6108971,Pleasanton Unified,ALAMEDA        ,0,0
Plum Canyon Elementary,6115513,Saugus Union,LOS ANGELES    ,0,0
Plum Valley Elementary,6053615,Antelope Elementary,TEHAMA         ,0,0
Plumas Avenue Elementary,102327,Thermalito Union Elementary,BUTTE          ,0,0
Plumas Charter,3230083,Plumas Unified,PLUMAS         ,0,1
Plumas County Community,100057,Plumas County Office of Education,PLUMAS         ,0,0
Plumas County Opportunity,108001,Plumas County Office of Education,PLUMAS         ,0,0
Plummer Elementary,6018758,Los Angeles Unified,LOS ANGELES    ,0,0
Plymouth Elementary,6002869,Amador County Unified,AMADOR         ,0,0
Plymouth Elementary,6020473,Monrovia Unified,LOS ANGELES    ,0,0
Podesta Ranch Elementary,116608,Lodi Unified,SAN JOAQUIN    ,0,0
Poinsettia Elementary,113498,Carlsbad Unified,SAN DIEGO      ,0,0
Point Arena High,2333649,Point Arena Joint Union High,MENDOCINO      ,0,6
Point Dume Elementary,6022602,Santa Monica-Malibu Unified,LOS ANGELES    ,0,0
Point Fermin Elementary,6018766,Los Angeles Unified,LOS ANGELES    ,0,0
Point Loma High,3735750,San Diego Unified,SAN DIEGO      ,0,15
Point Vicente Elementary,6021315,Palos Verdes Peninsula Unified,LOS ANGELES    ,0,0
Polaris High (Alternative),3030384,Anaheim Union High,ORANGE         ,0,0
Polytechnic High,1936947,Long Beach Unified,LOS ANGELES    ,0,25
Polytechnic High,3336237,Riverside Unified,RIVERSIDE      ,0,8
Pomelo Community Charter,6018774,Los Angeles Unified,LOS ANGELES    ,0,0
Pomerado Elementary,6039002,Poway Unified,SAN DIEGO      ,0,0
Pomeroy Elementary,6048987,Santa Clara Unified,SANTA CLARA    ,0,0
Pomo,6109706,Konocti Unified,LAKE           ,0,0
Pomolita Middle,6025233,Ukiah Unified,MENDOCINO      ,0,0
Pomona Alternative,1995547,Pomona Unified,LOS ANGELES    ,0,0
Pomona Elementary,6029466,Newport-Mesa Unified,ORANGE         ,0,0
Pomona High,1937028,Pomona Unified,LOS ANGELES    ,0,16
Pond Elementary,6009963,Pond Union Elementary,KERN           ,0,0
Ponderosa Elementary,6003339,Paradise Unified,BUTTE          ,0,0
Ponderosa High,936302,El Dorado Union High,EL DORADO      ,0,12
Pony Express Elementary,6034235,Sacramento City Unified,SACRAMENTO     ,0,0
Pope Valley Elementary,6027015,Pope Valley Union Elementary,NAPA           ,0,0
Poplar Avenue Elementary,6003362,Thermalito Union Elementary,BUTTE          ,0,0
Poplar Elementary,6035869,Fontana Unified,SAN BERNARDINO ,0,0
Port of Los Angeles High,107755,Los Angeles Unified,LOS ANGELES    ,0,8
Porter Elementary,108274,San Diego Unified,SAN DIEGO      ,0,0
Porter Ranch Community,126607,Los Angeles Unified,LOS ANGELES    ,0,0
Porterville High,5434113,Porterville Unified,TULARE         ,0,6
Porterville Military Academy,137968,Porterville Unified,TULARE         ,0,0
Portola Elementary,6044010,San Bruno Park Elementary,SAN MATEO      ,0,0
Portola Elementary,6097034,Ventura Unified,VENTURA        ,0,0
Portola High,133405,Irvine Unified,ORANGE         ,0,8
Portola Hills Elementary,6110936,Saddleback Valley Unified,ORANGE         ,0,0
Portola Junior/Senior High,3235603,Plumas Unified,PLUMAS         ,0,5
Portola Middle,6061725,Orange Unified,ORANGE         ,0,0
Portola Opportunity,6117360,Plumas County Office of Education,PLUMAS         ,0,0
Portola Springs Elementary,129296,Irvine Unified,ORANGE         ,0,0
Portola-Butler Continuation High,2730083,South Monterey County Joint Union High,MONTEREY       ,0,0
Post Elementary,6028708,Garden Grove Unified,ORANGE         ,0,0
Potrero Elementary,6013247,El Monte City,LOS ANGELES    ,0,0
Potrero Elementary,6097190,Mountain Empire Unified,SAN DIEGO      ,0,0
Potrero Heights Elementary,6020630,Montebello Unified,LOS ANGELES    ,0,0
Potter Valley Elementary,6025241,Potter Valley Community Unified,MENDOCINO      ,0,0
Potter Valley High,2330041,Potter Valley Community Unified,MENDOCINO      ,1,0
Potter Valley Junior High,107250,Potter Valley Community Unified,MENDOCINO      ,0,0
Poway High,3735867,Poway Unified,SAN DIEGO      ,0,16
Powell Academy for Success,6116933,Long Beach Unified,LOS ANGELES    ,0,0
Powers-Ginsburg Elementary,6006431,Fresno Unified,FRESNO         ,0,0
Prado View Elementary,6107676,Corona-Norco Unified,RIVERSIDE      ,0,0
Prairie Elementary,6098750,Elk Grove Unified,SACRAMENTO     ,0,0
Prairie Vista Middle,6115265,Hawthorne,LOS ANGELES    ,0,0
Prepa Tec Los Angeles High,133900,SBE - Prepa Tec Los Angeles High,LOS ANGELES    ,1,3
Preschool Early Education Program PEEP,6067276,Pleasant Valley,VENTURA        ,0,0
Prescott,6002125,Oakland Unified,ALAMEDA        ,0,0
Prescott Junior High,6067250,Stanislaus Union Elementary,STANISLAUS     ,0,0
President Avenue Elementary,6018790,Los Angeles Unified,LOS ANGELES    ,0,0
Presidio Early Ed.,117499,San Francisco Unified,SAN FRANCISCO  ,0,0
Presidio Middle,6062079,San Francisco Unified,SAN FRANCISCO  ,0,0
Preston Elementary,6036685,Rialto Unified,SAN BERNARDINO ,0,0
Prestwood Elementary,6052286,Sonoma Valley Unified,SONOMA         ,0,0
Preuss School UCSD,3731189,San Diego Unified,SAN DIEGO      ,0,14
Price (Adelaide) Elementary,6027239,Anaheim Elementary,ORANGE         ,0,0
Price (Maude) Elementary,6012835,Downey Unified,LOS ANGELES    ,0,0
Price Charter Middle,6046486,Cambrian,SANTA CLARA    ,1,0
Price Intermediate,6007496,Orland Joint Unified,GLENN          ,0,0
Pride Continuation,118307,Linden Unified,SAN JOAQUIN    ,0,0
Primary Academy for Success,6116842,Los Angeles Unified,LOS ANGELES    ,0,0
Primary Charter,102384,Tracy Joint Unified,SAN JOAQUIN    ,0,0
Primary Years Academy,121798,Stockton Unified,SAN JOAQUIN    ,0,0
Princeton Elementary,6089262,Princeton Joint Unified,GLENN          ,0,0
Princeton Junior-Senior High,1136209,Princeton Joint Unified,GLENN          ,0,0
Princeton Street Elementary,6111355,Delano Union Elementary,KERN           ,0,0
Prisk Elementary,6015580,Long Beach Unified,LOS ANGELES    ,0,0
Proctor Elementary,6090435,Castro Valley Unified,ALAMEDA        ,0,0
Proctor Terrace Elementary,6052179,Santa Rosa Elementary,SONOMA         ,0,0
Promenade Elementary,6107304,Alvord Unified,RIVERSIDE      ,0,0
Prospect Community Day,3430667,Folsom-Cordova Unified,SACRAMENTO     ,0,1
Prospect Education Center,5430350,Porterville Unified,TULARE         ,0,0
Prospect Elementary,6029912,Orange Unified,ORANGE         ,0,0
Prospect High,4336137,Campbell Union High,SANTA CLARA    ,0,15
Prospect High (Continuation),437566,Oroville Union High,BUTTE          ,0,0
Prospect High (Continuation),730358,Mt. Diablo Unified,CONTRA COSTA   ,0,0
Prospects High (Alternative),730259,Antioch Unified,CONTRA COSTA   ,0,0
Providence,5630223,Ventura County Office of Education,VENTURA        ,0,0
Providence Jr./Sr. High,1830058,Lassen County Office of Education,LASSEN         ,0,0
Providencia Elementary,6011993,Burbank Unified,LOS ANGELES    ,0,0
Provisional Accelerated Learning Academy,3630993,San Bernardino City Unified,SAN BERNARDINO ,0,0
Prunedale Elementary,6026447,North Monterey County Unified,MONTEREY       ,0,0
Public Policy Charter,131847,Los Angeles Unified,LOS ANGELES    ,0,0
Public Safety Academy,109850,San Bernardino City Unified,SAN BERNARDINO ,0,2
Public Safety Academy,125310,Fairfield-Suisun Unified,SOLANO         ,0,6
Public Service Community at Diego Rivera Learning ,124487,Los Angeles Unified,LOS ANGELES    ,0,8
Pueblo Vista Elementary,6026918,Napa Valley Unified,NAPA           ,0,0
Pueblo de Los Angeles Continuation,1930577,Los Angeles Unified,LOS ANGELES    ,0,0
Puente Charter,6120471,Los Angeles Unified,LOS ANGELES    ,0,0
Puente Hills High,1933316,Hacienda la Puente Unified,LOS ANGELES    ,0,0
Puesta del Sol Elementary,6109227,Victor Elementary,SAN BERNARDINO ,0,0
Pulliam Elementary,6042741,Stockton Unified,SAN JOAQUIN    ,0,0
Purche Avenue Elementary,6018808,Los Angeles Unified,LOS ANGELES    ,0,0
Pyle Elementary,6006449,Fresno Unified,FRESNO         ,0,0
Quail Glen Elementary,6112403,Dry Creek Joint Elementary,PLACER         ,0,0
Quail Lake Environmental Charter,6117865,Sanger Unified,FRESNO         ,0,0
Quail Run Elementary,109173,San Ramon Valley Unified,CONTRA COSTA   ,0,0
Quail Summit Elementary,6106918,Walnut Valley Unified,LOS ANGELES    ,0,0
Quail Valley Elementary,116756,Menifee Union Elementary,RIVERSIDE      ,0,0
Quail Valley Middle,6112932,Snowline Joint Unified,SAN BERNARDINO ,0,0
Quailwood Elementary,6101588,Fruitvale Elementary,KERN           ,0,0
Quantum Academy,131813,Escondido Union,SAN DIEGO      ,0,0
Quartz Hill Elementary,6023584,Westside Union Elementary,LOS ANGELES    ,0,0
Quartz Hill High,1937051,Antelope Valley Union High,LOS ANGELES    ,10,19
Queen Anne Place Elementary,6018816,Los Angeles Unified,LOS ANGELES    ,0,0
Quest Academy,115543,La Mesa-Spring Valley,SAN DIEGO      ,0,0
Quimby Oak Middle,6047179,Evergreen Elementary,SANTA CLARA    ,0,0
Quincy Elementary,6031470,Plumas Unified,PLUMAS         ,0,0
Quincy Jones Elementary,122127,Los Angeles Unified,LOS ANGELES    ,0,0
Quincy Junior/Senior High,3236007,Plumas Unified,PLUMAS         ,0,4
R. D. White Elementary,6013841,Glendale Unified,LOS ANGELES    ,0,0
R. F. Hazard Elementary,6028716,Garden Grove Unified,ORANGE         ,0,0
R. I. Meyerholz Elementary,6047047,Cupertino Union,SANTA CLARA    ,0,0
R. J. Neutra,6010318,Central Union Elementary,KINGS          ,0,0
R. K. Lloyde High,1930239,Centinela Valley Union High,LOS ANGELES    ,0,0
R. L. Stevenson Elementary,6012017,Burbank Unified,LOS ANGELES    ,0,0
R. M. Miano Elementary,6025563,Los Banos Unified,MERCED         ,0,0
R. O. Hardin Elementary,6035034,Hollister,SAN BENITO     ,0,0
R. Paul Krey Elementary,6119754,Brentwood Union Elementary,CONTRA COSTA   ,0,0
R. Rex Parris High,1996644,Antelope Valley Union High,LOS ANGELES    ,0,0
R. Roger Rowe Elementary,6039051,Rancho Santa Fe Elementary,SAN DIEGO      ,0,0
R. Roger Rowe Middle,6070908,Rancho Santa Fe Elementary,SAN DIEGO      ,0,0
R.J. Frank Academy of Marine Science & Engineering,6111850,Oxnard,VENTURA        ,0,0
REACH,120121,Sebastopol Union Elementary,SONOMA         ,0,0
REACH Academy,128819,Grossmont Union High,SAN DIEGO      ,0,0
REACH Academy,6115133,Santa Ana Unified,ORANGE         ,0,0
REACH Leadership STEAM Academy,126128,Riverside Unified,RIVERSIDE      ,0,0
REALM Charter,138552,Berkeley Unified,ALAMEDA        ,0,2
ROOTS International Academy,112805,Oakland Unified,ALAMEDA        ,0,0
Rachel Carson Elementary,6093090,San Jose Unified,SANTA CLARA    ,0,0
Radcliff Elementary,102665,Pajaro Valley Unified,SANTA CRUZ     ,0,0
Rafer Johnson,138149,Bakersfield City,KERN           ,0,0
Rafer Johnson Junior High,6108328,Kingsburg Elementary Charter,FRESNO         ,0,0
Raffaello Palla Elementary,6111157,Greenfield Union,KERN           ,0,0
Rail Ranch Elementary,6108153,Murrieta Valley Unified,RIVERSIDE      ,0,0
Rail Road Flat Elementary,6003420,Calaveras Unified,CALAVERAS      ,0,0
Railroad Canyon Elementary,6107189,Lake Elsinore Unified,RIVERSIDE      ,0,0
Railway Elementary,110577,Perris Elementary,RIVERSIDE      ,0,0
Rainbow Learning Center,138495,Lassen County Office of Education,LASSEN         ,0,0
Rainbow Ridge Elementary,6108039,Val Verde Unified,RIVERSIDE      ,0,0
Rainbow Springs,115840,Moreno Valley Unified,RIVERSIDE      ,0,0
Raincross High (Continuation),3330677,Riverside Unified,RIVERSIDE      ,0,0
Raisin City Elementary,6007074,Raisin City Elementary,FRESNO         ,0,0
Ralph A. Gates Elementary,6030183,Saddleback Valley Unified,ORANGE         ,0,0
Ralph Bunche Elementary,6013494,Compton Unified,LOS ANGELES    ,0,0
Ralph Dunlap Elementary,6045744,Orcutt Union Elementary,SANTA BARBARA  ,0,0
Ralph E. Hawes Elementary,6094643,Huntington Beach City Elementary,ORANGE         ,0,0
Ralph Emerson Elementary,6011894,Burbank Unified,LOS ANGELES    ,0,0
Ralph J. Bunche High,118653,Oakland Unified,ALAMEDA        ,0,0
Ralph Richardson Center,6034938,San Juan Unified,SACRAMENTO     ,0,0
Ralph Waldo Emerson Junior High,6066245,Davis Joint Unified,YOLO           ,0,0
Ralston Intermediate,6043483,Belmont-Redwood Shores Elementary,SAN MATEO      ,0,0
Ramblewood Elementary,108696,Franklin-McKinley Elementary,SANTA CLARA    ,0,0
Ramon C. Cortines School of Visual and Performing ,119727,Los Angeles Unified,LOS ANGELES    ,0,15
Ramon Garza Elementary,6109052,Bakersfield City,KERN           ,0,0
Ramon S. Tafoya Elementary,6116677,Woodland Joint Unified,YOLO           ,0,0
Ramona,6013981,Hawthorne,LOS ANGELES    ,0,0
Ramona Community Montessori,131268,Ramona City Unified,SAN DIEGO      ,0,0
Ramona Elementary,6011092,Alhambra Unified,LOS ANGELES    ,0,0
Ramona Elementary,6032130,Hemet Unified,RIVERSIDE      ,0,0
Ramona Elementary,6104582,Moreno Valley Unified,RIVERSIDE      ,0,0
Ramona High,3336492,Riverside Unified,RIVERSIDE      ,0,15
Ramona High,3735974,Ramona City Unified,SAN DIEGO      ,0,2
Ramona Junior High,6061840,Chino Valley Unified,SAN BERNARDINO ,0,0
Ramona Middle,6011860,Bonita Unified,LOS ANGELES    ,0,0
Ramona Opportunity High,1937085,Los Angeles Unified,LOS ANGELES    ,0,0
Ramona-Alessandro Elementary,6036750,San Bernardino City Unified,SAN BERNARDINO ,0,0
Ranch Hills Elementary,6108922,Pomona Unified,LOS ANGELES    ,0,0
Ranch View Elementary,6110050,Mountain View Elementary,SAN BERNARDINO ,0,0
Rancheria Continuation,2330058,Anderson Valley Unified,MENDOCINO      ,0,0
Ranchero Middle,6109359,Hesperia Unified,SAN BERNARDINO ,0,0
Ranchito Avenue Elementary,6018832,Los Angeles Unified,LOS ANGELES    ,0,0
Rancho Alamitos High,3035706,Garden Grove Unified,ORANGE         ,0,18
Rancho Bernardo High,3730819,Poway Unified,SAN DIEGO      ,0,12
Rancho Buena Vista High,3730728,Vista Unified,SAN DIEGO      ,11,16
Rancho Campana High,131698,Oxnard Union High,VENTURA        ,0,13
Rancho Canada Elementary,6096044,Saddleback Valley Unified,ORANGE         ,0,0
Rancho Cordova Elementary,6033229,Folsom-Cordova Unified,SACRAMENTO     ,0,0
Rancho Cotate High,4935482,Cotati-Rohnert Park Unified,SONOMA         ,0,9
Rancho Cucamonga High,3630571,Chaffey Joint Union High,SAN BERNARDINO ,0,17
Rancho Cucamonga Middle,6097646,Cucamonga Elementary,SAN BERNARDINO ,0,0
Rancho Dominguez Preparatory,124529,Los Angeles Unified,LOS ANGELES    ,0,8
Rancho Elementary,6024582,Novato Unified,MARIN          ,0,0
Rancho Elementary,6038566,La Mesa-Spring Valley,SAN DIEGO      ,0,0
Rancho Las Positas Elementary,6089338,Livermore Valley Joint Unified,ALAMEDA        ,0,0
Rancho Learning Center (Alternative),1995299,Arcadia Unified,LOS ANGELES    ,0,0
Rancho Medanos Junior High,6084966,Pittsburg Unified,CONTRA COSTA   ,0,0
Rancho Milpitas Middle,6047666,Milpitas Unified,SANTA CLARA    ,0,0
Rancho Minerva Middle,6059802,Vista Unified,SAN DIEGO      ,0,0
Rancho Mirage Elementary,6032445,Palm Springs Unified,RIVERSIDE      ,0,0
Rancho Mirage High,127316,Palm Springs Unified,RIVERSIDE      ,0,17
Rancho Pico Junior High,102467,William S. Hart Union High,LOS ANGELES    ,0,0
Rancho Romero Elementary,6005136,San Ramon Valley Unified,CONTRA COSTA   ,0,0
Rancho Rosal Elementary,110502,Pleasant Valley,VENTURA        ,0,0
Rancho San Diego Elementary,6106025,Cajon Valley Union,SAN DIEGO      ,0,0
Rancho San Joaquin Middle,6071179,Irvine Unified,ORANGE         ,0,0
Rancho San Justo,6071088,Hollister,SAN BENITO     ,0,0
Rancho Santa Gertrudes Elementary,6020101,Los Nietos,LOS ANGELES    ,0,0
Rancho Santa Margarita Intermediate,6111561,Saddleback Valley Unified,ORANGE         ,0,0
Rancho Tehama Elementary,6112486,Corning Union Elementary,TEHAMA         ,0,0
Rancho Verde Elementary,6035257,Apple Valley Unified,SAN BERNARDINO ,0,0
Rancho Verde High,3330552,Val Verde Unified,RIVERSIDE      ,0,15
Rancho Viejo Middle,116962,Hemet Unified,RIVERSIDE      ,0,0
Rancho Vista Elementary,6021323,Palos Verdes Peninsula Unified,LOS ANGELES    ,0,0
Rancho Vista High,3330495,Temecula Valley Unified,RIVERSIDE      ,0,0
Rancho de la Nacion,6108559,National Elementary,SAN DIEGO      ,0,0
Rancho del Mar High (Continuation),1933308,Palos Verdes Peninsula Unified,LOS ANGELES    ,0,0
Rancho del Rey Middle,6114276,Sweetwater Union High,SAN DIEGO      ,0,0
Rancho-Starbuck Intermediate,6020218,Lowell Joint,LOS ANGELES    ,0,0
Ranchos Middle,2030211,Golden Valley Unified,MADERA         ,0,0
Randall Pepper Elementary,6035877,Fontana Unified,SAN BERNARDINO ,0,0
Rare Earth High (Continuation),1530039,Southern Kern Unified,KERN           ,0,0
Ravenswood Comprehensive Middle,136093,Ravenswood City Elementary,SAN MATEO      ,1,0
Ray Wiltsey Middle,6036289,Ontario-Montclair,SAN BERNARDINO ,0,0
Raymond A. Villa Fundamental Intermediate,6115588,Santa Ana Unified,ORANGE         ,0,0
Raymond Avenue Elementary,6018840,Los Angeles Unified,LOS ANGELES    ,0,0
Raymond Case Elementary,6118046,Elk Grove Unified,SACRAMENTO     ,0,0
Raymond Cree Middle,6059109,Palm Springs Unified,RIVERSIDE      ,0,0
Raymond Elementary,6028138,Fullerton Elementary,ORANGE         ,0,0
Raymond Granite High,2030070,Yosemite Unified,MADERA         ,0,0
Raymond J. Fisher Middle,6047567,Los Gatos Union Elementary,SANTA CLARA    ,0,0
Raymond Temple Elementary,6027734,Centralia Elementary,ORANGE         ,0,0
Raymond-Knowles Elementary,6024095,Raymond-Knowles Union Elementary,MADERA         ,0,0
Reach Academy,110239,Oakland Unified,ALAMEDA        ,0,0
Ready Springs Elementary,6027189,Penn Valley Union Elementary,NEVADA         ,0,0
Reagan Elementary,123661,Lindsay Unified,TULARE         ,0,0
Reche Canyon Elementary,6107452,Colton Joint Unified,SAN BERNARDINO ,0,0
Red Bank Elementary,6109243,Clovis Unified,FRESNO         ,0,0
Red Bluff High,5237201,Red Bluff Joint Union High,TEHAMA         ,0,6
Red Hawk Elementary,6110084,Temecula Valley Unified,RIVERSIDE      ,0,0
Red Hill Elementary,6030662,Tustin Unified,ORANGE         ,0,0
Red Oak Elementary,6111496,Oak Park Unified,VENTURA        ,0,0
Redding Collegiate Academy,135848,Enterprise Elementary,SHASTA         ,0,0
Redding Community Day,6117147,Redding Elementary,SHASTA         ,0,0
Redding Elementary,6041511,San Francisco Unified,SAN FRANCISCO  ,0,0
Redding STEM Academy,132944,Shasta County Office of Education,SHASTA         ,0,0
Redding School of the Arts,134122,Columbia Elementary,SHASTA         ,0,0
Redlands East Valley High,3630779,Redlands Unified,SAN BERNARDINO ,0,16
Redlands Senior High,3635042,Redlands Unified,SAN BERNARDINO ,0,16
Redlands eAcademy,127837,Redlands Unified,SAN BERNARDINO ,0,1
Redondo Beach Learning Academy,116285,Redondo Beach Unified,LOS ANGELES    ,0,0
Redondo Shores High (Continuation),1995752,Redondo Beach Unified,LOS ANGELES    ,0,0
Redondo Union High,1937143,Redondo Beach Unified,LOS ANGELES    ,1,21
Redway Elementary,6008213,Southern Humboldt Joint Unified,HUMBOLDT       ,0,0
Redwood Academy of Ukiah,2330413,Ukiah Unified,MENDOCINO      ,0,5
Redwood Coast Montessori,137653,Arcata Elementary,HUMBOLDT       ,0,0
Redwood Continuation High,135533,Castro Valley Unified,ALAMEDA        ,0,0
Redwood Elementary,6005441,Del Norte County Unified,DEL NORTE      ,0,0
Redwood Elementary,6035885,Fontana Unified,SAN BERNARDINO ,0,0
Redwood Heights Elementary,6002141,Oakland Unified,ALAMEDA        ,0,0
Redwood High,2132587,Tamalpais Union High,MARIN          ,0,18
Redwood High,4135687,Sequoia Union High,SAN MATEO      ,0,0
Redwood High,5434527,Visalia Unified,TULARE         ,0,2
Redwood Middle,6049092,Saratoga Union Elementary,SANTA CLARA    ,0,0
Redwood Middle,6055891,Conejo Valley Unified,VENTURA        ,0,0
Redwood Middle,6058788,Napa Valley Unified,NAPA           ,0,0
Redwood Preparatory Charter,124164,Fortuna Elementary,HUMBOLDT       ,0,0
Redwood Shores Elementary,121111,Belmont-Redwood Shores Elementary,SAN MATEO      ,0,0
Reed Elementary,6024657,Reed Union Elementary,MARIN          ,0,0
Reedley High,1035310,Kings Canyon Joint Unified,FRESNO         ,0,14
Reedley Middle College High,126292,Kings Canyon Joint Unified,FRESNO         ,0,0
Reeds Creek Elementary,6053664,Reeds Creek Elementary,TEHAMA         ,0,0
Reef Sunset Middle,6109888,Reef-Sunset Unified,KINGS          ,0,0
Reef-Sunset Secondary Community Day,1630185,Reef-Sunset Unified,KINGS          ,0,0
Refugio High,4230074,Santa Ynez Valley Union High,SANTA BARBARA  ,0,0
Regency Park Elementary,106450,Twin Rivers Unified,SACRAMENTO     ,0,0
Reginald M. Benton Middle,6021125,Norwalk-La Mirada Unified,LOS ANGELES    ,0,0
Reid High,1937176,Long Beach Unified,LOS ANGELES    ,0,0
Reidy Creek Elementary,107862,Escondido Union,SAN DIEGO      ,0,0
Renaissance,1330141,Brawley Union High,IMPERIAL       ,0,0
Renaissance Academy,107763,Alum Rock Union Elementary,SANTA CLARA    ,0,0
Renaissance Arts Academy,101683,Los Angeles Unified,LOS ANGELES    ,0,0
Renaissance County Community,1996214,Los Angeles County Office of Education,LOS ANGELES    ,0,0
Renaissance High,5636170,Santa Paula Unified,VENTURA        ,0,0
Renaissance High Continuation,4437794,Pajaro Valley Unified,SANTA CRUZ     ,0,0
Renaissance High School for the Arts,1996503,Long Beach Unified,LOS ANGELES    ,0,11
Renaissance at Mathson,126284,Alum Rock Union Elementary,SANTA CLARA    ,0,0
Repetto Elementary,6011100,Alhambra Unified,LOS ANGELES    ,0,0
Rescue Elementary,6005714,Rescue Union Elementary,EL DORADO      ,0,0
Reseda Charter High,1937226,Los Angeles Unified,LOS ANGELES    ,0,11
Reseda Elementary,6018857,Los Angeles Unified,LOS ANGELES    ,0,0
Resolute Academy Charter,131870,Los Angeles Unified,LOS ANGELES    ,0,0
Revere (Paul) Elementary,6027395,Anaheim Elementary,ORANGE         ,0,0
Revere (Paul) Elementary,6041487,San Francisco Unified,SAN FRANCISCO  ,0,0
Reyburn Intermediate,6116321,Clovis Unified,FRESNO         ,0,0
Reynolds Elementary,6106546,Oceanside Unified,SAN DIEGO      ,0,0
Rhoda Maxwell Elementary,6066252,Woodland Joint Unified,YOLO           ,0,0
Rialto High,3630597,Rialto Unified,SAN BERNARDINO ,0,17
Rialto Middle,6059455,Rialto Unified,SAN BERNARDINO ,0,0
Ricardo Lizarraga Elementary,109330,Los Angeles Unified,LOS ANGELES    ,0,0
Rice (Eldridge) Elementary,6013528,Garvey Elementary,LOS ANGELES    ,0,0
Rice (Lilian J.) Elementary,6037931,Chula Vista Elementary,SAN DIEGO      ,0,0
Rice (William) Elementary,6046056,Santa Maria-Bonita,SANTA BARBARA  ,0,0
Rice Canyon Elementary,6118442,Lake Elsinore Unified,RIVERSIDE      ,0,0
Richard A. Alonzo Community Day,102764,Los Angeles Unified,LOS ANGELES    ,0,0
Richard Bard Elementary,6055107,Hueneme Elementary,VENTURA        ,0,0
Richard Crane Elementary,135053,Cotati-Rohnert Park Unified,SONOMA         ,0,0
Richard D. Browning High,135525,Long Beach Unified,LOS ANGELES    ,0,2
Richard E. Byrd Middle,6057905,Los Angeles Unified,LOS ANGELES    ,0,0
Richard H. Lewis Alternative,1730118,Konocti Unified,LAKE           ,0,0
Richard Haynes Elementary,6036198,Ontario-Montclair,SAN BERNARDINO ,0,0
Richard Henry Dana Elementary,6027635,Capistrano Unified,ORANGE         ,0,0
Richard Henry Dana Exceptional Needs,6117881,Capistrano Unified,ORANGE         ,0,0
Richard Henry Dana Middle,6023832,Wiseburn Unified,LOS ANGELES    ,0,0
Richard Henry Dana Middle,6057475,Arcadia Unified,LOS ANGELES    ,0,0
Richard Henry Dana Middle,6057954,Los Angeles Unified,LOS ANGELES    ,0,0
Richard Henry Lee Elementary,6029078,Los Alamitos Unified,ORANGE         ,0,0
Richard L. Graves Middle,6022859,South Whittier Elementary,LOS ANGELES    ,0,0
Richard M. Moon Primary,118513,Waterford Unified,STANISLAUS     ,0,0
Richard R. Oliphant Elementary,136770,Desert Sands Unified,RIVERSIDE      ,0,0
Richard Riordan Primary Center,101618,Los Angeles Unified,LOS ANGELES    ,0,0
Richardson Prep Hi,6059513,San Bernardino City Unified,SAN BERNARDINO ,0,0
Richfield Elementary,6053672,Richfield Elementary,TEHAMA         ,0,0
Richgrove Elementary,6114672,Richgrove Elementary,TULARE         ,0,0
Richland Avenue Elementary,6018873,Los Angeles Unified,LOS ANGELES    ,0,0
Richland Continuation High,3035748,Orange Unified,ORANGE         ,0,1
Richland Junior High,6010003,Richland Union Elementary,KERN           ,0,0
Richman Elementary,6028146,Fullerton Elementary,ORANGE         ,0,0
Richmond Charter Academy,126805,West Contra Costa Unified,CONTRA COSTA   ,0,0
Richmond Charter Elementary-Benito Juarez,129643,West Contra Costa Unified,CONTRA COSTA   ,0,0
Richmond College Preparatory,110973,West Contra Costa Unified,CONTRA COSTA   ,0,0
Richmond Elementary,6009328,Sierra Sands Unified,KERN           ,0,0
Richmond Elementary,6010797,Richmond Elementary,LASSEN         ,0,0
Richmond High,735902,West Contra Costa Unified,CONTRA COSTA   ,0,10
Richmond Street Elementary,6116248,El Segundo Unified,LOS ANGELES    ,0,0
Richvale Elementary,6002950,Biggs Unified,BUTTE          ,0,0
Ridge Crest Elementary,6109508,Moreno Valley Unified,RIVERSIDE      ,0,0
Ridgecrest Charter,1530500,SBE - Ridgecrest Charter,KERN           ,0,0
Ridgecrest Intermediate,6117584,Palos Verdes Peninsula Unified,LOS ANGELES    ,0,0
Ridgemoor Elementary,6113864,Menifee Union Elementary,RIVERSIDE      ,0,0
Ridgepoint Elementary,6105985,Twin Rivers Unified,SACRAMENTO     ,0,0
Ridgeview Elementary,6108880,Yucaipa-Calimesa Joint Unified,SAN BERNARDINO ,0,0
Ridgeview Elementary,6111702,Eureka Union,PLACER         ,0,0
Ridgeview High,1530385,Kern High,KERN           ,0,5
Ridgeview High (Continuation),432856,Paradise Unified,BUTTE          ,0,0
Ridgeview Middle,133819,Visalia Unified,TULARE         ,0,0
Ridgewood Elementary,6007744,Cutten Elementary,HUMBOLDT       ,0,0
Ridgway High (Continuation),4935607,Santa Rosa High,SONOMA         ,0,0
Riley Elementary,6037097,San Bernardino City Unified,SAN BERNARDINO ,0,0
Riley/New Dawn,6040083,San Diego Unified,SAN DIEGO      ,0,0
Rim of the World Senior High,3635265,Rim of the World Unified,SAN BERNARDINO ,0,13
Rincon High (Continuation),4230595,Carpinteria Unified,SANTA BARBARA  ,0,0
Rincon Middle,6105944,Escondido Union,SAN DIEGO      ,0,0
Rincon Valley Charter,102525,Rincon Valley Union Elementary,SONOMA         ,0,0
Rincon Valley Middle,6060271,Santa Rosa High,SONOMA         ,0,0
Rincon Valley Partnership,120980,Rincon Valley Union Elementary,SONOMA         ,0,0
Rio Americano High,3436714,San Juan Unified,SACRAMENTO     ,0,16
Rio Bravo Elementary,6117816,Rio Bravo-Greeley Union Elementary,KERN           ,0,0
Rio Bravo-Greeley Elementary,6010011,Rio Bravo-Greeley Union Elementary,KERN           ,0,0
Rio Calaveras Elementary,6115422,Stockton Unified,SAN JOAQUIN    ,0,0
Rio Cazadero High (Continuation),3430329,Elk Grove Unified,SACRAMENTO     ,0,0
Rio Del Mar,112631,Rio Elementary,VENTURA        ,0,0
Rio Del Oro Elementary,107375,Plumas Lake Elementary,YUBA           ,0,0
Rio Del Rey High (Continuation),1030352,Golden Plains Unified,FRESNO         ,0,0
Rio Hondo Elementary,6012868,Downey Unified,LOS ANGELES    ,0,0
Rio Hondo Elementary,6013254,El Monte City,LOS ANGELES    ,0,0
Rio Linda High,3436979,Twin Rivers Unified,SACRAMENTO     ,0,15
Rio Linda Preparatory Academy,6059257,Twin Rivers Unified,SACRAMENTO     ,0,0
Rio Lindo Elementary,6055503,Rio Elementary,VENTURA        ,0,0
Rio Mesa High,5634761,Oxnard Union High,VENTURA        ,10,7
Rio Norte Junior High,101022,William S. Hart Union High,LOS ANGELES    ,0,0
Rio Plaza Elementary,6055511,Rio Elementary,VENTURA        ,0,0
Rio Real Elementary,6055529,Rio Elementary,VENTURA        ,0,0
Rio Rosales,6118061,Rio Elementary,VENTURA        ,0,0
Rio San Gabriel Elementary,6012876,Downey Unified,LOS ANGELES    ,0,0
Rio Seco Elementary,6085153,Santee,SAN DIEGO      ,0,0
Rio Tierra Junior High,6059265,Twin Rivers Unified,SACRAMENTO     ,0,0
Rio Valley Charter,122580,Lodi Unified,SAN JOAQUIN    ,0,0
Rio Vista Elementary,6096226,Mt. Diablo Unified,CONTRA COSTA   ,0,0
Rio Vista High,4835302,River Delta Joint Unified,SACRAMENTO     ,0,3
Rio Vista Middle,113977,Rio Elementary,VENTURA        ,0,0
Rio Vista Middle,6120539,Central Unified,FRESNO         ,0,0
Rio Vista School of Applied Learning,6110605,Apple Valley Unified,SAN BERNARDINO ,0,0
Rio del Mar Elementary,6049779,Pajaro Valley Unified,SANTA CRUZ     ,0,0
Rio del Norte,6119242,Rio Elementary,VENTURA        ,0,0
Rio del Sol,137018,Rio Elementary,VENTURA        ,0,0
Rio del Valle Middle,6055495,Rio Elementary,VENTURA        ,0,0
Rios Elementary,6037733,Cajon Valley Union,SAN DIEGO      ,0,0
Ripon Elementary,6042477,Ripon Unified,SAN JOAQUIN    ,0,0
Ripon High,3935756,Ripon Unified,SAN JOAQUIN    ,0,11
Ripona Elementary,6042485,Ripon Unified,SAN JOAQUIN    ,0,0
Ripperdan Community Day,131086,Madera Unified,MADERA         ,0,0
Rise Community,110262,Oakland Unified,ALAMEDA        ,0,0
Rise Kohyang High,133868,Los Angeles Unified,LOS ANGELES    ,0,9
Rise Kohyang Middle,124222,Los Angeles Unified,LOS ANGELES    ,0,0
Rising Sun,131037,Patterson Joint Unified,STANISLAUS     ,0,0
Rising Sun Montessori,129965,Buckeye Union Elementary,EL DORADO      ,0,0
Rite of Passage,930131,El Dorado County Office of Education,EL DORADO      ,0,0
Ritter Elementary,6018915,Los Angeles Unified,LOS ANGELES    ,0,0
River Bluff Elementary,6120521,Central Unified,FRESNO         ,0,0
River Charter,6113302,Napa Valley Unified,NAPA           ,0,0
River Charter Schools Lighthouse Charter,131706,Washington Unified,YOLO           ,0,0
River City High,5735154,Washington Unified,YOLO           ,0,7
River Delta Community Day,107383,River Delta Joint Unified,SACRAMENTO     ,0,0
River Delta High/Elementary (Alternative),3430469,River Delta Joint Unified,SACRAMENTO     ,0,0
River Glen,6048672,San Jose Unified,SANTA CLARA    ,0,0
River Heights Intermediate,110635,Corona-Norco Unified,RIVERSIDE      ,0,0
River Islands Technology Academy II,127134,San Joaquin County Office of Education,SAN JOAQUIN    ,0,0
River Montessori Elementary Charter,119750,Old Adobe Union,SONOMA         ,0,0
River Oak Charter,115055,Ukiah Unified,MENDOCINO      ,0,0
River Oaks Academy,122713,Ventura County Office of Education,VENTURA        ,0,1
River Oaks Elementary,6110654,Galt Joint Union Elementary,SACRAMENTO     ,0,0
River Springs Charter,110833,Riverside County Office of Education,RIVERSIDE      ,0,0
River Valley Charter,3731072,Lakeside Union Elementary,SAN DIEGO      ,0,2
River Valley High,107722,Yuba City Unified,SUTTER         ,0,9
Rivera Elementary,6013387,El Rancho Unified,LOS ANGELES    ,0,0
Rivera Middle,6061295,El Rancho Unified,LOS ANGELES    ,0,0
Riverbank Elementary,116996,Washington Unified,YOLO           ,0,0
Riverbank High,5036850,Riverbank Unified,STANISLAUS     ,0,7
Riverbank Language Academy,113852,Riverbank Unified,STANISLAUS     ,0,0
Riverbend Elementary,113134,Yuba City Unified,SUTTER         ,0,0
Rivercrest Preparatory,127720,Jurupa Unified,RIVERSIDE      ,0,0
Riverdale Elementary,6007082,Riverdale Joint Unified,FRESNO         ,0,0
Riverdale High,1035575,Riverdale Joint Unified,FRESNO         ,0,8
Rivergold Elementary,6110019,Yosemite Unified,MADERA         ,0,0
Riverside County Community,3331055,Riverside County Office of Education,RIVERSIDE      ,0,0
Riverside County Education Academy,125237,Riverside County Office of Education,RIVERSIDE      ,0,0
Riverside County Education Academy - Indio,134320,Riverside County Office of Education,RIVERSIDE      ,0,0
Riverside County Juvenile Court,3330123,Riverside County Office of Education,RIVERSIDE      ,0,0
Riverside County Special Education,6069207,Riverside County Office of Education,RIVERSIDE      ,0,0
Riverside Drive Charter,6018923,Los Angeles Unified,LOS ANGELES    ,0,0
Riverside Elementary,6004931,West Contra Costa Unified,CONTRA COSTA   ,0,0
Riverside Meadows Intermediate,112623,Plumas Lake Elementary,YUBA           ,0,0
Riverside Preparatory,113928,Oro Grande,SAN BERNARDINO ,0,2
Riverside STEM Academy,131359,Riverside Unified,RIVERSIDE      ,0,11
Riverside Virtual,115709,Riverside Unified,RIVERSIDE      ,0,12
Riverview Elementary,6006837,Kings Canyon Joint Unified,FRESNO         ,0,0
Riverview Elementary,6031868,Corona-Norco Unified,RIVERSIDE      ,0,0
Riverview Middle,6004261,Mt. Diablo Unified,CONTRA COSTA   ,0,0
Riverview Middle,6033690,River Delta Joint Unified,SACRAMENTO     ,0,0
Riverview Middle,6107072,Helendale Elementary,SAN BERNARDINO ,0,0
Riverview STEM Elementary,129676,Folsom-Cordova Unified,SACRAMENTO     ,0,0
Riverway Elementary,6054589,Visalia Unified,TULARE         ,0,0
Riviera Elementary,6023220,Torrance Unified,LOS ANGELES    ,0,0
Road to Success Academy at Campus Kilpatrick,121954,Los Angeles County Office of Education,LOS ANGELES    ,0,0
Robbins Elementary,6053433,Winship-Robbins,SUTTER         ,0,0
Robert A. Millikan Affiliated Charter & Performing,6058150,Los Angeles Unified,LOS ANGELES    ,0,0
Robert C. Cooley Middle,6117790,Roseville City Elementary,PLACER         ,0,0
Robert C. Fisler Elementary,102582,Fullerton Elementary,ORANGE         ,0,0
Robert Down Elementary,6026496,Pacific Grove Unified,MONTEREY       ,0,0
Robert E. Peary Middle,6061576,Los Angeles Unified,LOS ANGELES    ,0,0
Robert E. Willett Elementary,6056303,Davis Joint Unified,YOLO           ,0,0
Robert Elliott Alternative Education Center,5034913,Modesto City High,STANISLAUS     ,0,0
Robert F. Kennedy Elementary,6067201,Franklin-McKinley Elementary,SANTA CLARA    ,0,0
Robert F. Kennedy High,116384,Delano Joint Union High,KERN           ,0,10
Robert Frost Middle,6058275,Los Angeles Unified,LOS ANGELES    ,0,0
Robert Fulton College Preparatory,6058002,Los Angeles Unified,LOS ANGELES    ,0,11
Robert H. Lewis Continuation,1931435,Los Angeles Unified,LOS ANGELES    ,0,0
Robert Heideman Elementary,6066898,Tustin Unified,ORANGE         ,0,0
Robert Hill Lane Elementary,6018931,Los Angeles Unified,LOS ANGELES    ,0,0
Robert J. Fite Elementary,6120026,Elk Grove Unified,SACRAMENTO     ,0,0
Robert J. McGarvey Elementary,135392,Elk Grove Unified,SACRAMENTO     ,0,0
Robert L. McCaffrey Middle,100040,Galt Joint Union Elementary,SACRAMENTO     ,0,0
Robert L. Stevens Elementary,6111868,Wright Elementary,SONOMA         ,0,0
Robert Louis Stevenson College and Career Preparat,6058317,Los Angeles Unified,LOS ANGELES    ,0,0
Robert Louis Stevenson Intermediate,6027031,Saint Helena Unified,NAPA           ,0,0
Robert M. Pyles STEM Academy,6029185,Magnolia Elementary,ORANGE         ,0,0
Robert O. Townsend Junior High,6105712,Chino Valley Unified,SAN BERNARDINO ,0,0
Robert P. Ulrich Elementary,6009823,Mojave Unified,KERN           ,0,0
Robert Randall Elementary,6047674,Milpitas Unified,SANTA CLARA    ,0,0
Robert Sanders Elementary,6048078,Mount Pleasant Elementary,SANTA CLARA    ,0,0
Robert Semple Elementary,6051015,Benicia Unified,SOLANO         ,0,0
Roberts Ferry Charter School Academy,121525,Roberts Ferry Union Elementary,STANISLAUS     ,0,0
Roberts Ferry Union Elementary,6053011,Roberts Ferry Union Elementary,STANISLAUS     ,0,0
Robertson High (Continuation),130138,Fremont Unified,ALAMEDA        ,0,0
Robertson Road Elementary,6052799,Modesto City Elementary,STANISLAUS     ,0,0
Robinson Academy,6112056,Long Beach Unified,LOS ANGELES    ,0,0
Robinson Elementary,6006456,Fresno Unified,FRESNO         ,0,0
Robinson Elementary,6112452,Saddleback Valley Unified,ORANGE         ,0,0
Robla Elementary,6033740,Robla Elementary,SACRAMENTO     ,0,0
Robla Preschool,6069744,Robla Elementary,SACRAMENTO     ,0,0
Roche Elementary,6054274,Porterville Unified,TULARE         ,0,0
Rock Creek Elementary,6031058,Auburn Union Elementary,PLACER         ,0,0
Rock Creek Elementary,6119853,Rocklin Unified,PLACER         ,0,0
Rock Springs Elementary,6111769,Escondido Union,SAN DIEGO      ,0,0
Rockdale Visual & Performing Arts Magnet,6018949,Los Angeles Unified,LOS ANGELES    ,0,0
Rocketship Academy Brilliant Minds,125781,Santa Clara County Office of Education,SANTA CLARA    ,0,0
Rocketship Alma Academy,125799,Santa Clara County Office of Education,SANTA CLARA    ,0,0
Rocketship Delta Prep,137430,Antioch Unified,CONTRA COSTA   ,0,0
Rocketship Discovery Prep,123281,Santa Clara County Office of Education,SANTA CLARA    ,0,0
Rocketship Fuerza Community Prep,131110,Santa Clara County Office of Education,SANTA CLARA    ,0,0
Rocketship Futuro Academy,134072,SBE - Rocketship Futuro Academy,CONTRA COSTA   ,0,0
Rocketship Los Suenos Academy,120642,Santa Clara County Office of Education,SANTA CLARA    ,0,0
Rocketship Mateo Sheedy Elementary,113704,Santa Clara County Office of Education,SANTA CLARA    ,0,0
Rocketship Mosaic Elementary,123299,Franklin-McKinley Elementary,SANTA CLARA    ,0,0
Rocketship Redwood City,132076,Redwood City Elementary,SAN MATEO      ,0,0
Rocketship Rising Stars,133496,Santa Clara County Office of Education,SANTA CLARA    ,0,0
Rocketship Si Se Puede Academy,119024,Santa Clara County Office of Education,SANTA CLARA    ,0,0
Rocketship Spark Academy,128108,Franklin-McKinley Elementary,SANTA CLARA    ,0,0
"Rockey, Glenn Camp",121939,Los Angeles County Office of Education,LOS ANGELES    ,0,0
Rockford Elementary,6054324,Rockford Elementary,TULARE         ,0,0
Rocklin Academy,6118392,Rocklin Unified,PLACER         ,0,0
Rocklin Academy Gateway,127928,Newcastle Elementary,PLACER         ,0,0
Rocklin Academy at Meyers Street,114371,Rocklin Unified,PLACER         ,0,0
Rocklin Elementary,6031215,Rocklin Unified,PLACER         ,0,0
Rocklin High,3130150,Rocklin Unified,PLACER         ,0,20
Rocklin Independent Charter Academy,128561,Rocklin Unified,PLACER         ,0,0
Rockwood Elementary,6008379,Calexico Unified,IMPERIAL       ,0,0
Rocky Hill Elementary,6054050,Exeter Unified,TULARE         ,0,0
Rocky Point Charter,113407,Gateway Unified,SHASTA         ,0,0
Rod Kelley Elementary,6106991,Gilroy Unified,SANTA CLARA    ,0,0
Rodeo Hills Elementary,6003701,John Swett Unified,CONTRA COSTA   ,0,0
Rodriguez Elementary,114033,San Diego Unified,SAN DIEGO      ,0,0
Roeding Elementary,6006464,Fresno Unified,FRESNO         ,0,0
Roger Anton Elementary,109496,San Bernardino City Unified,SAN BERNARDINO ,0,0
Roger S. Oraze Elementary,123869,Clovis Unified,FRESNO         ,0,0
Rogers (Greg) Elementary,6037857,Chula Vista Elementary,SAN DIEGO      ,0,0
Rogers Middle,6057830,Long Beach Unified,LOS ANGELES    ,0,0
Rohr (Fred H.) Elementary,6037840,Chula Vista Elementary,SAN DIEGO      ,0,0
Rolando Elementary,6038574,La Mesa-Spring Valley,SAN DIEGO      ,0,0
Rolando Park Elementary,6040091,San Diego Unified,SAN DIEGO      ,0,0
Rolling Hills Elementary,113084,Fairfield-Suisun Unified,SOLANO         ,0,0
Rolling Hills Elementary,6028153,Fullerton Elementary,ORANGE         ,0,0
Rolling Hills Elementary,6097208,Poway Unified,SAN DIEGO      ,0,0
Rolling Hills Middle,6046668,Campbell Union,SANTA CLARA    ,0,0
Rolling Hills Middle,6049787,Pajaro Valley Unified,SANTA CRUZ     ,0,0
Rolling Hills Middle,6112361,Buckeye Union Elementary,EL DORADO      ,0,0
Rolling Ridge Elementary,6108195,Chino Valley Unified,SAN BERNARDINO ,0,0
Rollingwood Elementary,6044705,San Bruno Park Elementary,SAN MATEO      ,0,0
Romero Elementary,6025746,Gustine Unified,MERCED         ,0,0
Romoland Elementary,6032791,Romoland Elementary,RIVERSIDE      ,0,0
Ron Hockwalt Academies (Continuation),1937747,Walnut Valley Unified,LOS ANGELES    ,0,0
Ron Nunn Elementary,6109730,Brentwood Union Elementary,CONTRA COSTA   ,0,0
Ronald E. McNair Elementary,6012264,Compton Unified,LOS ANGELES    ,0,0
Ronald E. McNair High,108225,Lodi Unified,SAN JOAQUIN    ,0,5
Ronald Reagan Academy,102186,Dinuba Unified,TULARE         ,0,0
Ronald Reagan Elementary,110791,Desert Sands Unified,RIVERSIDE      ,0,0
Ronald Reagan Elementary,131607,Corona-Norco Unified,RIVERSIDE      ,0,0
Ronald Reagan Elementary,6115257,Panama-Buena Vista Union,KERN           ,0,0
Ronald W. Reagan Elementary,113043,Sanger Unified,FRESNO         ,0,0
Rooftop Elementary,6089775,San Francisco Unified,SAN FRANCISCO  ,0,0
Roosevelt (Theodore) Elementary,6027411,Anaheim Elementary,ORANGE         ,0,0
Roosevelt Elementary,6002448,San Leandro Unified,ALAMEDA        ,0,0
Roosevelt Elementary,6006951,Central Unified,FRESNO         ,0,0
Roosevelt Elementary,6009146,Bakersfield City,KERN           ,0,0
Roosevelt Elementary,6021943,Pomona Unified,LOS ANGELES    ,0,0
Roosevelt Elementary,6044572,Redwood City Elementary,SAN MATEO      ,0,0
Roosevelt High,1035831,Fresno Unified,FRESNO         ,0,13
Roosevelt International Middle,6059703,San Diego Unified,SAN DIEGO      ,0,0
Roosevelt Junior High,6052807,Modesto City Elementary,STANISLAUS     ,0,0
Roosevelt Middle,6057087,Oakland Unified,ALAMEDA        ,0,0
Roosevelt Middle,6059901,San Francisco Unified,SAN FRANCISCO  ,0,0
Roosevelt Middle,6061261,Compton Unified,LOS ANGELES    ,0,0
Roosevelt Middle,6107577,Vista Unified,SAN DIEGO      ,0,0
Rorimer Elementary,6022347,Rowland Unified,LOS ANGELES    ,0,0
Rosa Parks Elementary,113654,Corona-Norco Unified,RIVERSIDE      ,0,0
Rosa Parks Elementary,6059299,Sacramento City Unified,SACRAMENTO     ,0,0
Rosa Parks Elementary,6116685,Lynwood Unified,LOS ANGELES    ,0,0
Rosa Parks Environmental Science,6090187,Berkeley Unified,ALAMEDA        ,0,0
Rosa Parks Learning Center,109371,Los Angeles Unified,LOS ANGELES    ,0,0
Rosamond Elementary,6010045,Southern Kern Unified,KERN           ,0,0
Rosamond High Early College Campus,1534957,Southern Kern Unified,KERN           ,0,0
Roscoe Elementary,6018956,Los Angeles Unified,LOS ANGELES    ,0,0
Roscomare Road Elementary,6018964,Los Angeles Unified,LOS ANGELES    ,0,0
Rose Avenue Elementary,6052815,Modesto City Elementary,STANISLAUS     ,0,0
Rose City High (Continuation),1936806,Pasadena Unified,LOS ANGELES    ,0,0
Rose Drive Elementary,6030951,Placentia-Yorba Linda Unified,ORANGE         ,0,0
Rose Elementary,6038251,Escondido Union,SAN DIEGO      ,0,0
Rose Ferrero Elementary,6118756,Soledad Unified,MONTEREY       ,0,0
Rosebank Elementary,6037998,Chula Vista Elementary,SAN DIEGO      ,0,0
Rosecrans Elementary,6012397,Compton Unified,LOS ANGELES    ,0,0
Rosedale Elementary,6003081,Chico Unified,BUTTE          ,0,0
Rosedale Middle,6010029,Rosedale Union Elementary,KERN           ,0,0
Rosedale-North Elementary,6096127,Rosedale Union Elementary,KERN           ,0,0
Rosedell Elementary,6022693,Saugus Union,LOS ANGELES    ,0,0
Roseland Charter,101923,Roseland,SONOMA         ,0,5
Roseland Creek Elementary,125336,Roseland,SONOMA         ,0,0
Roseland Elementary,6052088,Roseland,SONOMA         ,0,0
Roselawn High,5036884,Turlock Unified,STANISLAUS     ,0,0
Rosemary,6046676,Campbell Union,SANTA CLARA    ,0,0
Rosemary Kennedy Elementary,6116339,Alvord Unified,RIVERSIDE      ,0,0
Rosemead High,1937481,El Monte Union High,LOS ANGELES    ,0,17
Rosemont Avenue Elementary,6018972,Los Angeles Unified,LOS ANGELES    ,0,0
Rosemont High,101972,Sacramento City Unified,SACRAMENTO     ,0,8
Rosemont Middle,6061303,Glendale Unified,LOS ANGELES    ,0,0
Roses in Concrete,131896,Oakland Unified,ALAMEDA        ,0,0
Roseville High,3136504,Roseville Joint Union High,PLACER         ,0,11
Rosewood Avenue Elementary,6018980,Los Angeles Unified,LOS ANGELES    ,0,0
Rosewood Park,6020648,Montebello Unified,LOS ANGELES    ,0,0
Rosita Elementary,6028732,Garden Grove Unified,ORANGE         ,0,0
Ross (Betsy) Elementary,6027270,Anaheim Elementary,ORANGE         ,0,0
Ross (Faye) Middle,6057442,ABC Unified,LOS ANGELES    ,0,0
Ross Elementary,6024673,Ross Elementary,MARIN          ,0,0
Ross Elementary,6040109,San Diego Unified,SAN DIEGO      ,0,0
Ross Valley Charter,135350,SBE - Ross Valley Elementary,MARIN          ,0,0
Rossmoor Elementary,6029086,Los Alamitos Unified,ORANGE         ,0,0
Rother Elementary,6050256,Enterprise Elementary,SHASTA         ,0,0
Round Meadow Elementary,6014807,Las Virgenes Unified,LOS ANGELES    ,0,0
Round Valley Continuation,2330033,Round Valley Unified,MENDOCINO      ,0,0
Round Valley Elementary,6008809,Round Valley Joint Elementary,INYO           ,0,0
Round Valley Elementary,6025175,Round Valley Unified,MENDOCINO      ,0,0
Round Valley High,2334563,Round Valley Unified,MENDOCINO      ,0,1
Rowan Avenue Elementary,6018998,Los Angeles Unified,LOS ANGELES    ,0,0
Rowan Elementary,6040117,San Diego Unified,SAN DIEGO      ,0,0
Rowell Elementary,6006472,Fresno Unified,FRESNO         ,0,0
Rowland Assistive Technology Academy,111070,Rowland Unified,LOS ANGELES    ,0,0
Rowland Avenue Elementary,6012587,Covina-Valley Unified,LOS ANGELES    ,0,0
Rowland Elementary,6022354,Rowland Unified,LOS ANGELES    ,0,0
Roy A. Johnson High,130047,Castro Valley Unified,ALAMEDA        ,0,0
Roy Cloud Elementary,6044432,Redwood City Elementary,SAN MATEO      ,0,0
Roy Herburger Elementary,105932,Elk Grove Unified,SACRAMENTO     ,0,0
Roy O. Andersen Elementary,6089460,Newport-Mesa Unified,ORANGE         ,0,0
Roy Romer Middle,117044,Los Angeles Unified,LOS ANGELES    ,0,0
Roy W. Loudon Elementary,6108187,Panama-Buena Vista Union,KERN           ,0,0
Royal High,5635008,Simi Valley Unified,VENTURA        ,12,18
Royal Oak Middle,6012116,Charter Oak Unified,LOS ANGELES    ,0,0
Royal Oaks Elementary,6054670,Visalia Unified,TULARE         ,0,0
Royal Oaks STEAM Academy (K-8),6012942,Duarte Unified,LOS ANGELES    ,0,0
Royal Sunset (Continuation),137745,San Lorenzo Unified,ALAMEDA        ,0,0
Ruben S. Ayala High,3630522,Chino Valley Unified,SAN BERNARDINO ,0,22
Ruben Salazar Continuation,1932698,El Rancho Unified,LOS ANGELES    ,0,0
Rubidoux High,3337136,Jurupa Unified,RIVERSIDE      ,0,11
Ruby Bridges Elementary,111765,Alameda Unified,ALAMEDA        ,0,0
Ruby Drive Elementary,6030084,Placentia-Yorba Linda Unified,ORANGE         ,0,0
Rucker Elementary,6047336,Gilroy Unified,SANTA CLARA    ,0,0
Rudecinda Sepulveda Dodson Middle,6061436,Los Angeles Unified,LOS ANGELES    ,0,0
Rudolph Rivera Elementary,131664,Merced City Elementary,MERCED         ,0,0
Rudolph Rivera Middle,6025696,Merced City Elementary,MERCED         ,0,0
Rudsdale Continuation,130146,Oakland Unified,ALAMEDA        ,0,0
Ruhkala Elementary,108050,Rocklin Unified,PLACER         ,0,0
Running Springs Elementary,6116586,Orange Unified,ORANGE         ,0,0
Ruskin Elementary,6067177,Berryessa Union Elementary,SANTA CLARA    ,0,0
Russell Elementary,6019004,Los Angeles Unified,LOS ANGELES    ,0,0
Russell Ranch Elementary,113621,Folsom-Cordova Unified,SACRAMENTO     ,0,0
Russo/McEntee Academy,114900,Alum Rock Union Elementary,SANTA CLARA    ,0,0
Rustic Lane Elementary,6032213,Jurupa Unified,RIVERSIDE      ,0,0
Ruth Brown Elementary,6032494,Palo Verde Unified,RIVERSIDE      ,0,0
Ruth Grimes Elementary,6035687,Colton Joint Unified,SAN BERNARDINO ,0,0
Ruth Musser Middle,6110704,Central Elementary,SAN BERNARDINO ,0,0
Ruth O. Harris Middle,6111108,Colton Joint Unified,SAN BERNARDINO ,0,0
Rutherford B. Gaston Sr. Middle,129338,Fresno Unified,FRESNO         ,0,0
Ruus Elementary,6001127,Hayward Unified,ALAMEDA        ,0,0
S Ben Benavidez Elementary,107409,Parlier Unified,FRESNO         ,0,0
S. A. Moffett Elementary,6095111,Huntington Beach City Elementary,ORANGE         ,0,0
S. Christa McAuliffe Elementary,6106074,Alvord Unified,RIVERSIDE      ,0,0
S. William Abel Community,630111,Colusa County Office of Education,COLUSA         ,0,0
S.F. County Civic Center Secondary,3830445,San Francisco County Office of Education,SAN FRANCISCO  ,0,0
S.F. County Court Woodside Learning Ctr,3830361,San Francisco County Office of Education,SAN FRANCISCO  ,0,0
S.F. County Opportunity (Hilltop),3830395,San Francisco County Office of Education,SAN FRANCISCO  ,0,0
S.F. County Special Education,6069561,San Francisco County Office of Education,SAN FRANCISCO  ,0,0
S.F. International High,119875,San Francisco Unified,SAN FRANCISCO  ,0,0
SAVA - Sacramento Academic and Vocational Academy,114272,Twin Rivers Unified,SACRAMENTO     ,0,1
SAVA - Sacramento Academic and Vocational Academy ,137281,Elk Grove Unified,SACRAMENTO     ,0,1
SAVA - Sacramento Academic and Vocational Academy ,137406,Sacramento City Unified,SACRAMENTO     ,0,0
SCALE Leadership Academy,129411,Acton-Agua Dulce Unified,LOS ANGELES    ,0,0
SD Global Vision Academy,121681,San Diego Unified,SAN DIEGO      ,0,0
SIATech,106120,Vista Unified,SAN DIEGO      ,0,0
SIATech Academy South,131383,Acton-Agua Dulce Unified,LOS ANGELES    ,0,0
SLVUSD Charter,4430179,San Lorenzo Valley Unified,SANTA CRUZ     ,0,0
SOAR Charter Academy,117192,San Bernardino City Unified,SAN BERNARDINO ,0,0
SOAR High (Students On Academic Rise),111872,Antelope Valley Union High,LOS ANGELES    ,0,0
STAR at Anderson Community Day,6114763,San Bernardino City Unified,SAN BERNARDINO ,0,0
STEAM Academy @ Burke,6057681,El Rancho Unified,LOS ANGELES    ,0,0
STEM Academy at Bernstein High,125989,Los Angeles Unified,LOS ANGELES    ,0,8
STEM Preparatory Elementary,136986,Los Angeles Unified,LOS ANGELES    ,0,0
STREAM Charter,129577,Oroville City Elementary,BUTTE          ,0,0
SVUSD Virtual Academy (Alternative),3030509,Saddleback Valley Unified,ORANGE         ,0,0
Sacramento Charter High,102038,Sacramento City Unified,SACRAMENTO     ,0,0
Sacramento County ED Special Education,106302,Sacramento County Office of Education,SACRAMENTO     ,0,0
Sacramento County SH Special Education,106294,Sacramento County Office of Education,SACRAMENTO     ,0,0
Sacramento Valley Charter,124875,Washington Unified,YOLO           ,0,0
Saddleback High,3035821,Santa Ana Unified,ORANGE         ,9,14
Sage Canyon,6117923,Del Mar Union Elementary,SAN DIEGO      ,0,0
Sage Creek High,127423,Carlsbad Unified,SAN DIEGO      ,0,12
Saint Helena Elementary,6027049,Saint Helena Unified,NAPA           ,0,0
Saint Helena High,2837102,Saint Helena Unified,NAPA           ,0,11
Saint Helena Primary,6117964,Saint Helena Unified,NAPA           ,0,0
Sakamoto Elementary,6072144,Oak Grove Elementary,SANTA CLARA    ,0,0
Sal Castro Middle,119701,Los Angeles Unified,LOS ANGELES    ,0,0
Salida Elementary,6053037,Salida Union Elementary,STANISLAUS     ,0,0
Salida Middle School - Vella Campus,6120844,Salida Union Elementary,STANISLAUS     ,0,0
Salinas Community,2730265,Monterey County Office of Education,MONTEREY       ,0,0
Salinas High,2734556,Salinas Union High,MONTEREY       ,0,11
Salisbury High (Continuation),5237151,Red Bluff Joint Union High,TEHAMA         ,0,0
Sally Ride Elementary: A SMArT Academy,126375,Los Angeles Unified,LOS ANGELES    ,0,0
Salmon Creek School - A Charter,6110639,Harmony Union Elementary,SONOMA         ,0,0
Salt Creek Elementary,105965,Chula Vista Elementary,SAN DIEGO      ,0,0
Sam Brannan Middle,6059356,Sacramento City Unified,SACRAMENTO     ,0,0
Sam H. Lawson Middle,108126,Cupertino Union,SANTA CLARA    ,0,0
Sam V. Curtis Elementary,6114938,Rialto Unified,SAN BERNARDINO ,0,0
Sam Webb Continuation,1337138,Holtville Unified,IMPERIAL       ,0,0
Samuel Gompers Middle,6058028,Los Angeles Unified,LOS ANGELES    ,0,0
Samuel Jackman Middle,6109821,Elk Grove Unified,SACRAMENTO     ,0,0
Samuel Kennedy Elementary,6033104,Elk Grove Unified,SACRAMENTO     ,0,0
Samuel Vaughn Elementary,6112338,Ceres Unified,STANISLAUS     ,0,0
Samuel W. Simpson Elementary,6106538,Rialto Unified,SAN BERNARDINO ,0,0
Samueli Academy,126037,Orange County Department of Education,ORANGE         ,0,8
San Altos Elementary,6038657,Lemon Grove,SAN DIEGO      ,0,0
San Andreas Continuation High,3530029,San Benito High,SAN BENITO     ,0,0
San Andreas Elementary,6003438,Calaveras Unified,CALAVERAS      ,0,0
San Andreas High,3630308,San Bernardino City Unified,SAN BERNARDINO ,0,0
San Andreas High (Continuation),2134419,Tamalpais Union High,MARIN          ,0,0
San Antonio Continuation,1930551,Los Angeles Unified,LOS ANGELES    ,0,0
San Antonio Elementary,6026629,San Antonio Union Elementary,MONTEREY       ,0,0
San Antonio Elementary,6046304,Alum Rock Union Elementary,SANTA CLARA    ,0,0
San Antonio Elementary,6055222,Ojai Unified,VENTURA        ,0,0
San Antonio Elementary,6112437,Pomona Unified,LOS ANGELES    ,0,0
San Antonio High (Continuation),1931807,Claremont Unified,LOS ANGELES    ,0,0
San Antonio High (Continuation),4935862,Petaluma Joint Union High,SONOMA         ,0,0
San Ardo Elementary,6026637,San Ardo Union Elementary,MONTEREY       ,0,0
San Benancio Middle,6026702,Washington Union Elementary,MONTEREY       ,0,0
San Benito County Juvenile Hall Court,3530045,San Benito County Office of Education,SAN BENITO     ,0,0
San Benito County Opportunity,3530037,San Benito County Office of Education,SAN BENITO     ,0,0
San Benito Elementary,6111058,Atascadero Unified,SAN LUIS OBISPO,0,0
San Benito High,3537008,San Benito High,SAN BENITO     ,0,16
San Bernardino City Community Day,128934,San Bernardino City Unified,SAN BERNARDINO ,0,0
San Bernardino County Juvenile Detention and Asses,3630431,San Bernardino County Office of Education,SAN BERNARDINO ,0,0
San Bernardino County Special Education,6069348,San Bernardino County Office of Education,SAN BERNARDINO ,0,0
San Bernardino High,3635844,San Bernardino City Unified,SAN BERNARDINO ,0,12
San Carlos Charter Learning Center,6112213,San Carlos Elementary,SAN MATEO      ,0,0
San Cayetano Elementary,6054993,Fillmore Unified,VENTURA        ,0,0
San Clemente High,3036001,Capistrano Unified,ORANGE         ,9,19
San Diego Business/Leadership,107052,San Diego Unified,SAN DIEGO      ,0,12
San Diego Cooperative Charter,6119168,San Diego Unified,SAN DIEGO      ,0,0
San Diego County Community,128520,San Diego County Office of Education,SAN DIEGO      ,0,0
San Diego County Court,128538,San Diego County Office of Education,SAN DIEGO      ,0,0
San Diego County Special Education,6069355,San Diego County Office of Education,SAN DIEGO      ,0,0
San Diego International Studies,107029,San Diego Unified,SAN DIEGO      ,15,8
San Diego Metro Career and Tech,107482,San Diego Unified,SAN DIEGO      ,0,0
San Diego Neighborhood Homeschools,119560,Mountain Empire Unified,SAN DIEGO      ,0,0
San Diego SCPA,3730371,San Diego Unified,SAN DIEGO      ,0,6
San Diego Science and Technology,107219,San Diego Unified,SAN DIEGO      ,0,8
San Diego Virtual,123224,Mountain Empire Unified,SAN DIEGO      ,0,0
San Diego Workforce Innovation High,134890,Borrego Springs Unified,SAN DIEGO      ,0,0
San Dieguito High Academy,3737418,San Dieguito Union High,SAN DIEGO      ,0,14
San Dimas High,1937739,Bonita Unified,LOS ANGELES    ,0,17
San Fernando Elementary,6019012,Los Angeles Unified,LOS ANGELES    ,0,0
San Fernando Institute of Applied Media,125971,Los Angeles Unified,LOS ANGELES    ,0,0
San Fernando Middle,6058283,Los Angeles Unified,LOS ANGELES    ,0,0
San Fernando Senior High,1937622,Los Angeles Unified,LOS ANGELES    ,0,13
San Francisco Community Alternative,6093488,San Francisco Unified,SAN FRANCISCO  ,0,0
San Francisco Public Montessori,123117,San Francisco Unified,SAN FRANCISCO  ,0,0
San Gabriel Avenue Elementary,6019020,Los Angeles Unified,LOS ANGELES    ,0,0
San Gabriel Elementary,6107544,Atascadero Unified,SAN LUIS OBISPO,0,0
San Gabriel High,1937697,Alhambra Unified,LOS ANGELES    ,0,20
San Geronimo Valley Elementary,6024343,Lagunitas Elementary,MARIN          ,0,0
San Gorgonio High,3636081,San Bernardino City Unified,SAN BERNARDINO ,0,13
San Gorgonio Middle,106062,Beaumont Unified,RIVERSIDE      ,0,0
San Jacinto Early Childhood Education Center,116194,San Jacinto Unified,RIVERSIDE      ,0,0
San Jacinto Elementary,6032817,San Jacinto Unified,RIVERSIDE      ,0,0
San Jacinto High,3337656,San Jacinto Unified,RIVERSIDE      ,9,12
San Jacinto Leadership Academy - Magnet,123844,San Jacinto Unified,RIVERSIDE      ,0,0
San Jacinto Valley Academy,6114748,San Jacinto Unified,RIVERSIDE      ,7,3
San Joaquin Building Futures Academy,121723,San Joaquin County Office of Education,SAN JOAQUIN    ,0,0
San Joaquin County Community,3930468,San Joaquin County Office of Education,SAN JOAQUIN    ,0,0
San Joaquin County Special Education,6069215,San Joaquin County Office of Education,SAN JOAQUIN    ,0,0
San Joaquin Elementary,6007223,Golden Plains Unified,FRESNO         ,0,0
San Joaquin Elementary,6094676,Saddleback Valley Unified,ORANGE         ,0,0
San Joaquin Elementary,6116115,Stockton Unified,SAN JOAQUIN    ,0,0
San Joaquin High (Continuation),1530146,McFarland Unified,KERN           ,0,0
San Joaquin Valley High,126870,Parlier Unified,FRESNO         ,0,0
San Jose Charter Academy,6023527,West Covina Unified,LOS ANGELES    ,0,0
San Jose Conservation Corps Charter,4330676,East Side Union High,SANTA CLARA    ,0,0
San Jose Elementary,6021950,Pomona Unified,LOS ANGELES    ,0,0
San Jose High,4337200,San Jose Unified,SANTA CLARA    ,17,0
San Jose Intermediate,124081,Novato Unified,MARIN          ,0,0
San Jose Street Elementary,6019038,Los Angeles Unified,LOS ANGELES    ,0,0
San Juan,6035117,Aromas - San Juan Unified,SAN BENITO     ,0,0
San Juan Choices Charter,3430758,San Juan Unified,SACRAMENTO     ,0,5
San Juan Elementary,6027643,Capistrano Unified,ORANGE         ,0,0
San Juan High,3438504,San Juan Unified,SACRAMENTO     ,0,6
San Juan Hills High,113381,Capistrano Unified,ORANGE         ,0,20
San Lauren Elementary,108589,Beardsley Elementary,KERN           ,0,0
San Leandro High,137588,San Leandro Unified,ALAMEDA        ,0,16
San Lorenzo High,137810,San Lorenzo Unified,ALAMEDA        ,0,10
San Lorenzo Valley Elementary,6049852,San Lorenzo Valley Unified,SANTA CRUZ     ,0,0
San Lorenzo Valley High,4436754,San Lorenzo Valley Unified,SANTA CRUZ     ,0,9
San Lorenzo Valley Middle,6060644,San Lorenzo Valley Unified,SANTA CRUZ     ,0,0
San Lucas Elementary,6026645,San Lucas Union Elementary,MONTEREY       ,0,0
San Luis County Special Education,6106769,San Luis Obispo County Office of Education,SAN LUIS OBISPO,0,0
San Luis High (Continuation),2431492,Los Banos Unified,MERCED         ,0,0
San Luis Obispo County Community,4030250,San Luis Obispo County Office of Education,SAN LUIS OBISPO,0,0
San Luis Obispo County Juvenile Court,4030078,San Luis Obispo County Office of Education,SAN LUIS OBISPO,0,0
San Luis Obispo High,4036703,San Luis Coastal Unified,SAN LUIS OBISPO,0,14
San Luis Rey Elementary,6038905,Oceanside Unified,SAN DIEGO      ,0,0
San Marcos Senior High,4235230,Santa Barbara Unified,SANTA BARBARA  ,0,15
San Marin High,2133056,Novato Unified,MARIN          ,0,16
San Marino Elementary,6027742,Centralia Elementary,ORANGE         ,0,0
San Marino High,1937754,San Marino Unified,LOS ANGELES    ,0,13
San Martin Gwinn Environmental Science Academy,6047948,Morgan Hill Unified,SANTA CLARA    ,0,0
San Mateo County Special Education,6069363,San Mateo County Office of Education,SAN MATEO      ,0,0
San Mateo High,4136370,San Mateo Union High,SAN MATEO      ,0,17
San Mateo Park Elementary,6044986,San Mateo-Foster City,SAN MATEO      ,0,0
San Miguel,6095905,Oxnard,VENTURA        ,0,0
San Miguel Elementary,6049282,Sunnyvale,SANTA CLARA    ,0,0
San Miguel Elementary,6051858,Mark West Union Elementary,SONOMA         ,0,0
San Onofre Elementary,6096515,Fallbrook Union Elementary,SAN DIEGO      ,0,0
San Pascual Elementary Science Technology Engineer,6019046,Los Angeles Unified,LOS ANGELES    ,0,0
San Pasqual Academy,115998,San Diego County Office of Education,SAN DIEGO      ,0,0
San Pasqual High,3730058,Escondido Union High,SAN DIEGO      ,0,20
San Pasqual Middle,6106298,San Pasqual Valley Unified,IMPERIAL       ,0,0
San Pasqual Union Elementary,6040331,San Pasqual Union Elementary,SAN DIEGO      ,0,0
San Pasqual Valley Elementary,6008635,San Pasqual Valley Unified,IMPERIAL       ,0,0
San Pasqual Valley High,1337609,San Pasqual Valley Unified,IMPERIAL       ,0,3
San Pasqual Vocational Academy,120881,San Pasqual Valley Unified,IMPERIAL       ,0,0
San Pedro Elementary,6024830,San Rafael City Elementary,MARIN          ,0,0
San Pedro Senior High,1937838,Los Angeles Unified,LOS ANGELES    ,0,20
San Pedro Street Elementary,6019053,Los Angeles Unified,LOS ANGELES    ,0,0
San Rafael Elementary,6021729,Pasadena Unified,LOS ANGELES    ,0,0
San Rafael High,2133262,San Rafael City High,MARIN          ,0,12
San Ramon Elementary,6024590,Novato Unified,MARIN          ,0,0
San Ramon Valley High,736504,San Ramon Valley Unified,CONTRA COSTA   ,0,20
San Vicente Elementary,6026686,Soledad Unified,MONTEREY       ,0,0
San Ysidro High,3731502,Sweetwater Union High,SAN DIEGO      ,0,14
San Ysidro Middle,6098453,San Ysidro Elementary,SAN DIEGO      ,0,0
Sanchez (David J.) Elementary,102848,Santa Maria-Bonita,SANTA BARBARA  ,0,0
Sanchez (George I.) Elementary,6013536,Garvey Elementary,LOS ANGELES    ,0,0
Sanchez Elementary,6041545,San Francisco Unified,SAN FRANCISCO  ,0,0
Sandburg Elementary,6089049,San Diego Unified,SAN DIEGO      ,0,0
Sandburg Middle,6061329,Glendora Unified,LOS ANGELES    ,0,0
Sandia Elementary,6107346,Apple Valley Unified,SAN BERNARDINO ,0,0
Sandpiper Elementary,6114771,Belmont-Redwood Shores Elementary,SAN MATEO      ,0,0
Sandra J. Gallardo Elementary,100404,Folsom-Cordova Unified,SACRAMENTO     ,0,0
Sandra Tovar Medeiros Elementary,108175,Turlock Unified,STANISLAUS     ,0,0
Sandy Bluffs Alternative Education Center,1030139,Sierra Unified,FRESNO         ,0,0
Sanger Academy Charter,6117873,Sanger Unified,FRESNO         ,0,0
Sanger High,1036094,Sanger Unified,FRESNO         ,0,16
Sanhedrin Alternative,136887,Willits Unified,MENDOCINO      ,1,0
Sankofa Academy,110254,Oakland Unified,ALAMEDA        ,0,0
Santa Ana High,3036357,Santa Ana Unified,ORANGE         ,0,18
Santa Barbara Charter,6111603,Santa Barbara Unified,SANTA BARBARA  ,0,0
Santa Barbara Community Academy,6116875,Santa Barbara Unified,SANTA BARBARA  ,0,0
Santa Barbara County Community,4230207,Santa Barbara County Office of Education,SANTA BARBARA  ,0,0
Santa Barbara County Juvenile Court,4230157,Santa Barbara County Office of Education,SANTA BARBARA  ,0,0
Santa Barbara County Special Education,6069223,Santa Barbara County Office of Education,SANTA BARBARA  ,0,0
Santa Barbara Junior High,6060057,Santa Barbara Unified,SANTA BARBARA  ,0,0
Santa Barbara Senior High,4235727,Santa Barbara Unified,SANTA BARBARA  ,0,14
Santa Barbara Unified Early Childhood,134387,Santa Barbara Unified,SANTA BARBARA  ,0,0
Santa Clara Community Day,125443,Santa Clara Unified,SANTA CLARA    ,0,0
Santa Clara County Community,4330320,Santa Clara County Office of Education,SANTA CLARA    ,0,0
Santa Clara County Court,4330254,Santa Clara County Office of Education,SANTA CLARA    ,0,0
Santa Clara County Special Education,6069371,Santa Clara County Office of Education,SANTA CLARA    ,0,0
Santa Clara Elementary,6055537,Santa Clara Elementary,VENTURA        ,0,0
Santa Clara High,4330122,Santa Clara Unified,SANTA CLARA    ,0,17
Santa Clarita Elementary,6022701,Saugus Union,LOS ANGELES    ,0,0
Santa Clarita Valley International,117234,William S. Hart Union High,LOS ANGELES    ,10,2
Santa Cruz City Elementary Alternative Education-M,6108203,Santa Cruz City Elementary,SANTA CRUZ     ,0,0
Santa Cruz County Career Advancement Charter,136572,Santa Cruz County Office of Education,SANTA CRUZ     ,0,0
Santa Cruz County Community,4430278,Santa Cruz County Office of Education,SANTA CRUZ     ,0,0
Santa Cruz County Court,4430146,Santa Cruz County Office of Education,SANTA CRUZ     ,0,0
Santa Cruz County Special Education,6069397,Santa Cruz County Office of Education,SANTA CRUZ     ,0,0
Santa Cruz Gardens Elementary,6049977,Soquel Union Elementary,SANTA CRUZ     ,0,0
Santa Cruz High,4437109,Santa Cruz City High,SANTA CRUZ     ,0,6
Santa Fe Computer Science Magnet,6020481,Monrovia Unified,LOS ANGELES    ,0,0
Santa Fe Elementary,102574,Porterville Unified,TULARE         ,0,0
Santa Fe Fundamental,6110043,Baldwin Park Unified,LOS ANGELES    ,0,0
Santa Fe High,1937903,Whittier Union High,LOS ANGELES    ,0,17
Santa Lucia Elementary,6026132,King City Union,MONTEREY       ,0,0
Santa Lucia Middle,6042980,Coast Unified,SAN LUIS OBISPO,0,0
Santa Margarita Academy,115519,Fallbrook Union Elementary,SAN DIEGO      ,0,0
Santa Margarita Elementary,6038913,Oceanside Unified,SAN DIEGO      ,0,0
Santa Margarita Elementary,6042956,Atascadero Unified,SAN LUIS OBISPO,0,0
Santa Maria High,4236030,Santa Maria Joint Union High,SANTA BARBARA  ,0,11
Santa Monica Alternative (K-8),6093538,Santa Monica-Malibu Unified,LOS ANGELES    ,0,0
Santa Monica Boulevard Community Charter,6019079,Los Angeles Unified,LOS ANGELES    ,0,0
Santa Monica High,1938000,Santa Monica-Malibu Unified,LOS ANGELES    ,0,16
Santa Paula High,5635776,Santa Paula Unified,VENTURA        ,0,11
Santa Rita Elementary,6047492,Los Altos Elementary,SANTA CLARA    ,0,0
Santa Rosa Academy,109843,Menifee Union Elementary,RIVERSIDE      ,0,0
Santa Rosa Accelerated Charter,102533,Santa Rosa High,SONOMA         ,0,0
Santa Rosa Charter School for the Arts,113530,Santa Rosa Elementary,SONOMA         ,0,0
Santa Rosa French-American Charter (SRFACS),125831,Santa Rosa Elementary,SONOMA         ,0,0
Santa Rosa High,4936803,Santa Rosa High,SONOMA         ,0,11
Santa Rosa Middle,6060289,Santa Rosa High,SONOMA         ,0,0
Santa Rosa Road Academic Academy,6042964,Atascadero Unified,SAN LUIS OBISPO,0,0
Santa Rosa Technology Magnet,6055990,Pleasant Valley,VENTURA        ,0,0
Santa Susana Elementary,6055776,Simi Valley Unified,VENTURA        ,0,0
Santa Susana High,5630322,Simi Valley Unified,VENTURA        ,0,18
Santa Teresa Elementary,6067243,Oak Grove Elementary,SANTA CLARA    ,0,0
Santa Teresa High,4330023,East Side Union High,SANTA CLARA    ,0,17
Santa Ynez Valley Charter,6118434,College Elementary,SANTA BARBARA  ,0,0
Santa Ynez Valley Union High,4236345,Santa Ynez Valley Union High,SANTA BARBARA  ,0,13
Santana High,3737905,Grossmont Union High,SAN DIEGO      ,0,12
Santana High (Continuation),1930106,Rowland Unified,LOS ANGELES    ,0,0
Santee Alternative,6111041,Santee,SAN DIEGO      ,0,0
Santee Education Complex,109447,Los Angeles Unified,LOS ANGELES    ,0,10
Santee Elementary,6047252,Franklin-McKinley Elementary,SANTA CLARA    ,0,0
Santee Success Program,6120190,Santee,SAN DIEGO      ,0,0
Santiago Elementary,6030407,Santa Ana Unified,ORANGE         ,0,0
Santiago Elementary,6085351,Saddleback Valley Unified,ORANGE         ,0,0
Santiago High,3036555,Garden Grove Unified,ORANGE         ,0,8
Santiago High,3330701,Corona-Norco Unified,RIVERSIDE      ,0,15
Santiago Hills Elementary,6098529,Irvine Unified,ORANGE         ,0,0
Santiago Middle,6085328,Orange Unified,ORANGE         ,0,0
Sara Coughlin Elementary,6110951,Los Angeles Unified,LOS ANGELES    ,0,0
Sarah McGarvin Intermediate,6028740,Garden Grove Unified,ORANGE         ,0,0
Saratoga Elementary,6049100,Saratoga Union Elementary,SANTA CLARA    ,0,0
Saratoga High,4337762,Los Gatos-Saratoga Joint Union High,SANTA CLARA    ,0,11
Sartorette Charter,6046494,Cambrian,SANTA CLARA    ,0,0
Sassarini Elementary,6052294,Sonoma Valley Unified,SONOMA         ,0,0
Saticoy Elementary,6019087,Los Angeles Unified,LOS ANGELES    ,0,0
Saturn Street Elementary,6066286,Los Angeles Unified,LOS ANGELES    ,0,0
Saucelito Elementary,6054332,Saucelito Elementary,TULARE         ,0,0
Saugus High,1931740,William S. Hart Union High,LOS ANGELES    ,0,19
Saul Martinez Elementary,6114789,Coachella Valley Unified,RIVERSIDE      ,0,0
Savanna High,3036712,Anaheim Union High,ORANGE         ,0,11
Savannah Elementary,6022206,Rosemead Elementary,LOS ANGELES    ,0,0
Savant Preparatory Academy of Business,137935,San Bernardino City Unified,SAN BERNARDINO ,0,0
Sawtooth Ridge Community,128645,Mono County Office of Education,MONO           ,0,0
Scale Leadership Academy - East,138610,Palo Verde Unified,RIVERSIDE      ,0,0
Scandia Elementary,6068290,Travis Unified,SOLANO         ,0,0
Scandinavian Middle,6006480,Fresno Unified,FRESNO         ,0,0
Schafer Park Elementary,6001135,Hayward Unified,ALAMEDA        ,0,0
Schallenberger Elementary,6048680,San Jose Unified,SANTA CLARA    ,0,0
Schendel Elementary,6025415,Delhi Unified,MERCED         ,0,0
Schmitt Elementary,6030860,Westminster,ORANGE         ,0,0
Scholar Plus Online Learning,134981,Perris Union High,RIVERSIDE      ,0,0
Scholarship Prep - Oceanside,136085,San Diego County Office of Education,SAN DIEGO      ,0,0
Scholarship Prep Charter,134288,Orange County Department of Education,ORANGE         ,0,0
School for Entrepreneurship and Technology,122788,San Diego Unified,SAN DIEGO      ,0,4
School for the Visual Arts and Humanities,117762,Los Angeles Unified,LOS ANGELES    ,0,6
School of Arts and Enterprise,1996693,SBE - The School of Arts and Enterprise,LOS ANGELES    ,0,8
School of Business and Tourism at Contreras Learni,112029,Los Angeles Unified,LOS ANGELES    ,0,7
School of Engineering & Sciences,114546,Sacramento City Unified,SACRAMENTO     ,0,4
School of Extended Educational Options,115170,Pomona Unified,LOS ANGELES    ,0,0
School of Universal Learning (SOUL),136192,San Diego County Office of Education,SAN DIEGO      ,0,0
School of Unlimited Learning,1030642,Fresno Unified,FRESNO         ,0,0
Schroeder Elementary,6030720,Westminster,ORANGE         ,0,0
Schurr High,1930155,Montebello Unified,LOS ANGELES    ,0,16
Science & Technology Academy at Knights Landing,121749,Woodland Joint Unified,YOLO           ,0,0
Science Academy STEM Magnet,133736,Los Angeles Unified,LOS ANGELES    ,0,2
"Science, Technology, Engineering, Arts and Mathema",126540,Los Angeles Unified,LOS ANGELES    ,0,6
"Science, Technology, Engineering, Arts, and Math A",132431,La Mesa-Spring Valley,SAN DIEGO      ,0,0
Scobee Camp,122051,Los Angeles County Office of Education,LOS ANGELES    ,0,0
Scott Avenue Elementary,6013114,East Whittier City Elementary,LOS ANGELES    ,0,0
Scott Lane Elementary,6049019,Santa Clara Unified,SANTA CLARA    ,0,0
Scott River High,4730107,Scott Valley Unified,SISKIYOU       ,0,0
Scott Valley Community Day,4730206,Scott Valley Unified,SISKIYOU       ,0,0
Scott Valley Junior High,6105480,Scott Valley Unified,SISKIYOU       ,0,0
"Scott, Joseph Camp",121988,Los Angeles County Office of Education,LOS ANGELES    ,0,0
Scotts Valley High,4430211,Scotts Valley Unified,SANTA CRUZ     ,12,0
Scotts Valley Middle,6049944,Scotts Valley Unified,SANTA CRUZ     ,0,0
Scripps Elementary,6119135,San Diego Unified,SAN DIEGO      ,0,0
Scripps Ranch High,3730884,San Diego Unified,SAN DIEGO      ,0,17
Sea View Elementary,6032379,Coachella Valley Unified,RIVERSIDE      ,0,0
Searles Elementary,6001622,New Haven Unified,ALAMEDA        ,0,0
Seaside Elementary,6023238,Torrance Unified,LOS ANGELES    ,0,0
Seaside High,2735348,Monterey Peninsula Unified,MONTEREY       ,0,11
Seaside Middle,6058739,Monterey Peninsula Unified,MONTEREY       ,0,0
Sebastian Questa Elementary,121046,Lammersville Joint Unified,SAN JOAQUIN    ,0,0
Sebastopol Independent Charter,6113039,Sebastopol Union Elementary,SONOMA         ,0,0
Second Street Elementary,6019095,Los Angeles Unified,LOS ANGELES    ,0,0
Seeley Elementary,6008643,Seeley Union Elementary,IMPERIAL       ,0,0
Segerstrom High,108365,Santa Ana Unified,ORANGE         ,0,19
Seiad Elementary,6050926,Seiad Elementary,SISKIYOU       ,0,0
Selby Lane Elementary,6044580,Redwood City Elementary,SAN MATEO      ,0,0
Sellers Elementary,6013908,Glendora Unified,LOS ANGELES    ,0,0
Selma Avenue Elementary,6019103,Los Angeles Unified,LOS ANGELES    ,0,0
Selma Herndon Elementary,6025522,Livingston Union,MERCED         ,0,0
Selma High,1036672,Selma Unified,FRESNO         ,0,6
Selma Independent,1030758,Selma Unified,FRESNO         ,0,0
Selma Olinder Elementary,6048698,San Jose Unified,SANTA CLARA    ,0,0
Sem Yeto Continuation High,4836003,Fairfield-Suisun Unified,SOLANO         ,0,0
Semitropic Elementary,6010037,Semitropic Elementary,KERN           ,0,0
Seneca Elementary,6110928,Moreno Valley Unified,RIVERSIDE      ,0,0
Sentinel High,117689,Waterford Unified,STANISLAUS     ,0,0
Sequoia Elementary,107771,Richland Union Elementary,KERN           ,0,0
Sequoia Elementary,123463,Sanger Unified,FRESNO         ,0,0
Sequoia Elementary,6004253,Mt. Diablo Unified,CONTRA COSTA   ,0,0
Sequoia Elementary,6042386,Manteca Unified,SAN JOAQUIN    ,0,0
Sequoia Elementary Charter,6054340,Sequoia Union Elementary,TULARE         ,0,0
Sequoia High,107672,Merced Union High,MERCED         ,0,0
Sequoia High,4136693,Sequoia Union High,SAN MATEO      ,8,1
Sequoia High,5435839,Visalia Unified,TULARE         ,0,0
Sequoia Middle,110692,Porterville Unified,TULARE         ,0,0
Sequoia Middle,6008957,Bakersfield City,KERN           ,0,0
Sequoia Middle,6050520,Redding Elementary,SHASTA         ,0,0
Sequoia Middle,6057335,Fresno Unified,FRESNO         ,0,0
Sequoia Middle,6061865,Fontana Unified,SAN BERNARDINO ,0,0
Sequoia Middle,6067300,Conejo Valley Unified,VENTURA        ,0,0
Sequoia Middle,6105357,Mt. Diablo Unified,CONTRA COSTA   ,0,0
Sequoia School,112359,William S. Hart Union High,LOS ANGELES    ,0,0
Sequoia Union Elementary,134973,Sequoia Union Elementary,TULARE         ,0,0
Serra (Junipero) Elementary,6041289,San Francisco Unified,SAN FRANCISCO  ,0,0
Serra High,3730173,San Diego Unified,SAN DIEGO      ,0,13
Serrania Avenue Charter For Enriched Studies,6019111,Los Angeles Unified,LOS ANGELES    ,0,0
Serrano Elementary,6029938,Orange Unified,ORANGE         ,0,0
Serrano Elementary,6106041,Moreno Valley Unified,RIVERSIDE      ,0,0
Serrano High,3630233,Snowline Joint Unified,SAN BERNARDINO ,0,11
Serrano Intermediate,6095145,Saddleback Valley Unified,ORANGE         ,0,0
Serrano Middle,6036404,Ontario-Montclair,SAN BERNARDINO ,0,0
Serrano Middle,6068712,San Bernardino City Unified,SAN BERNARDINO ,0,0
Sessions Elementary,6040141,San Diego Unified,SAN DIEGO      ,0,0
Seven Hills Intermediate,6027148,Nevada City Elementary,NEVADA         ,0,0
Seventh Street Elementary,6019129,Los Angeles Unified,LOS ANGELES    ,0,0
Seventy-Fifth Street Elementary,6019137,Los Angeles Unified,LOS ANGELES    ,0,0
Seventy-Fourth Street Elementary,6019145,Los Angeles Unified,LOS ANGELES    ,0,0
Shackelford Elementary,6052823,Modesto City Elementary,STANISLAUS     ,0,0
Shadow Hills Elementary,6108070,Fontana Unified,SAN BERNARDINO ,0,0
Shadow Hills Engineering and Design Magnet Academy,6115281,Palmdale Elementary,LOS ANGELES    ,0,0
Shadow Hills High,118885,Desert Sands Unified,RIVERSIDE      ,0,20
Shadow Ridge,3630811,Hesperia Unified,SAN BERNARDINO ,1,0
Shaffer Elementary,6010805,Shaffer Union Elementary,LASSEN         ,0,0
Shafter High,1535087,Kern High,KERN           ,0,10
Shandin Hills Middle,6068720,San Bernardino City Unified,SAN BERNARDINO ,0,0
Shandon Elementary,6043343,Shandon Joint Unified,SAN LUIS OBISPO,0,0
Shandon High,4037008,Shandon Joint Unified,SAN LUIS OBISPO,0,0
Shannon Elementary,6004956,West Contra Costa Unified,CONTRA COSTA   ,0,0
Shannon Ranch Elementary,125708,Visalia Unified,TULARE         ,0,0
Sharon Christa McAuliffe Middle,6058879,Los Alamitos Unified,ORANGE         ,0,0
Sharp Avenue Elementary,6019152,Los Angeles Unified,LOS ANGELES    ,0,0
Shasta Charter Academy,4530267,Shasta Union High,SHASTA         ,0,0
Shasta County Independent Study Charter,132647,Shasta County Office of Education,SHASTA         ,0,0
Shasta County Juvenile Court,4530150,Shasta County Office of Education,SHASTA         ,0,0
Shasta County Special Education,6069389,Shasta County Office of Education,SHASTA         ,0,0
Shasta Elementary,6003099,Chico Unified,BUTTE          ,0,0
Shasta Elementary,6042394,Manteca Unified,SAN JOAQUIN    ,0,0
Shasta High,4537304,Shasta Union High,SHASTA         ,0,16
Shasta Lake,110221,Gateway Unified,SHASTA         ,0,0
Shasta Meadows Elementary,6050264,Enterprise Elementary,SHASTA         ,0,0
Shearer Elementary,6026934,Napa Valley Unified,NAPA           ,0,0
Sheldon Elementary,6004964,West Contra Costa Unified,CONTRA COSTA   ,0,0
Sheldon High,3430618,Elk Grove Unified,SACRAMENTO     ,0,6
Shell Beach Elementary,6043111,Lucia Mar Unified,SAN LUIS OBISPO,0,0
Shelter Cove,6119184,Fort Bragg Unified,MENDOCINO      ,0,0
Shelyn Elementary,6022362,Rowland Unified,LOS ANGELES    ,0,0
Shenandoah Street Elementary,6019160,Los Angeles Unified,LOS ANGELES    ,0,0
Shenandoah Valley,129692,Amador County Office of Education,AMADOR         ,0,0
Sheppard Elementary,6052096,Roseland,SONOMA         ,0,0
Sheridan,6031363,Western Placer Unified,PLACER         ,0,0
Sheridan Elementary,6006845,Kings Canyon Joint Unified,FRESNO         ,0,0
Sheridan Street Elementary,6019178,Los Angeles Unified,LOS ANGELES    ,0,0
Sheridan Way Elementary,6056212,Ventura Unified,VENTURA        ,0,0
Sherman Elementary,6040158,San Diego Unified,SAN DIEGO      ,0,0
Sherman Oaks Center for Enriched Studies,1933233,Los Angeles Unified,LOS ANGELES    ,0,11
Sherman Oaks Elementary,6046692,Campbell Union,SANTA CLARA    ,0,0
Sherman Oaks Elementary Charter,6019186,Los Angeles Unified,LOS ANGELES    ,0,0
Sherman Thomas Charter,100016,Madera Unified,MADERA         ,0,0
Sherman Thomas Charter High,118950,Madera Unified,MADERA         ,0,0
Sherman Thomas STEM Academy,134510,Madera Unified,MADERA         ,0,0
Sherwood,6104590,Willits Unified,MENDOCINO      ,0,0
Sherwood Elementary,6053086,Sylvan Union Elementary,STANISLAUS     ,0,0
Sherwood Montessori,121475,Chico Unified,BUTTE          ,0,0
Shery (Kurt T.) High (Continuation),1938083,Torrance Unified,LOS ANGELES    ,0,0
Shiloh Charter,121558,Shiloh Elementary,STANISLAUS     ,0,0
Shiloh Elementary,6053045,Shiloh Elementary,STANISLAUS     ,0,0
"Shirakawa (George, Sr.) Elementary",6115943,Franklin-McKinley Elementary,SANTA CLARA    ,0,0
Shirley Avenue Elementary,6019194,Los Angeles Unified,LOS ANGELES    ,0,0
Shirley Lane Elementary,106690,Fairfax Elementary,KERN           ,0,0
Shirpser Elementary,6013189,El Monte City,LOS ANGELES    ,0,0
Shivela Middle,6108849,Murrieta Valley Unified,RIVERSIDE      ,1,0
Shoal Creek Elementary,6114854,Poway Unified,SAN DIEGO      ,0,0
Shore Acres Elementary,6004295,Mt. Diablo Unified,CONTRA COSTA   ,0,0
Shorecliffs Middle,6097406,Capistrano Unified,ORANGE         ,0,0
Shoreline Middle,6113559,Live Oak Elementary,SANTA CRUZ     ,0,0
Short Avenue Elementary,6019202,Los Angeles Unified,LOS ANGELES    ,0,0
Short Elementary,121517,San Rafael City Elementary,MARIN          ,0,0
Shoshone Elementary,6008742,Death Valley Unified,INYO           ,0,0
Shoshone High (Continuation),1430065,Death Valley Unified,INYO           ,0,0
Sierra Academy of Expeditionary Learning,124834,Nevada Joint Union High,NEVADA         ,1,2
Sierra Avenue Elementary,6003370,Thermalito Union Elementary,BUTTE          ,0,0
Sierra Charter,114355,Fresno Unified,FRESNO         ,0,0
Sierra Elementary,6005664,Placerville Union Elementary,EL DORADO      ,0,0
Sierra Elementary,6118533,Rocklin Unified,PLACER         ,0,0
Sierra Expeditionary Learning,121624,Tahoe-Truckee Unified,PLACER         ,0,0
Sierra Foothill Charter,125823,Mariposa County Unified,MARIPOSA       ,0,0
Sierra High,1036938,Sierra Unified,FRESNO         ,0,4
Sierra High,1931765,Azusa Unified,LOS ANGELES    ,0,4
Sierra High,3632809,San Bernardino City Unified,SAN BERNARDINO ,0,0
Sierra High,3930310,Manteca Unified,SAN JOAQUIN    ,0,3
Sierra High,5630173,Fillmore Unified,VENTURA        ,0,0
Sierra High (Continuation),2630036,Mammoth Unified,MONO           ,0,0
Sierra High (Continuation),3130077,Tahoe-Truckee Unified,PLACER         ,0,0
Sierra Hills Elementary,6111694,Placer Hills Union Elementary,PLACER         ,0,0
Sierra Home,2230068,Mariposa County Unified,MARIPOSA       ,0,0
Sierra House Elementary,6095301,Lake Tahoe Unified,EL DORADO      ,0,0
Sierra Junior High,124123,Sierra Unified,FRESNO         ,0,0
Sierra Lakes Elementary,6119986,Fontana Unified,SAN BERNARDINO ,0,0
Sierra Linda Elementary,6055388,Oxnard,VENTURA        ,0,0
Sierra Madre Elementary,6021737,Pasadena Unified,LOS ANGELES    ,0,0
Sierra Madre Middle,127746,Pasadena Unified,LOS ANGELES    ,0,1
Sierra Middle,6009153,Bakersfield City,KERN           ,0,0
Sierra Middle,6041925,Lincoln Unified,SAN JOAQUIN    ,0,0
Sierra Middle,6059141,Riverside Unified,RIVERSIDE      ,0,0
Sierra Montessori Academy,114975,Nevada County Office of Education,NEVADA         ,0,0
Sierra Oaks K-8,6034904,San Juan Unified,SACRAMENTO     ,0,0
Sierra Pacific High,118919,Hanford Joint Union High,KINGS          ,0,8
Sierra Park Elementary,6019210,Los Angeles Unified,LOS ANGELES    ,0,0
Sierra Pass (Continuation),4630034,Sierra-Plumas Joint Unified,SIERRA         ,0,0
Sierra Preparatory Academy,6030415,Santa Ana Unified,ORANGE         ,0,0
Sierra Primary,6096341,Fort Sage Unified,LASSEN         ,0,0
Sierra Ridge Middle,6107437,Pollock Pines Elementary,EL DORADO      ,0,0
Sierra View Elementary,107979,Oakdale Joint Unified,STANISLAUS     ,0,0
Sierra View Elementary,6003107,Chico Unified,BUTTE          ,0,0
Sierra View Elementary,6033609,Twin Rivers Unified,SACRAMENTO     ,0,0
Sierra View Elementary,6103824,Golden Valley Unified,MADERA         ,0,0
Sierra Vista,113399,Placer County Office of Education,PLACER         ,0,0
Sierra Vista Charter High,130708,Tulare Joint Union High,TULARE         ,0,0
Sierra Vista Elementary,100958,Val Verde Unified,RIVERSIDE      ,0,0
Sierra Vista Elementary,6028997,La Habra City Elementary,ORANGE         ,0,0
Sierra Vista Elementary,6031876,Corona-Norco Unified,RIVERSIDE      ,0,0
Sierra Vista High,1938166,Baldwin Park Unified,LOS ANGELES    ,0,14
Sierra Vista High (Alternative),1995653,Whittier Union High,LOS ANGELES    ,0,0
Sierra Vista High (Continuation),5431119,Dinuba Unified,TULARE         ,0,0
Sierra Vista Junior High,6058580,William S. Hart Union High,LOS ANGELES    ,0,0
Sierra Vista Junior High,6096135,Baldwin Park Unified,LOS ANGELES    ,0,0
Sierra Vista K-8,133553,Vacaville Unified,SOLANO         ,0,0
Sierra Vista Middle,6012595,Covina-Valley Unified,LOS ANGELES    ,0,0
Sierra Vista Middle,6014351,Hacienda la Puente Unified,LOS ANGELES    ,0,0
Sierra Vista Middle,6100879,Irvine Unified,ORANGE         ,0,0
Sierra-Enterprise Elementary,6033112,Elk Grove Unified,SACRAMENTO     ,0,0
Sierramont Middle,6093033,Berryessa Union Elementary,SANTA CLARA    ,0,0
Signal Hill Elementary,6015614,Long Beach Unified,LOS ANGELES    ,0,0
Silas Bartsch,116657,Kings Canyon Joint Unified,FRESNO         ,0,0
Silva Valley Elementary,6110456,Buckeye Union Elementary,EL DORADO      ,0,0
Silver Creek High,4337903,East Side Union High,SANTA CLARA    ,0,18
Silver Fork Elementary,6005722,Silver Fork Elementary,EL DORADO      ,0,0
Silver Gate Elementary,6040166,San Diego Unified,SAN DIEGO      ,0,0
Silver Oak Elementary,6111942,Evergreen Elementary,SANTA CLARA    ,0,0
Silver Oak High Public Montessori Charter,127944,Hayward Unified,ALAMEDA        ,0,0
Silver Springs High (Continuation),2930071,Nevada Joint Union High,NEVADA         ,0,0
Silver Spur Elementary,6021349,Palos Verdes Peninsula Unified,LOS ANGELES    ,0,0
Silver Strand Elementary,6038087,Coronado Unified,SAN DIEGO      ,0,0
Silver Valley Academy,3631199,Silver Valley Unified,SAN BERNARDINO ,0,0
Silver Valley High,3630274,Silver Valley Unified,SAN BERNARDINO ,1,6
Silver Wing Elementary,6038004,Chula Vista Elementary,SAN DIEGO      ,0,0
Silverado High,3030079,Saddleback Valley Unified,ORANGE         ,0,0
Silverado High,3630787,Victor Valley Union High,SAN BERNARDINO ,0,14
Silverado Middle,6058796,Napa Valley Unified,NAPA           ,0,0
Silverado Middle,6115604,Dry Creek Joint Elementary,PLACER         ,0,0
Silverwood Elementary,6004303,Mt. Diablo Unified,CONTRA COSTA   ,0,0
Simi Valley High,5636188,Simi Valley Unified,VENTURA        ,0,15
Simon Rodia Continuation,1930973,Los Angeles Unified,LOS ANGELES    ,0,0
Simonds Elementary,6048706,San Jose Unified,SANTA CLARA    ,0,0
Simons Middle,6058523,Pomona Unified,LOS ANGELES    ,0,0
Sinaloa Middle,6058614,Novato Unified,MARIN          ,0,0
Sinaloa Middle,6060354,Simi Valley Unified,VENTURA        ,0,0
Sinclear Elementary,109090,Ceres Unified,STANISLAUS     ,0,0
Sing Lum Elementary,6104632,Panama-Buena Vista Union,KERN           ,0,0
Sinsheimer Elementary,6043285,San Luis Coastal Unified,SAN LUIS OBISPO,0,0
Sir Francis Drake High,2131340,Tamalpais Union High,MARIN          ,0,16
Sisk Elementary,6106934,Salida Union Elementary,STANISLAUS     ,0,0
Siskiyou County Special Education,6069405,Siskiyou County Office of Education,SISKIYOU       ,0,0
Sisson,131102,Mt. Shasta Union Elementary,SISKIYOU       ,0,0
Sitting Bull Academy,110866,Apple Valley Unified,SAN BERNARDINO ,0,0
Six Rivers Charter High,107110,Northern Humboldt Union High,HUMBOLDT       ,0,0
Sixth Avenue Elementary,6019236,Los Angeles Unified,LOS ANGELES    ,0,0
Sixth Grade Charter Academy at Petaluma Jr. High,124339,Petaluma City Elementary,SONOMA         ,0,0
Sixth Street Prep,6101927,Victor Elementary,SAN BERNARDINO ,0,0
Sixty-First Street Elementary,6019251,Los Angeles Unified,LOS ANGELES    ,0,0
Sixty-Sixth Street Elementary,6019269,Los Angeles Unified,LOS ANGELES    ,0,0
Sky Country Elementary,6104491,Jurupa Unified,RIVERSIDE      ,0,0
Sky Mountain Charter,115089,Lucerne Valley Unified,SAN BERNARDINO ,0,9
Sky View Elementary,110585,Perris Elementary,RIVERSIDE      ,0,0
Skyblue Mesa Elementary,6022727,Saugus Union,LOS ANGELES    ,0,0
Skycrest Elementary,6034912,San Juan Unified,SACRAMENTO     ,0,0
Skyline Elementary,6045132,South San Francisco Unified,SAN MATEO      ,0,0
Skyline High,137943,Oakland Unified,ALAMEDA        ,1,14
Skyline North Elementary,6035414,Barstow Unified,SAN BERNARDINO ,0,0
Skyridge Elementary,6109680,Auburn Union Elementary,PLACER         ,0,0
Slater Elementary,6085138,Fresno Unified,FRESNO         ,0,0
Slater Special Education Preschool,121889,Mountain View Whisman,SANTA CLARA    ,0,0
Slauson Intermediate,6011324,Azusa Unified,LOS ANGELES    ,0,0
Sleepy Hollow Elementary,6004501,Orinda Union Elementary,CONTRA COSTA   ,0,0
Sloat (Commodore) Elementary,6040851,San Francisco Unified,SAN FRANCISCO  ,0,0
Slover Mountain High (Continuation),3636131,Colton Joint Unified,SAN BERNARDINO ,0,0
Smiley Elementary,6036586,Redlands Unified,SAN BERNARDINO ,0,0
Smith (C. L.) Elementary,6043202,San Luis Coastal Unified,SAN LUIS OBISPO,0,0
Smith River Elementary,6005458,Del Norte County Unified,DEL NORTE      ,0,0
Smythe Academy of Arts and Sciences,6033336,Twin Rivers Unified,SACRAMENTO     ,0,0
Smythe Elementary,6085146,San Ysidro Elementary,SAN DIEGO      ,0,0
Snelling-Merced Falls Elementary,6025795,Snelling-Merced Falls Union Elementary,MERCED         ,0,0
Snow Elementary,6026942,Napa Valley Unified,NAPA           ,0,0
Snowline Academy,3630589,Snowline Joint Unified,SAN BERNARDINO ,0,0
Social Justice Leadership Academy at Esteban E. To,122366,Los Angeles Unified,LOS ANGELES    ,0,5
Sol Aureus College Preparatory,101295,Sacramento City Unified,SACRAMENTO     ,0,0
Solana Highlands Elementary,6106140,Solana Beach Elementary,SAN DIEGO      ,0,0
Solana Pacific Elementary,105825,Solana Beach Elementary,SAN DIEGO      ,0,0
Solana Ranch Elementary,129049,Solana Beach Elementary,SAN DIEGO      ,0,0
Solana Santa Fe Elementary,6111181,Solana Beach Elementary,SAN DIEGO      ,0,0
Solana Vista Elementary,6070882,Solana Beach Elementary,SAN DIEGO      ,0,0
Solano Avenue Elementary,6019277,Los Angeles Unified,LOS ANGELES    ,0,0
Solano County Community,6089668,Solano County Office of Education,SOLANO         ,0,0
Solano County Juvenile Detention Facility - Evergr,4830071,Solano County Office of Education,SOLANO         ,0,0
Solano County Special Education,6069538,Solano County Office of Education,SOLANO         ,0,0
Solano Middle,6060198,Vallejo City Unified,SOLANO         ,0,0
Soldier Mountain High (Continuation),4530226,Fall River Joint Unified,SHASTA         ,0,0
Soleado Elementary,6021356,Palos Verdes Peninsula Unified,LOS ANGELES    ,0,0
Soledad High,2730190,Soledad Unified,MONTEREY       ,0,10
Soleil Academy Charter,137166,Los Angeles County Office of Education,LOS ANGELES    ,0,0
Solorsano Middle,100990,Gilroy Unified,SANTA CLARA    ,0,0
Solvang Elementary,6046072,Solvang Elementary,SANTA BARBARA  ,0,0
Somavia High,2730067,Gonzales Unified,MONTEREY       ,0,0
Somerset Continuation High,1938190,Bellflower Unified,LOS ANGELES    ,0,0
Somerset Middle,6053094,Sylvan Union Elementary,STANISLAUS     ,0,0
Somis Elementary,6055834,Somis Union,VENTURA        ,0,0
Sonia Sotomayor Arts and Sciences Academies,124412,Los Angeles Unified,LOS ANGELES    ,0,5
Sonoma Charter,6111678,Sonoma Valley Unified,SONOMA         ,0,0
Sonoma County Alternative Education Programs,4930343,Sonoma County Office of Education,SONOMA         ,0,0
Sonoma County Court,4930079,Sonoma County Office of Education,SONOMA         ,0,0
Sonoma County Special Education,6069413,Sonoma County Office of Education,SONOMA         ,0,0
Sonoma Elementary,6093512,Modesto City Elementary,STANISLAUS     ,0,0
Sonoma Mountain Elementary,6114755,Old Adobe Union,SONOMA         ,0,0
Sonoma Mountain High (Continuation),4930111,Petaluma Joint Union High,SONOMA         ,0,0
Sonoma Valley High,4937256,Sonoma Valley Unified,SONOMA         ,0,11
Sonora Elementary,6029482,Newport-Mesa Unified,ORANGE         ,0,0
Sonora Elementary,6054910,Sonora Elementary,TUOLUMNE       ,0,0
Sonora High,3037090,Fullerton Joint Union High,ORANGE         ,5,15
Sonora High,5536503,Sonora Union High,TUOLUMNE       ,0,2
Sophia T. Salvin Special Education Center,6060586,Los Angeles Unified,LOS ANGELES    ,0,0
Soquel Elementary,6049985,Soquel Union Elementary,SANTA CRUZ     ,0,0
Soquel High,4437406,Santa Cruz City High,SANTA CRUZ     ,0,11
Soto Street Elementary,6019285,Los Angeles Unified,LOS ANGELES    ,0,0
Soulsbyville Elementary,6054928,Soulsbyville Elementary,TUOLUMNE       ,0,0
South Bay Charter,124289,South Bay Union Elementary,HUMBOLDT       ,0,0
South Bay Elementary,6008171,South Bay Union Elementary,HUMBOLDT       ,0,0
South Coast Continuation,2330108,Point Arena Joint Union High,MENDOCINO      ,0,0
South County Consortium,132357,Petaluma City Elementary,SONOMA         ,0,0
South East High,109454,Los Angeles Unified,LOS ANGELES    ,0,14
South El Monte High,1995661,El Monte Union High,LOS ANGELES    ,0,16
South Fork Elementary,6010060,South Fork Union,KERN           ,0,0
South Fork High,5530092,Summerville Union High,TUOLUMNE       ,0,0
South Fork Junior - Senior High,1237007,Southern Humboldt Joint Unified,HUMBOLDT       ,0,2
South Fortuna Elementary,6007876,Fortuna Elementary,HUMBOLDT       ,0,0
South Gate Middle,6058309,Los Angeles Unified,LOS ANGELES    ,0,0
South Gate Senior High,1938307,Los Angeles Unified,LOS ANGELES    ,0,12
South High,1535392,Kern High,KERN           ,0,5
South High,1938356,Torrance Unified,LOS ANGELES    ,0,14
South Hills High,1938372,Covina-Valley Unified,LOS ANGELES    ,7,15
South Hillsborough,6043681,Hillsborough City Elementary,SAN MATEO      ,0,0
South Junior High,6058887,Anaheim Union High,ORANGE         ,0,0
South Lake Middle,6111876,Irvine Unified,ORANGE         ,0,0
South Lindhurst Continuation High,5830096,Marysville Joint Unified,YUBA           ,0,0
South Oceanside Elementary,6038921,Oceanside Unified,SAN DIEGO      ,0,0
South Park Elementary,6019293,Los Angeles Unified,LOS ANGELES    ,0,0
South Pasadena Middle,6058556,South Pasadena Unified,LOS ANGELES    ,0,0
South Pasadena Senior High,1938455,South Pasadena Unified,LOS ANGELES    ,0,17
South Pointe Middle,6108344,Walnut Valley Unified,LOS ANGELES    ,0,0
South Ranchito Dual Language Academy,6013403,El Rancho Unified,LOS ANGELES    ,0,0
South San Francisco High,4137279,South San Francisco Unified,SAN MATEO      ,0,10
South Shores/CSUDH Visual and Performing Arts,6019301,Los Angeles Unified,LOS ANGELES    ,0,0
South Sutter Charter,109793,Marcum-Illinois Union Elementary,SUTTER         ,0,7
South Tahoe High,937805,Lake Tahoe Unified,EL DORADO      ,0,6
South Tahoe Middle,6005565,Lake Tahoe Unified,EL DORADO      ,0,0
South Tamarind Elementary,6035901,Fontana Unified,SAN BERNARDINO ,0,0
South Valley High (Continuation),2334704,Ukiah Unified,MENDOCINO      ,0,0
South Valley Middle,6098214,Gilroy Unified,SANTA CLARA    ,0,0
South/West Park Elementary,6042881,Tracy Joint Unified,SAN JOAQUIN    ,0,0
Southeast Middle,106989,Los Angeles Unified,LOS ANGELES    ,0,0
Southern Humboldt Community,106179,Humboldt County Office of Education,HUMBOLDT       ,0,0
Southern Trinity Adult Education,100073,Southern Trinity Joint Unified,TRINITY        ,0,0
Southern Trinity High,5337423,Southern Trinity Joint Unified,TRINITY        ,0,1
Southgate Elementary,6001176,Hayward Unified,ALAMEDA        ,0,0
Southport Elementary,6115463,Washington Unified,YOLO           ,0,0
Southridge Middle,6106504,Fontana Unified,SAN BERNARDINO ,0,0
Southshore Elementary,116749,Menifee Union Elementary,RIVERSIDE      ,0,0
Southwest High,1330133,Central Union High,IMPERIAL       ,8,12
Southwest Middle,6062012,Sweetwater Union High,SAN DIEGO      ,0,0
Southwest Senior High,3730124,Sweetwater Union High,SAN DIEGO      ,0,17
Space Aeronautics Gateway to Exploration Magnet Ac,135301,Palmdale Elementary,LOS ANGELES    ,0,0
Spanos (Alex G.) Elementary,118752,Stockton Unified,SAN JOAQUIN    ,0,0
Sparks Elementary,6014369,Hacienda la Puente Unified,LOS ANGELES    ,0,0
Sparks Middle,6014377,Hacienda la Puente Unified,LOS ANGELES    ,0,0
Special Education,6069439,Tulare County Office of Education,TULARE         ,0,0
Spencer Valley Elementary,6040554,Spencer Valley Elementary,SAN DIEGO      ,0,0
Spreckels Elementary,6040174,San Diego Unified,SAN DIEGO      ,0,0
Spring Creek Matanzas Charter,6052039,Rincon Valley Union Elementary,SONOMA         ,0,0
Spring Grove Elementary,6095202,North County Joint Union Elementary,SAN BENITO     ,0,0
Spring Hill High (Continuation),2230035,Mariposa County Unified,MARIPOSA       ,0,0
Spring Lake Elementary,138180,Woodland Joint Unified,YOLO           ,0,0
Spring Valley Academy,134155,La Mesa-Spring Valley,SAN DIEGO      ,3,0
Spring Valley Elementary,6024103,Chawanakee Unified,MADERA         ,0,0
Spring Valley Elementary,6041594,San Francisco Unified,SAN FRANCISCO  ,0,0
Spring View Middle,6029698,Ocean View,ORANGE         ,0,0
Spring View Middle,6100903,Rocklin Unified,PLACER         ,0,0
Springbrook Elementary,6107502,Irvine Unified,ORANGE         ,0,0
Springer Elementary,6047500,Los Altos Elementary,SANTA CLARA    ,0,0
Springhill Elementary,6003792,Lafayette Elementary,CONTRA COSTA   ,0,0
Springville Elementary,6054365,Springville Union Elementary,TULARE         ,0,0
Spruce Elementary,6045140,South San Francisco Unified,SAN MATEO      ,0,0
Spurgeon Intermediate,6094684,Santa Ana Unified,ORANGE         ,0,0
Spy Rock Elementary,6107866,Laytonville Unified,MENDOCINO      ,0,0
St. HOPE Public School 7,101048,Sacramento City Unified,SACRAMENTO     ,0,0
Stagg Senior High,3937406,Stockton Unified,SAN JOAQUIN    ,0,7
Stagg Street Elementary,6019319,Los Angeles Unified,LOS ANGELES    ,0,0
Standard Elementary,6010086,Standard Elementary,KERN           ,0,0
Standard Middle,6010094,Standard Elementary,KERN           ,0,0
Standiford Elementary,6053102,Sylvan Union Elementary,STANISLAUS     ,0,0
Standley Middle,6096598,San Diego Unified,SAN DIEGO      ,0,0
Stanford Avenue Elementary,6003271,Oroville City Elementary,BUTTE          ,0,0
Stanford Elementary,6028765,Garden Grove Unified,ORANGE         ,0,0
Stanford Middle,6061378,Long Beach Unified,LOS ANGELES    ,0,0
Stanford Primary Center,106930,Los Angeles Unified,LOS ANGELES    ,0,0
Stanislaus Alternative Charter,129023,Stanislaus County Office of Education,STANISLAUS     ,0,0
Stanislaus County Institute of Learning,131235,Stanislaus County Office of Education,STANISLAUS     ,0,0
Stanislaus County Special Education,6069546,Stanislaus County Office of Education,STANISLAUS     ,0,0
Stanislaus County West Campus,5030069,Stanislaus County Office of Education,STANISLAUS     ,0,0
Stanislaus Elementary,6053078,Stanislaus Union Elementary,STANISLAUS     ,0,0
Stanley G. Oswalt Academy,6103352,Rowland Unified,LOS ANGELES    ,0,0
Stanley Mosk Elementary,122226,Los Angeles Unified,LOS ANGELES    ,0,0
Stanton Elementary,6013916,Glendora Unified,LOS ANGELES    ,0,0
Stanton Elementary,6090468,Castro Valley Unified,ALAMEDA        ,0,0
Stanwood A. Murphy Elementary,6008155,Scotia Union Elementary,HUMBOLDT       ,0,0
Star View Elementary,6029706,Ocean View,ORANGE         ,0,0
Starlight Elementary,6108146,Pajaro Valley Unified,SANTA CRUZ     ,0,0
Starr Elementary,6088934,Fresno Unified,FRESNO         ,0,0
Starr King K-8,6034920,San Juan Unified,SACRAMENTO     ,0,0
State Line Elementary,6025886,Modoc Joint Unified,MODOC          ,0,0
State Street Elementary,6019335,Los Angeles Unified,LOS ANGELES    ,0,0
Stauffer (Mary R.) Middle,6057640,Downey Unified,LOS ANGELES    ,0,0
Steele Canyon High,3731262,Grossmont Union High,SAN DIEGO      ,0,7
Steele Lane Elementary,6052195,Santa Rosa Elementary,SONOMA         ,0,0
Steffan Manor Elementary,6051544,Vallejo City Unified,SOLANO         ,0,0
Stege Elementary,6004972,West Contra Costa Unified,CONTRA COSTA   ,0,0
Steindorf STEAM K-8 Magnet,133439,Cambrian,SANTA CLARA    ,0,0
Stella Brockman Elementary,6109532,Manteca Unified,SAN JOAQUIN    ,0,0
Stella Elementary Charter Academy,137604,Los Angeles Unified,LOS ANGELES    ,0,0
Stella I. Hills Elementary,6109060,Bakersfield City,KERN           ,0,0
Stella Middle Charter Academy,100669,Los Angeles Unified,LOS ANGELES    ,0,0
Stellar Charter,135889,Redding Elementary,SHASTA         ,0,0
Stephen Foster Elementary,6011704,Bellflower Unified,LOS ANGELES    ,0,0
Stephen M. White Middle,6058366,Los Angeles Unified,LOS ANGELES    ,0,0
Stephen R. Fitz Intermediate,6028773,Garden Grove Unified,ORANGE         ,0,0
Stephens Elementary,6023899,Chowchilla Elementary,MADERA         ,0,0
Stephens Middle,6057848,Long Beach Unified,LOS ANGELES    ,0,0
Steve Luther Elementary,6027874,Cypress Elementary,ORANGE         ,0,0
Steven Millard Elementary,6090559,Fremont Unified,ALAMEDA        ,0,0
Stevens Creek Elementary,6047088,Cupertino Union,SANTA CLARA    ,0,0
Stevenson (Robert Louis) Elementary,6041529,San Francisco Unified,SAN FRANCISCO  ,0,0
Stevenson Elementary,6015622,Long Beach Unified,LOS ANGELES    ,0,0
Stevenson Elementary,6049464,Mountain View Whisman,SANTA CLARA    ,0,0
Stevenson Ranch Elementary,6113047,Newhall,LOS ANGELES    ,0,0
Stewart Elementary,6004980,West Contra Costa Unified,CONTRA COSTA   ,0,0
Stine Elementary,6009955,Panama-Buena Vista Union,KERN           ,0,0
Stipe (Samuel) Elementary,6048177,Oak Grove Elementary,SANTA CLARA    ,0,0
Stockard Coffee Elementary,6095517,Sylvan Union Elementary,STANISLAUS     ,0,0
Stockdale Elementary,6096986,Panama-Buena Vista Union,KERN           ,0,0
Stockdale High,1530344,Kern High,KERN           ,0,14
Stockton Collegiate International Elementary,120725,Stockton Unified,SAN JOAQUIN    ,0,0
Stockton Collegiate International Secondary,120733,Stockton Unified,SAN JOAQUIN    ,18,0
Stockton Early College Academy,119743,Stockton Unified,SAN JOAQUIN    ,0,8
Stockton High,119784,Stockton Unified,SAN JOAQUIN    ,0,0
Stoddard (Alexander J.) Elementary,6027247,Anaheim Elementary,ORANGE         ,0,0
Stone Avenue Elementary,6111280,Jurupa Unified,RIVERSIDE      ,0,0
Stone Bridge,108605,Napa Valley Unified,NAPA           ,0,0
Stone Corral Elementary,6054373,Stone Corral Elementary,TULARE         ,0,0
Stone Creek Elementary,6096200,Irvine Unified,ORANGE         ,0,0
Stone Lake Elementary,6118053,Elk Grove Unified,SACRAMENTO     ,0,0
Stone Ranch Elementary,102822,Poway Unified,SAN DIEGO      ,0,0
Stone Valley Middle,6005144,San Ramon Valley Unified,CONTRA COSTA   ,0,0
Stonebrae Elementary,111815,Hayward Unified,ALAMEDA        ,0,0
Stonecreek Junior High,110775,Panama-Buena Vista Union,KERN           ,0,0
Stonegate Elementary,114710,Washington Unified,YOLO           ,0,0
Stonegate Elementary,6071542,Franklin-McKinley Elementary,SANTA CLARA    ,0,0
Stonegate Elementary,6096192,Irvine Unified,ORANGE         ,0,0
Stonehurst Avenue Elementary,6019343,Los Angeles Unified,LOS ANGELES    ,0,0
Stoneman Elementary,6109383,Pittsburg Unified,CONTRA COSTA   ,0,0
Stoner Avenue Elementary,6019350,Los Angeles Unified,LOS ANGELES    ,0,0
Stoneridge Elementary,3130242,Roseville City Elementary,PLACER         ,0,0
Stoney Point Continuation,1931559,Los Angeles Unified,LOS ANGELES    ,0,0
Stowers(Cecil B.) Elementary,6066716,ABC Unified,LOS ANGELES    ,0,0
Strandwood Elementary,6004311,Mt. Diablo Unified,CONTRA COSTA   ,0,0
Stratford Elementary,6010326,Central Union Elementary,KINGS          ,0,0
Strathern Street Elementary,6019368,Los Angeles Unified,LOS ANGELES    ,0,0
Strathmore Elementary,114595,Strathmore Union Elementary,TULARE         ,0,0
Strathmore High,5434931,Porterville Unified,TULARE         ,0,3
Strawberry Elementary,6098248,Bennett Valley Union Elementary,SONOMA         ,0,0
Strawberry Point Elementary,6024467,Mill Valley Elementary,MARIN          ,0,0
Street Academy (Alternative),130179,Oakland Unified,ALAMEDA        ,0,0
Strobridge Elementary,6062160,Hayward Unified,ALAMEDA        ,0,0
Stuart Mesa Elementary,6115299,Oceanside Unified,SAN DIEGO      ,0,0
Studebaker Elementary,6015093,Little Lake City Elementary,LOS ANGELES    ,0,0
Studio,127829,Los Angeles Unified,LOS ANGELES    ,0,0
Success Academy,6117097,Sacramento City Unified,SACRAMENTO     ,0,0
Success Learning Center,138545,Wiseburn Unified,LOS ANGELES    ,0,0
Success One!,130724,Glenn County Office of Education,GLENN          ,0,0
Sugar Hill Elementary,6106066,Moreno Valley Unified,RIVERSIDE      ,0,0
"Sugarloaf Mountain, Juvenile Hall Program",116913,Nevada County Office of Education,NEVADA         ,0,0
Suisun Elementary,6100754,Fairfield-Suisun Unified,SOLANO         ,0,0
Suisun Valley Elementary,6051221,Fairfield-Suisun Unified,SOLANO         ,0,0
Sulphur Springs Community Elementary,6022917,Sulphur Springs Union,LOS ANGELES    ,0,0
Sultana Elementary,6036412,Ontario-Montclair,SAN BERNARDINO ,0,0
Sultana High,3630746,Hesperia Unified,SAN BERNARDINO ,1,16
Sumac Elementary,6093025,Las Virgenes Unified,LOS ANGELES    ,0,0
Summerdale Elementary,6095350,Berryessa Union Elementary,SANTA CLARA    ,0,0
Summerland Elementary,6045322,Carpinteria Unified,SANTA BARBARA  ,0,0
Summerville Elementary,6054936,Summerville Elementary,TUOLUMNE       ,0,0
Summerville High,5536750,Summerville Union High,TUOLUMNE       ,1,4
Summerwind Elementary,6108633,Palmdale Elementary,LOS ANGELES    ,0,0
Summit Charter Academy,109009,Burton Elementary,TULARE         ,0,4
Summit High,108191,Fontana Unified,SAN BERNARDINO ,0,20
Summit High (Continuation),114504,Desert Sands Unified,RIVERSIDE      ,0,0
Summit High (Continuation),730424,Mt. Diablo Unified,CONTRA COSTA   ,0,0
Summit Intermediate,6035786,Etiwanda Elementary,SAN BERNARDINO ,0,0
Summit Leadership Academy-High Desert,107516,Hesperia Unified,SAN BERNARDINO ,1,1
Summit Preparatory Charter,131839,Los Angeles Unified,LOS ANGELES    ,0,0
Summit Preparatory Charter High,112722,Sequoia Union High,SAN MATEO      ,0,8
Summit Public School K2,129684,Contra Costa County Office of Education,CONTRA COSTA   ,0,3
Summit Public School: Denali,128090,Santa Clara County Office of Education,SANTA CLARA    ,0,4
Summit Public School: Rainier,123745,East Side Union High,SANTA CLARA    ,0,8
Summit Public School: Shasta,127548,Jefferson Union High,SAN MATEO      ,0,8
Summit Public School: Tahoma,123794,Santa Clara County Office of Education,SANTA CLARA    ,0,8
Summit Public School: Tamalpais,133637,West Contra Costa Unified,CONTRA COSTA   ,0,0
Summit Secondary,134189,Alvord Unified,RIVERSIDE      ,0,0
Summit View Independent Study,3330362,Riverside Unified,RIVERSIDE      ,0,1
Sumner Elementary,6012207,Claremont Unified,LOS ANGELES    ,0,0
Sun Empire Elementary,6007371,Kerman Unified,FRESNO         ,0,0
Sun Terrace Elementary,6004329,Mt. Diablo Unified,CONTRA COSTA   ,0,0
Sun Valley Elementary,6024863,San Rafael City Elementary,MARIN          ,0,0
Sun Valley High,119651,Los Angeles Unified,LOS ANGELES    ,0,5
Sun Valley Magnet,6061600,Los Angeles Unified,LOS ANGELES    ,0,7
Sundale Elementary,6054399,Sundale Union Elementary,TULARE         ,0,0
Sundance Elementary,101006,Beaumont Unified,RIVERSIDE      ,0,0
Sundown Elementary,6111520,Westside Union Elementary,LOS ANGELES    ,0,0
Sunkist Elementary,6011571,Bassett Unified,LOS ANGELES    ,0,0
Sunland Elementary,6019376,Los Angeles Unified,LOS ANGELES    ,0,0
Sunny Brae Avenue Elementary,6019384,Los Angeles Unified,LOS ANGELES    ,0,0
Sunny Brae Middle,6007660,Arcata Elementary,HUMBOLDT       ,0,0
Sunny Hills High,3037348,Fullerton Joint Union High,ORANGE         ,8,22
Sunny Sands Elementary,6108450,Palm Springs Unified,RIVERSIDE      ,0,0
Sunnybrae Elementary,6045017,San Mateo-Foster City,SAN MATEO      ,0,0
Sunnydale Elementary,6014765,Lancaster Elementary,LOS ANGELES    ,0,0
Sunnymead Elementary,6032338,Moreno Valley Unified,RIVERSIDE      ,0,0
Sunnymead Middle,6108690,Moreno Valley Unified,RIVERSIDE      ,0,0
Sunnymeadows Elementary,6103519,Moreno Valley Unified,RIVERSIDE      ,0,0
Sunnyside Elementary,6038012,Chula Vista Elementary,SAN DIEGO      ,0,0
Sunnyside Elementary,6054407,Sunnyside Union Elementary,TULARE         ,0,0
Sunnyside High,1030675,Fresno Unified,FRESNO         ,0,18
Sunnyslope Elementary,6035042,Hollister,SAN BENITO     ,0,0
Sunnyslope Elementary,6106843,Jurupa Unified,RIVERSIDE      ,0,0
Sunnyvale Middle,6049258,Sunnyvale,SANTA CLARA    ,0,0
Sunol Glen Elementary,6002711,Sunol Glen Unified,ALAMEDA        ,0,0
Sunridge Charter,4930350,Twin Hills Union Elementary,SONOMA         ,0,0
Sunrise (Special Education),6004238,Mt. Diablo Unified,CONTRA COSTA   ,0,0
Sunrise Elementary,114702,Elk Grove Unified,SACRAMENTO     ,0,0
Sunrise High (Continuation),1630078,Reef-Sunset Unified,KINGS          ,0,1
Sunrise Middle,124065,Santa Clara County Office of Education,SANTA CLARA    ,0,0
Sunset,6010227,Vineland Elementary,KERN           ,0,0
Sunset,6069710,Hacienda la Puente Unified,LOS ANGELES    ,0,0
Sunset Elementary,6014385,Hacienda la Puente Unified,LOS ANGELES    ,0,0
Sunset Elementary,6056030,Ventura Unified,VENTURA        ,0,0
Sunset Elementary,6088942,Fresno Unified,FRESNO         ,0,0
Sunset Elementary,6097661,Livermore Valley Joint Unified,ALAMEDA        ,0,0
Sunset High,836205,Del Norte County Unified,DEL NORTE      ,0,0
Sunset High (Continuation),3737384,San Dieguito Union High,SAN DIEGO      ,0,0
Sunset Hills Elementary,6093231,Poway Unified,SAN DIEGO      ,0,0
Sunset Lane Elementary,6028161,Fullerton Elementary,ORANGE         ,0,0
Sunset Ranch Elementary,121244,Rocklin Unified,PLACER         ,0,0
Sunset Ridge Elementary,6044069,Pacifica,SAN MATEO      ,0,0
Sunset View Elementary,6040208,San Diego Unified,SAN DIEGO      ,0,0
Sunshine Gardens Elementary,6045157,South San Francisco Unified,SAN MATEO      ,0,0
Sunshine Special Education,6032767,Riverside Unified,RIVERSIDE      ,0,0
Superior Street Elementary,6019392,Los Angeles Unified,LOS ANGELES    ,0,0
Surprise Valley Elementary,6025902,Surprise Valley Joint Unified,MODOC          ,0,0
Surprise Valley High,2537702,Surprise Valley Joint Unified,MODOC          ,0,0
Susan B. Anthony Elementary,6071336,Sacramento City Unified,SACRAMENTO     ,0,0
Susan B. Anthony Elementary,6111231,Fresno Unified,FRESNO         ,0,0
Susan B. Anthony Elementary,6112957,Corona-Norco Unified,RIVERSIDE      ,0,0
Susan B. Anthony Elementary,6115364,Jefferson Elementary,SAN MATEO      ,0,0
Susan H. Nelson,3330636,Temecula Valley Unified,RIVERSIDE      ,0,5
Susan La Vorgna Elementary,108498,Temecula Valley Unified,RIVERSIDE      ,0,0
Susan Miller Dorsey Senior High,1932383,Los Angeles Unified,LOS ANGELES    ,0,10
Sussman (Edward A.) Middle,6057632,Downey Unified,LOS ANGELES    ,0,0
Sutherland Elementary,6013924,Glendora Unified,LOS ANGELES    ,0,0
Sutherland Elementary,6110944,Lodi Unified,SAN JOAQUIN    ,0,0
Sutro Elementary,6041644,San Francisco Unified,SAN FRANCISCO  ,0,0
Sutter County Special Education,6069454,Sutter County Office of Education,SUTTER         ,0,0
Sutter Creek Elementary,6002877,Amador County Unified,AMADOR         ,0,0
Sutter Elementary,6003628,Antioch Unified,CONTRA COSTA   ,0,0
Sutter High,5137500,Sutter Union High,SUTTER         ,0,8
Sutter Middle,6066690,Sacramento City Unified,SACRAMENTO     ,0,0
Sutter Middle,6118012,Folsom-Cordova Unified,SACRAMENTO     ,0,0
Sutter Peak Charter Academy,132977,Nuestro Elementary,SUTTER         ,0,0
Sutters Mill,6110167,Gold Trail Union Elementary,EL DORADO      ,0,0
Sutterville Elementary,6034276,Sacramento City Unified,SACRAMENTO     ,0,0
Suva Elementary,6020655,Montebello Unified,LOS ANGELES    ,0,0
Suva Intermediate,6085682,Montebello Unified,LOS ANGELES    ,0,0
Suzanne Middle,6023386,Walnut Valley Unified,LOS ANGELES    ,0,0
Sven Lokrantz Special Education Center,6060578,Los Angeles Unified,LOS ANGELES    ,0,0
Sweetwater Community Day,6117154,Sweetwater Union High,SAN DIEGO      ,0,0
Sweetwater High,3738226,Sweetwater Union High,SAN DIEGO      ,0,20
Sweetwater Secondary,136473,SBE - Sweetwater Secondary,SAN DIEGO      ,0,1
Sweetwater Springs Elementary,6111207,La Mesa-Spring Valley,SAN DIEGO      ,0,0
Sybil N. Crookham Elementary,6025837,Winton,MERCED         ,0,0
Sycamore Academy of Science and Cultural Arts,120204,Lake Elsinore Unified,RIVERSIDE      ,0,0
Sycamore Canyon,6118582,Conejo Valley Unified,VENTURA        ,0,0
Sycamore Canyon Elementary,6040406,Santee,SAN DIEGO      ,0,0
Sycamore Elementary,6012215,Claremont Unified,LOS ANGELES    ,0,0
Sycamore Hills Elementary,6120422,Colton Joint Unified,SAN BERNARDINO ,0,0
Sycamore Junior High,6058895,Anaheim Union High,ORANGE         ,0,0
Sycamore Middle,6003164,Gridley Unified,BUTTE          ,0,0
Sycamore Ridge,110114,Del Mar Union Elementary,SAN DIEGO      ,0,0
Sycamore Rocks Elementary,6112825,Apple Valley Unified,SAN BERNARDINO ,0,0
Sycamore Valley Academy,125542,Tulare County Office of Education,TULARE         ,0,0
Sycamore Valley Elementary,6110449,San Ramon Valley Unified,CONTRA COSTA   ,0,0
Sylmar Biotech Health Academy,130997,Los Angeles Unified,LOS ANGELES    ,0,3
Sylmar Charter High,1938554,Los Angeles Unified,LOS ANGELES    ,0,16
Sylmar Elementary,6019400,Los Angeles Unified,LOS ANGELES    ,0,0
Sylmar Leadership Academy,126599,Los Angeles Unified,LOS ANGELES    ,0,0
Sylvan Elementary,6053110,Sylvan Union Elementary,STANISLAUS     ,0,0
Sylvan Middle,6034946,San Juan Unified,SACRAMENTO     ,0,0
Sylvan Park Elementary,6019418,Los Angeles Unified,LOS ANGELES    ,0,0
Sylvandale Middle,6047278,Franklin-McKinley Elementary,SANTA CLARA    ,0,0
Sylvia Cassell Elementary,6046312,Alum Rock Union Elementary,SANTA CLARA    ,0,0
Sylvia Mendez Elementary,6090278,Berkeley Unified,ALAMEDA        ,0,0
Synergy Charter Academy,106427,Los Angeles Unified,LOS ANGELES    ,0,0
Synergy Kinetic Academy,117895,Los Angeles Unified,LOS ANGELES    ,0,0
Synergy Quantum Academy,124560,Los Angeles Unified,LOS ANGELES    ,0,8
T. L. Waggoner Elementary,6117808,Imperial Unified,IMPERIAL       ,0,0
T. L. Whitehead Elementary,6066260,Woodland Joint Unified,YOLO           ,0,0
T. R. Smedberg Middle,6113831,Elk Grove Unified,SACRAMENTO     ,0,0
T. S. MacQuiddy Elementary,6049803,Pajaro Valley Unified,SANTA CRUZ     ,0,0
T.H.E Leadership Academy,100925,Vista Unified,SAN DIEGO      ,0,0
TEACH Academy of Technologies,122242,Los Angeles Unified,LOS ANGELES    ,0,0
TEACH Preparatory Mildred S. Cunningham & Edith H.,138305,Los Angeles Unified,LOS ANGELES    ,0,0
TEACH Tech Charter High,129627,Los Angeles Unified,LOS ANGELES    ,0,2
TEAM Charter,124958,Stockton Unified,SAN JOAQUIN    ,0,0
TRACE,3731056,San Diego Unified,SAN DIEGO      ,0,0
Taawila Elementary,136838,Menifee Union Elementary,RIVERSIDE      ,0,0
Table Mountain,430066,Butte County Office of Education,BUTTE          ,0,0
Taft Charter High,1938612,Los Angeles Unified,LOS ANGELES    ,0,20
Taft Elementary,6029961,Orange Unified,ORANGE         ,0,0
Taft Elementary,6042766,Stockton Unified,SAN JOAQUIN    ,0,0
Taft Elementary,6044598,Redwood City Elementary,SAN MATEO      ,0,0
Taft High,1030451,Sanger Unified,FRESNO         ,0,0
Taft Middle,6059711,San Diego Unified,SAN DIEGO      ,0,0
Taft Primary,6010169,Taft City,KERN           ,0,0
Taft Union High,1535905,Taft Union High,KERN           ,0,3
Tahoe Elementary,6034284,Sacramento City Unified,SACRAMENTO     ,0,0
Tahoe Lake Elementary,6031314,Tahoe-Truckee Unified,PLACER         ,0,0
Tahoe Truckee High,3138500,Tahoe-Truckee Unified,PLACER         ,0,8
Tahoe Valley Elementary,6005573,Lake Tahoe Unified,EL DORADO      ,0,0
Tahquitz High,113159,Hemet Unified,RIVERSIDE      ,0,12
Talbert (Samuel E.) Middle,6071096,Fountain Valley Elementary,ORANGE         ,0,0
Tamalpais High,2133692,Tamalpais Union High,MARIN          ,0,17
Tamalpais Valley Elementary,6024475,Mill Valley Elementary,MARIN          ,0,0
Tamarack Elementary,6118566,Reef-Sunset Unified,KINGS          ,0,0
Tamarisk Elementary,129973,Palmdale Elementary,LOS ANGELES    ,0,0
Tamiscal High (Alternative),2130078,Tamalpais Union High,MARIN          ,0,3
Tamura (Hisamatsu) Elementary,6027924,Fountain Valley Elementary,ORANGE         ,0,0
Taper Avenue Elementary,6019426,Los Angeles Unified,LOS ANGELES    ,0,0
Tara Hills Elementary,6004998,West Contra Costa Unified,CONTRA COSTA   ,0,0
Tarpey Elementary,6005912,Clovis Unified,FRESNO         ,0,0
Tarzana Elementary,6019434,Los Angeles Unified,LOS ANGELES    ,0,0
Tassajara Hills Elementary,6114326,San Ramon Valley Unified,CONTRA COSTA   ,0,0
Taylion High Desert Academy/Adelanto,128462,Adelanto Elementary,SAN BERNARDINO ,2,0
Taylor (Bertha) Elementary,6097430,Oak Grove Elementary,SANTA CLARA    ,0,0
Taylor (Edward R.) Elementary,6040943,San Francisco Unified,SAN FRANCISCO  ,0,0
Taylor (Ida Redmond) Elementary,6119812,Santa Maria-Bonita,SANTA BARBARA  ,0,0
Taylor Leadership Academy,6042774,Stockton Unified,SAN JOAQUIN    ,0,0
Taylor Middle,6044267,Millbrae Elementary,SAN MATEO      ,0,0
Taylor Mountain Elementary,113506,Bellevue Union,SONOMA         ,0,0
Taylor Street Elementary,6033757,Robla Elementary,SACRAMENTO     ,0,0
Teach Elementary,6043301,San Luis Coastal Unified,SAN LUIS OBISPO,0,0
Teague Elementary,6007389,Central Unified,FRESNO         ,0,0
Team Charter Academy,136283,Stockton Unified,SAN JOAQUIN    ,0,0
Technology High,4930384,Cotati-Rohnert Park Unified,SONOMA         ,0,8
Technology Middle,128348,Cotati-Rohnert Park Unified,SONOMA         ,0,0
Ted Porter Elementary,6120042,Fontana Unified,SAN BERNARDINO ,0,0
Tehachapi High,1536135,Tehachapi Unified,KERN           ,0,7
Tehama County Special Education,6069462,Tehama County Department of Education,TEHAMA         ,0,0
Tehama Oaks High,5230016,Tehama County Department of Education,TEHAMA         ,0,0
Tehama eLearning Academy,6119671,Tehama County Department of Education,TEHAMA         ,0,0
Tehipite Middle,6088538,Fresno Unified,FRESNO         ,0,0
Telesis Academy of Science & Math,125005,Rowland Unified,LOS ANGELES    ,0,0
Telfair Avenue Elementary,6019442,Los Angeles Unified,LOS ANGELES    ,0,0
Temecula Elementary,6108427,Temecula Valley Unified,RIVERSIDE      ,0,0
Temecula International Academy,136168,Riverside County Office of Education,RIVERSIDE      ,0,0
Temecula Luiseno Elementary,113696,Temecula Valley Unified,RIVERSIDE      ,0,0
Temecula Middle,6032825,Temecula Valley Unified,RIVERSIDE      ,0,0
Temecula Preparatory,3330917,Temecula Valley Unified,RIVERSIDE      ,0,11
Temecula Valley Charter,6112551,Temecula Valley Unified,RIVERSIDE      ,0,0
Temecula Valley High,3330370,Temecula Valley Unified,RIVERSIDE      ,0,17
Temescal Canyon High,3330487,Lake Elsinore Unified,RIVERSIDE      ,12,16
Temescal Valley Elementary,100982,Corona-Norco Unified,RIVERSIDE      ,0,0
Temperance-Kutner Elementary,6005920,Clovis Unified,FRESNO         ,0,0
Temple (Roger W.) Intermediate,6101497,Garvey Elementary,LOS ANGELES    ,0,0
Temple Academy,6014393,Hacienda la Puente Unified,LOS ANGELES    ,0,0
Temple City Alternative,1995976,Temple City Unified,LOS ANGELES    ,0,0
Temple City High,1938679,Temple City Unified,LOS ANGELES    ,0,19
Templeton Elementary,6043350,Templeton Unified,SAN LUIS OBISPO,0,0
Templeton High,4037701,Templeton Unified,SAN LUIS OBISPO,0,15
Templeton Home,6118145,Templeton Unified,SAN LUIS OBISPO,0,0
Templeton Independent Study High,4030185,Templeton Unified,SAN LUIS OBISPO,0,0
Templeton Middle,6106371,Templeton Unified,SAN LUIS OBISPO,0,0
Tenaya Elementary,6054837,Big Oak Flat-Groveland Unified,TUOLUMNE       ,0,0
Tenaya Middle,6025704,Merced City Elementary,MERCED         ,0,0
Tenaya Middle,6057343,Fresno Unified,FRESNO         ,0,0
Tenderloin Community,6115901,San Francisco Unified,SAN FRANCISCO  ,0,0
Tennyson High,138339,Hayward Unified,ALAMEDA        ,0,11
Tenth Street Elementary,6019459,Los Angeles Unified,LOS ANGELES    ,0,0
Teofilo Mendoza,6116008,South Bay Union,SAN DIEGO      ,0,0
Teresa Burke Elementary,113167,Wasco Union Elementary,KERN           ,0,0
Teresa Hughes Elementary,6107411,Los Angeles Unified,LOS ANGELES    ,0,0
Terra Bella Elementary,6054415,Terra Bella Union Elementary,TULARE         ,0,0
Terra Cotta Middle,6105548,Lake Elsinore Unified,RIVERSIDE      ,0,0
Terra Linda High,2134005,San Rafael City High,MARIN          ,0,12
Terra Nova High,4137535,Jefferson Union High,SAN MATEO      ,0,9
Terra Vista Elementary,6112122,Etiwanda Elementary,SAN BERNARDINO ,0,0
Terrace Elementary,6009393,Delano Union Elementary,KERN           ,0,0
Terrace Elementary,6031579,Alvord Unified,RIVERSIDE      ,0,0
Terrace Hills Middle,6035703,Colton Joint Unified,SAN BERNARDINO ,0,0
Terrace Middle,6010649,Lakeport Unified,LAKE           ,0,0
Terrace View Elementary,6035711,Colton Joint Unified,SAN BERNARDINO ,0,0
Terrell Elementary,6048714,San Jose Unified,SANTA CLARA    ,0,0
Terry Elementary,6007322,Selma Unified,FRESNO         ,0,0
Tesoro High,3030756,Capistrano Unified,ORANGE         ,0,24
Tesoro del Valle Elementary,108597,Saugus Union,LOS ANGELES    ,0,0
Tetzlaff (Martin B.) Middle,6057459,ABC Unified,LOS ANGELES    ,0,0
Tevis Junior High,6107619,Panama-Buena Vista Union,KERN           ,0,0
The Academy,6117014,Oak Grove Elementary,SANTA CLARA    ,0,0
The Academy of Alameda,122085,Alameda Unified,ALAMEDA        ,0,0
The Academy of Alameda Elementary,131805,Alameda Unified,ALAMEDA        ,0,0
The City,134148,Los Angeles Unified,LOS ANGELES    ,0,0
The Education Corps,128447,Inyo County Office of Education,INYO           ,0,0
The Heights Charter,127118,Dehesa Elementary,SAN DIEGO      ,0,0
The High School at Moorpark College,5630371,Moorpark Unified,VENTURA        ,0,0
The Language Academy of Sacramento,106898,Sacramento City Unified,SACRAMENTO     ,0,0
The MET,101907,Sacramento City Unified,SACRAMENTO     ,0,1
The New School of San Francisco,132183,SBE - The New School of San Francisco,SAN FRANCISCO  ,0,0
The O'Farrell Charter,6061964,San Diego Unified,SAN DIEGO      ,0,10
Thelma B. Bedell Elementary,6055610,Santa Paula Unified,VENTURA        ,0,0
Theodore Bird High,5530043,Sonora Union High,TUOLUMNE       ,0,0
Theodore Judah Elementary,6033252,Folsom-Cordova Unified,SACRAMENTO     ,0,0
Theodore Judah Elementary,6034292,Sacramento City Unified,SACRAMENTO     ,0,0
Theodore Roosevelt,6021471,Paramount Unified,LOS ANGELES    ,0,0
Theodore Roosevelt Elementary,6032007,Desert Sands Unified,RIVERSIDE      ,0,0
Theodore Roosevelt Middle,6057715,Glendale Unified,LOS ANGELES    ,0,0
Theodore Roosevelt Senior High,1937424,Los Angeles Unified,LOS ANGELES    ,0,10
Theodore Vick Elementary,107441,Adelanto Elementary,SAN BERNARDINO ,0,0
Theuerkauf Elementary,6049514,Mountain View Whisman,SANTA CLARA    ,0,0
Think College Now,100792,Oakland Unified,ALAMEDA        ,0,0
Third Street Elementary,6019467,Los Angeles Unified,LOS ANGELES    ,0,0
Thirty-Second Street USC Performing Arts,6019475,Los Angeles Unified,LOS ANGELES    ,0,8
Thomas A. Edison Elementary,6030241,Santa Ana Unified,ORANGE         ,0,0
Thomas A. Edison Middle,6061444,Los Angeles Unified,LOS ANGELES    ,0,0
Thomas B. Moffitt Elementary,6021133,Norwalk-La Mirada Unified,LOS ANGELES    ,0,0
Thomas Downey High,5031802,Modesto City High,STANISLAUS     ,0,11
Thomas E. Mathews Community,113274,Yuba County Office of Education,YUBA           ,0,0
Thomas Edison Charter Academy,6040935,San Francisco Unified,SAN FRANCISCO  ,0,0
Thomas Edison Elementary,6013650,Glendale Unified,LOS ANGELES    ,0,0
Thomas Edison Elementary,6043871,Jefferson Elementary,SAN MATEO      ,0,0
Thomas Edison Language Institute K-8,6034540,San Juan Unified,SACRAMENTO     ,0,0
Thomas Elementary,6006514,Fresno Unified,FRESNO         ,0,0
Thomas Jefferson Elementary,6011712,Bellflower Unified,LOS ANGELES    ,0,0
Thomas Jefferson Elementary,6013718,Glendale Unified,LOS ANGELES    ,0,0
Thomas Jefferson Middle,6010268,Wasco Union Elementary,KERN           ,0,0
Thomas Jefferson Middle,6024053,Madera Unified,MADERA         ,0,0
Thomas Jefferson Middle,6032015,Desert Sands Unified,RIVERSIDE      ,0,0
Thomas Jefferson Senior High,1934371,Los Angeles Unified,LOS ANGELES    ,0,8
Thomas Kelly Elementary,6034631,San Juan Unified,SACRAMENTO     ,0,0
Thomas Law Reed Elementary,106815,Kings Canyon Joint Unified,FRESNO         ,0,0
Thomas Olaeta Elementary,6025373,Atwater Elementary,MERCED         ,0,0
Thomas P. Ryan Elementary,6046320,Alum Rock Union Elementary,SANTA CLARA    ,0,0
Thomas Page Academy,6060669,Cotati-Rohnert Park Unified,SONOMA         ,0,0
Thomas Paine Elementary,6028807,Garden Grove Unified,ORANGE         ,0,0
Thomas R. Pollicita Middle,6043756,Jefferson Elementary,SAN MATEO      ,0,0
Thomas Riley High,1930692,Los Angeles Unified,LOS ANGELES    ,0,0
Thomas Russell Middle,6047682,Milpitas Unified,SANTA CLARA    ,0,0
Thomas S. Hart Middle,6117592,Pleasanton Unified,ALAMEDA        ,0,0
Thomas Starr King Middle School Film and Media Mag,6058085,Los Angeles Unified,LOS ANGELES    ,0,0
Thompson Elementary,6037139,San Bernardino City Unified,SAN BERNARDINO ,0,0
Thompson Middle,6112429,Murrieta Valley Unified,RIVERSIDE      ,0,0
Thornhill Elementary,6002216,Oakland Unified,ALAMEDA        ,0,0
Thornton High,4137592,Jefferson Union High,SAN MATEO      ,0,0
Thornton Junior High,6056915,Fremont Unified,ALAMEDA        ,0,0
Thousand Oaks Elementary,6090310,Berkeley Unified,ALAMEDA        ,0,0
Thousand Oaks High,5637004,Conejo Valley Unified,VENTURA        ,0,17
Three Rings Ranch Elementary,3331089,Beaumont Unified,RIVERSIDE      ,0,0
Three Rivers Charter,123737,Fort Bragg Unified,MENDOCINO      ,0,0
Three Rivers Elementary,6054423,Three Rivers Union Elementary,TULARE         ,0,0
Thrive Public,134429,SBE - Thrive Public,SAN DIEGO      ,0,0
Thurgood Marshall,1996057,Compton Unified,LOS ANGELES    ,0,0
Thurgood Marshall Elementary,100362,Oxnard,VENTURA        ,0,0
Thurgood Marshall Elementary,108381,Lynwood Unified,LOS ANGELES    ,0,0
Thurston Middle,6028914,Laguna Beach Unified,ORANGE         ,0,0
Tibby Elementary,6012405,Compton Unified,LOS ANGELES    ,0,0
Tice Creek,131714,Walnut Creek Elementary,CONTRA COSTA   ,0,0
Tiefort View Intermediate,111096,Silver Valley Unified,SAN BERNARDINO ,0,0
Tierra Bonita Elementary,6095053,Poway Unified,SAN DIEGO      ,0,0
Tierra Bonita Elementary,6114227,Eastside Union Elementary,LOS ANGELES    ,0,0
Tierra Buena Elementary,6053441,Yuba City Unified,SUTTER         ,0,0
Tierra Del Sol Continuation High,125062,Kern High,KERN           ,0,0
Tierra Linda Elementary,6112171,Pleasant Valley,VENTURA        ,0,0
Tierra Linda Middle,6044770,San Carlos Elementary,SAN MATEO      ,0,0
Tierra Pacifica Charter,100388,Live Oak Elementary,SANTA CRUZ     ,0,0
Tierra Vista Elementary,6055180,Ocean View,VENTURA        ,0,0
Tierra del Sol Middle,6085047,Lakeside Union Elementary,SAN DIEGO      ,0,0
Tierrasanta Elementary,6089056,San Diego Unified,SAN DIEGO      ,0,0
Tiffany (Burton C.) Elementary,6095020,Chula Vista Elementary,SAN DIEGO      ,0,0
Tijeras Creek Elementary,6117741,Capistrano Unified,ORANGE         ,0,0
Timber Point Elementary,6119838,Byron Union Elementary,CONTRA COSTA   ,0,0
Tincher Preparatory,6015648,Long Beach Unified,LOS ANGELES    ,0,0
Tioga High,5530076,Big Oak Flat-Groveland Unified,TUOLUMNE       ,0,1
Tioga Middle,6061196,Fresno Unified,FRESNO         ,0,0
Tipton Elementary,6054431,Tipton Elementary,TULARE         ,0,0
Toby Johnson Middle,6120000,Elk Grove Unified,SACRAMENTO     ,0,0
Today's Fresh Start Charter School Inglewood,119552,Inglewood Unified,LOS ANGELES    ,0,0
Today's Fresh Start-Compton,132845,Compton Unified,LOS ANGELES    ,0,0
Toddy Thomas Middle,6008148,Fortuna Elementary,HUMBOLDT       ,0,0
Tokay Elementary,6102933,Fontana Unified,SAN BERNARDINO ,0,0
Tokay High,3934759,Lodi Unified,SAN JOAQUIN    ,0,16
Toland Way Elementary,6019509,Los Angeles Unified,LOS ANGELES    ,0,0
Tolenas Elementary,6051239,Fairfield-Suisun Unified,SOLANO         ,0,0
Toler Elementary,6040224,San Diego Unified,SAN DIEGO      ,0,0
Toluca Lake Elementary,6019517,Los Angeles Unified,LOS ANGELES    ,0,0
Tom Bradley Global Awareness Magnet,6016810,Los Angeles Unified,LOS ANGELES    ,0,0
Tom Hawkins Elementary,6117618,Jefferson Elementary,SAN JOAQUIN    ,0,0
Tom Kitayama Elementary,6115505,New Haven Unified,ALAMEDA        ,0,0
Tom Maloney Elementary,6000715,Fremont Unified,ALAMEDA        ,0,0
Tom Matsumoto Elementary,6115851,Evergreen Elementary,SANTA CLARA    ,0,0
Tomas Rivera Elementary,6112676,Riverside Unified,RIVERSIDE      ,0,0
Tomas Rivera Middle,6111447,Val Verde Unified,RIVERSIDE      ,0,0
Tomorrow's Leadership Collaborative (TLC) Charter,137976,Orange County Department of Education,ORANGE         ,0,0
Tompkins Elementary,6010201,Tehachapi Unified,KERN           ,0,0
Tony Tobin Elementary,108506,Temecula Valley Unified,RIVERSIDE      ,0,0
Top of the World Elementary,6028922,Laguna Beach Unified,ORANGE         ,0,0
Topa Topa Elementary,6055248,Ojai Unified,VENTURA        ,0,0
Topanga Elementary Charter,6019525,Los Angeles Unified,LOS ANGELES    ,0,0
Topaz Elementary,6085633,Placentia-Yorba Linda Unified,ORANGE         ,0,0
Topaz Preparatory Academy,6111751,Hesperia Unified,SAN BERNARDINO ,0,0
Topeka Charter School For Advanced Studies,6019533,Los Angeles Unified,LOS ANGELES    ,0,0
Torch Middle,6057491,Bassett Unified,LOS ANGELES    ,0,0
Toro Canyon Middle,100263,Coachella Valley Unified,RIVERSIDE      ,0,0
Toro Park Elementary,6092688,Washington Union Elementary,MONTEREY       ,0,0
Torrance Elementary,6023261,Torrance Unified,LOS ANGELES    ,0,0
Torrance High,1938752,Torrance Unified,LOS ANGELES    ,0,13
Torrey Hills,6120596,Del Mar Union Elementary,SAN DIEGO      ,0,0
Torrey Pines Elementary,6040232,San Diego Unified,SAN DIEGO      ,0,0
Torrey Pines High,3730033,San Dieguito Union High,SAN DIEGO      ,0,28
Tournament Hills Elementary,113936,Beaumont Unified,RIVERSIDE      ,0,0
Tovashal Elementary,6113625,Murrieta Valley Unified,RIVERSIDE      ,0,0
Towers Elementary,6023279,Torrance Unified,LOS ANGELES    ,0,0
TownGate Elementary,102731,Moreno Valley Unified,RIVERSIDE      ,0,0
Towne Avenue Elementary,6019541,Los Angeles Unified,LOS ANGELES    ,0,0
Township Elementary,6055800,Simi Valley Unified,VENTURA        ,0,0
Toyon Elementary,6046403,Berryessa Union Elementary,SANTA CLARA    ,0,0
Toyon Middle,6105431,Calaveras Unified,CALAVERAS      ,0,0
Trabuco Elementary,6030530,Saddleback Valley Unified,ORANGE         ,0,0
Trabuco Hills High,3030392,Saddleback Valley Unified,ORANGE         ,7,20
Trabuco Mesa Elementary,6106926,Saddleback Valley Unified,ORANGE         ,0,0
Tracy (Wilbur) High (Continuation),1931641,ABC Unified,LOS ANGELES    ,0,0
Tracy Elementary,6011498,Baldwin Park Unified,LOS ANGELES    ,0,0
Tracy High,3938008,Tracy Joint Unified,SAN JOAQUIN    ,12,3
Trajan Elementary,6103816,San Juan Unified,SACRAMENTO     ,0,0
Tranquillity Elementary,6007397,Golden Plains Unified,FRESNO         ,0,0
Tranquillity High,1037456,Golden Plains Unified,FRESNO         ,0,5
Transitional Kindergarten Center,136895,Los Banos Unified,MERCED         ,0,0
Trapp Elementary,6036693,Rialto Unified,SAN BERNARDINO ,0,0
Traver Elementary,6054449,Traver Joint Elementary,TULARE         ,0,0
Travis Community Day,4830154,Travis Unified,SOLANO         ,0,0
Travis Education Center,4830022,Travis Unified,SOLANO         ,0,0
Travis Elementary,6051270,Travis Unified,SOLANO         ,0,0
Travis Independent Study,4830162,Travis Unified,SOLANO         ,0,0
Travis Ranch,6106009,Placentia-Yorba Linda Unified,ORANGE         ,0,0
Traweek Middle,6012611,Covina-Valley Unified,LOS ANGELES    ,0,0
Tree of Life Charter,6117386,Ukiah Unified,MENDOCINO      ,0,0
Tree of Life International Charter,135624,Cascade Union Elementary,SHASTA         ,0,0
Treeview Elementary,6001192,Hayward Unified,ALAMEDA        ,0,0
Tremont Elementary,6110282,Dixon Unified,SOLANO         ,0,0
Tres Pinos Elementary,6035141,Tres Pinos Union Elementary,SAN BENITO     ,0,0
Tri-C Community Day,1996073,Los Angeles Unified,LOS ANGELES    ,0,0
Trillium Charter,115154,Pacific Union Elementary,HUMBOLDT       ,0,0
Trinidad Union,6008247,Trinidad Union Elementary,HUMBOLDT       ,0,0
Trinity Center Elementary,6053813,Trinity Center Elementary,TRINITY        ,0,0
Trinity County Community,132423,Trinity County Office of Education,TRINITY        ,0,0
Trinity High,5337456,Trinity Alps Unified,TRINITY        ,0,10
Trinity Street Elementary,6019558,Los Angeles Unified,LOS ANGELES    ,0,0
Trinity Valley Elementary,6007991,Klamath-Trinity Joint Unified,HUMBOLDT       ,0,0
Triple Crown Elementary,112094,Val Verde Unified,RIVERSIDE      ,0,0
Triton Academy,135798,Ventura County Office of Education,VENTURA        ,0,0
Trivium Charter,124255,Blochman Union Elementary,SANTA BARBARA  ,0,0
Trivium Charter School Adventure,137877,Blochman Union Elementary,SANTA BARBARA  ,0,0
Trivium Charter School Voyage,137885,Blochman Union Elementary,SANTA BARBARA  ,0,0
Trona Elementary,6037188,Trona Joint Unified,SAN BERNARDINO ,0,0
Trona High,3636487,Trona Joint Unified,SAN BERNARDINO ,0,1
Tropico Middle,6010052,Southern Kern Unified,KERN           ,0,0
Troth Street Elementary,6032221,Jurupa Unified,RIVERSIDE      ,0,0
Troy High,3037496,Fullerton Joint Union High,ORANGE         ,10,25
Truckee Elementary,6031322,Tahoe-Truckee Unified,PLACER         ,0,0
Truman Benedict Elementary,6106819,Capistrano Unified,ORANGE         ,0,0
Tsurai High (Continuation),1230051,Northern Humboldt Union High,HUMBOLDT       ,0,0
Tularcitos Elementary,6026074,Carmel Unified,MONTEREY       ,0,0
Tulare City Community Day,6116768,Tulare City,TULARE         ,0,0
Tulare County Community,5430343,Tulare County Office of Education,TULARE         ,0,0
Tulare County Court,5430061,Tulare County Office of Education,TULARE         ,0,0
Tulare Support,125211,Tulare City,TULARE         ,0,0
Tulare Technical Preparatory High,5430145,Tulare Joint Union High,TULARE         ,0,0
Tulare Union High,5435409,Tulare Joint Union High,TULARE         ,0,13
Tulare Western High,5435466,Tulare Joint Union High,TULARE         ,0,11
Tule Continuation High,5430111,Alpaugh Unified,TULARE         ,0,0
Tule Elk Park Children Center,117523,San Francisco Unified,SAN FRANCISCO  ,0,0
Tulelake Basin Elementary,6025894,Tulelake Basin Joint Unified,MODOC          ,0,0
Tulelake Continuation High,2530087,Tulelake Basin Joint Unified,MODOC          ,0,0
Tulelake High,4737250,Tulelake Basin Joint Unified,MODOC          ,0,0
Tulita Elementary,6022149,Redondo Beach Unified,LOS ANGELES    ,0,0
Tully C. Knoles,6041933,Lincoln Unified,SAN JOAQUIN    ,0,0
Tulsa Street Elementary,6019566,Los Angeles Unified,LOS ANGELES    ,0,0
Tumbleweed Elementary,6021190,Palmdale Elementary,LOS ANGELES    ,0,0
Tunnell (Martin Luther) Elementary,6046023,Santa Maria-Bonita,SANTA BARBARA  ,0,0
Tuolumne County Community/ISP,5530118,Tuolumne County Superintendent of Schools,TUOLUMNE       ,0,0
Tuolumne County Special Education,5530142,Tuolumne County Superintendent of Schools,TUOLUMNE       ,0,0
Tuolumne County Special Education Preschool,123208,Tuolumne County Superintendent of Schools,TUOLUMNE       ,0,0
Tuolumne Elementary,6052849,Modesto City Elementary,STANISLAUS     ,0,0
Turlock High,5037700,Turlock Unified,STANISLAUS     ,0,17
Turlock Junior High,6053136,Turlock Unified,STANISLAUS     ,0,0
Turner Academy at Tokay Colony,125369,Lodi Unified,SAN JOAQUIN    ,0,0
Turner Elementary,6003636,Antioch Unified,CONTRA COSTA   ,0,0
Turner Elementary,6006522,Fresno Unified,FRESNO         ,0,0
Turtle Bay,6101612,Redding Elementary,SHASTA         ,0,0
Turtle Rock Elementary,6068647,Irvine Unified,ORANGE         ,0,0
Turtleback Elementary,6109326,Poway Unified,SAN DIEGO      ,0,0
Tuscany Hills Elementary,6111082,Lake Elsinore Unified,RIVERSIDE      ,0,0
Tustin Connect,3030590,Tustin Unified,ORANGE         ,0,0
Tustin High,3037553,Tustin Unified,ORANGE         ,0,17
Tustin Memorial Elementary,6030696,Tustin Unified,ORANGE         ,0,0
Tustin Ranch Elementary,6113054,Tustin Unified,ORANGE         ,0,0
Twain Elementary,6015663,Long Beach Unified,LOS ANGELES    ,0,0
Twain Harte,6115018,Twain Harte,TUOLUMNE       ,0,0
Twain High,3730231,San Diego Unified,SAN DIEGO      ,0,0
Tweedy Elementary,6019574,Los Angeles Unified,LOS ANGELES    ,0,0
Twelve Bridges Elementary,106443,Western Placer Unified,PLACER         ,0,0
Twelve Bridges Middle,111385,Western Placer Unified,PLACER         ,0,0
Twentieth Street Elementary,6019582,Los Angeles Unified,LOS ANGELES    ,0,0
Twenty-Eighth Street Elementary,6019590,Los Angeles Unified,LOS ANGELES    ,0,0
Twenty-Fourth Street Elementary,6019608,Los Angeles Unified,LOS ANGELES    ,0,0
Twentynine Palms Elementary,6036024,Morongo Unified,SAN BERNARDINO ,0,0
Twentynine Palms High,3636743,Morongo Unified,SAN BERNARDINO ,0,7
Twentynine Palms Junior High,6036032,Morongo Unified,SAN BERNARDINO ,0,0
Twila Reid Elementary,6030506,Savanna Elementary,ORANGE         ,0,0
Twin Creeks Elementary,6089130,San Ramon Valley Unified,CONTRA COSTA   ,0,0
Twin Hills Charter Middle,6052302,Twin Hills Union Elementary,SONOMA         ,0,0
Twin Lakes Elementary,6034953,San Juan Unified,SACRAMENTO     ,0,0
Twin Oaks Elementary,6115844,Rocklin Unified,PLACER         ,0,0
Twin Palms Continuation,3331139,Palo Verde Unified,RIVERSIDE      ,0,0
Twin Peaks Middle,6070866,Poway Unified,SAN DIEGO      ,0,0
Twin Ridges Home Study Charter,126227,Nevada County Office of Education,NEVADA         ,0,0
Twin Rivers Charter,107318,Yuba City Unified,SUTTER         ,0,0
Twinhill Elementary,6031587,Alvord Unified,RIVERSIDE      ,0,0
Two Bunch Palms Elementary,6115448,Palm Springs Unified,RIVERSIDE      ,0,0
Two Hundred Thirty-Second Place,6019616,Los Angeles Unified,LOS ANGELES    ,0,0
Two Rivers Elementary,6118624,Natomas Unified,SACRAMENTO     ,0,0
Two Rock Elementary,6052310,Two Rock Union,SONOMA         ,0,0
Tyler Skills Elementary,6042782,Stockton Unified,SAN JOAQUIN    ,0,0
Tyrrell Elementary,6104566,Hayward Unified,ALAMEDA        ,0,0
UCLA Community K-12,119693,Los Angeles Unified,LOS ANGELES    ,0,10
Ukiah High,2335024,Ukiah Unified,MENDOCINO      ,0,12
Ukiah Independent Study Academy,128280,Ukiah Unified,MENDOCINO      ,0,0
Ulloa Elementary,6041685,San Francisco Unified,SAN FRANCISCO  ,0,0
Ulysses Grant Elementary,6035638,Colton Joint Unified,SAN BERNARDINO ,0,0
Ulysses S. Grant Senior High,1933795,Los Angeles Unified,LOS ANGELES    ,0,17
UnSchool,135772,San Juan Unified,SACRAMENTO     ,0,0
Uncharted Shores Academy,137729,Del Norte County Unified,DEL NORTE      ,0,0
Union Avenue Elementary,6019624,Los Angeles Unified,LOS ANGELES    ,0,0
Union Hill Elementary,6027197,Union Hill Elementary,NEVADA         ,0,0
Union Hill Middle,128629,Union Hill Elementary,NEVADA         ,0,0
Union House Elementary,6107718,Elk Grove Unified,SACRAMENTO     ,0,0
Union Middle,6049449,Union Elementary,SANTA CLARA    ,0,0
Union Mine High,930164,El Dorado Union High,EL DORADO      ,0,3
Union Street Charter,111708,Arcata Elementary,HUMBOLDT       ,0,0
United for Success Academy,112763,Oakland Unified,ALAMEDA        ,0,0
Unity Middle College High,133959,Orange County Department of Education,ORANGE         ,0,0
University City High,3730314,San Diego Unified,SAN DIEGO      ,0,14
University Elementary at La Fiesta,128330,Cotati-Rohnert Park Unified,SONOMA         ,0,0
University Heights Middle,6059158,Riverside Unified,RIVERSIDE      ,0,0
University High,114553,Fresno Unified,FRESNO         ,0,6
University High,3035102,Irvine Unified,ORANGE         ,0,15
University High School Charter,1938885,Los Angeles Unified,LOS ANGELES    ,0,21
University Park Elementary,6030191,Irvine Unified,ORANGE         ,0,0
University Pathways Medical Magnet Academy,137083,Los Angeles Unified,LOS ANGELES    ,0,0
University Pathways Public Service Academy,137091,Los Angeles Unified,LOS ANGELES    ,0,0
University Preparation Charter School at CSU Chann,6120620,Pleasant Valley,VENTURA        ,0,0
University Preparatory,106013,Shasta Union High,SHASTA         ,0,11
University Preparatory,110064,Victor Valley Union High,SAN BERNARDINO ,0,5
University Preparatory Academy Charter,113431,Santa Clara County Office of Education,SANTA CLARA    ,0,8
University Preparatory High,119602,Tulare County Office of Education,TULARE         ,0,0
University Preparatory Value High,132027,Los Angeles Unified,LOS ANGELES    ,0,8
Unsworth (Edith) Elementary,6012793,Downey Unified,LOS ANGELES    ,0,0
Upland Elementary,6037287,Upland Unified,SAN BERNARDINO ,0,0
Upland High,3637584,Upland Unified,SAN BERNARDINO ,0,20
Upland Junior High,6037295,Upland Unified,SAN BERNARDINO ,0,0
Uplift Monterey,135111,Bradley Union Elementary,MONTEREY       ,0,0
Upper Lake Community Day,1730175,Upper Lake Unified,LAKE           ,0,0
Upper Lake Elementary,6010680,Upper Lake Unified,LAKE           ,0,0
Upper Lake High,1737006,Upper Lake Unified,LAKE           ,0,3
Upper Lake Middle,6108773,Upper Lake Unified,LAKE           ,0,0
Urban Corps of San Diego County Charter,124990,Mono County Office of Education,MONO           ,0,0
Urban Discovery Academy Charter,135913,San Diego Unified,SAN DIEGO      ,0,0
Urban Montessori Charter,125567,Alameda County Office of Education,ALAMEDA        ,0,0
Urban Promise Academy,6118657,Oakland Unified,ALAMEDA        ,0,0
Urbita Elementary,6037147,San Bernardino City Unified,SAN BERNARDINO ,0,0
Utah Street Elementary,6019632,Los Angeles Unified,LOS ANGELES    ,0,0
Vaca Pena Middle,6106363,Vacaville Unified,SOLANO         ,0,0
Vacaville High,4837803,Vacaville Unified,SOLANO         ,0,14
Vail High (Continuation),1938927,Montebello Unified,LOS ANGELES    ,0,0
Vail Ranch Middle,6112098,Temecula Valley Unified,RIVERSIDE      ,0,0
Val Verde Academy,123190,Val Verde Unified,RIVERSIDE      ,0,4
Val Verde Elementary,6032874,Val Verde Unified,RIVERSIDE      ,0,0
Val Verde High,3330560,Val Verde Unified,RIVERSIDE      ,0,0
Val Verde Student Success Academy,109652,Val Verde Unified,RIVERSIDE      ,0,0
Valadez Middle School Academy,116525,Placentia-Yorba Linda Unified,ORANGE         ,0,0
Valencia Academy of the Arts,6013411,El Rancho Unified,LOS ANGELES    ,0,0
Valencia Elementary,6037311,Upland Unified,SAN BERNARDINO ,0,0
Valencia Elementary,6049811,Pajaro Valley Unified,SANTA CRUZ     ,0,0
Valencia Elementary,6066872,Saddleback Valley Unified,ORANGE         ,0,0
Valencia High,1995802,William S. Hart Union High,LOS ANGELES    ,0,18
Valencia High,3038023,Placentia-Yorba Linda Unified,ORANGE         ,13,12
Valencia Park Elementary,6028179,Fullerton Elementary,ORANGE         ,0,0
Valencia Park Elementary,6040257,San Diego Unified,SAN DIEGO      ,0,0
Valencia Valley Elementary,6107171,Newhall,LOS ANGELES    ,0,0
Valentine Elementary,6022529,San Marino Unified,LOS ANGELES    ,0,0
Valentine Peyton Elementary,115303,Stockton Unified,SAN JOAQUIN    ,0,0
Valerio Street Elementary,6019640,Los Angeles Unified,LOS ANGELES    ,0,0
Valhalla Elementary,6004337,Mt. Diablo Unified,CONTRA COSTA   ,0,0
Valhalla High,3730066,Grossmont Union High,SAN DIEGO      ,0,13
Valiant Academy of Los Angeles,130955,Acton-Agua Dulce Unified,LOS ANGELES    ,0,0
Valiant Academy of Southern California,131169,Dehesa Elementary,SAN DIEGO      ,0,0
Valiant Santa Barbara,136630,Cuyama Joint Unified,SANTA BARBARA  ,0,0
Valiente College Preparatory Charter,132605,Los Angeles County Office of Education,LOS ANGELES    ,0,0
Valinda School of Academics,6068811,Hacienda la Puente Unified,LOS ANGELES    ,0,0
Valle Lindo Elementary,6038020,Chula Vista Elementary,SAN DIEGO      ,0,0
Valle Verde Elementary,100685,Greenfield Union,KERN           ,0,0
Valle Verde Elementary,6004345,Mt. Diablo Unified,CONTRA COSTA   ,0,0
Valle Vista Elementary,6035505,Central Elementary,SAN BERNARDINO ,0,0
Valle Vista Elementary,6106728,Hemet Unified,RIVERSIDE      ,0,0
Valle del Sol Elementary,6031694,Coachella Valley Unified,RIVERSIDE      ,0,0
Vallecito Continuation High,530014,Bret Harte Union High,CALAVERAS      ,0,0
Vallecito Elementary,6024244,Dixie Elementary,MARIN          ,0,0
Vallecitos Elementary,6040562,Vallecitos Elementary,SAN DIEGO      ,0,0
Vallejo Charter,115469,Vallejo City Unified,SOLANO         ,0,0
Vallejo High,4838504,Vallejo City Unified,SOLANO         ,0,10
Vallejo Mill Elementary,6000830,Fremont Unified,ALAMEDA        ,0,0
Vallemar Elementary,6044051,Pacifica,SAN MATEO      ,0,0
Valley Academy,131094,Imperial County Office of Education,IMPERIAL       ,0,0
Valley Academy of Arts and Sciences,124362,Los Angeles Unified,LOS ANGELES    ,0,12
Valley Alternative High (Continuation),1938935,Hacienda la Puente Unified,LOS ANGELES    ,0,0
Valley Atwater Community,2430171,Merced County Office of Education,MERCED         ,0,0
Valley Center Elementary,6112494,Valley Center-Pauma Unified,SAN DIEGO      ,0,0
Valley Center High,3731114,Valley Center-Pauma Unified,SAN DIEGO      ,0,12
Valley Center Middle,6093272,Valley Center-Pauma Unified,SAN DIEGO      ,0,0
Valley Center Prep,3731601,Valley Center-Pauma Unified,SAN DIEGO      ,0,0
Valley Center Primary,6106124,Valley Center-Pauma Unified,SAN DIEGO      ,0,0
Valley Charter Elementary,122754,Los Angeles Unified,LOS ANGELES    ,0,0
Valley Charter High,5030234,Stanislaus County Office of Education,STANISLAUS     ,0,0
Valley Charter Middle,122838,Los Angeles Unified,LOS ANGELES    ,0,0
Valley Children's Hospital,123315,Golden Valley Unified,MADERA         ,0,0
Valley Community Day,116848,Hughson Unified,STANISLAUS     ,0,0
Valley Community Day,1996560,Hacienda la Puente Unified,LOS ANGELES    ,0,0
Valley Elementary,6037428,Yucaipa-Calimesa Joint Unified,SAN BERNARDINO ,0,0
Valley Elementary,6039010,Poway Unified,SAN DIEGO      ,0,0
Valley High,1531656,Delano Joint Union High,KERN           ,0,0
Valley High,3036456,Santa Ana Unified,ORANGE         ,0,7
Valley High,3430170,Elk Grove Unified,SACRAMENTO     ,0,9
Valley High,5330022,Mountain Valley Unified,TRINITY        ,0,0
Valley High (Continuation),138453,Dublin Unified,ALAMEDA        ,0,0
Valley High (Continuation),3732054,Escondido Union High,SAN DIEGO      ,0,0
Valley Home Elementary,6053201,Valley Home Joint Elementary,STANISLAUS     ,0,0
Valley International Preparatory High,137612,Los Angeles Unified,LOS ANGELES    ,0,9
Valley Life Charter,124057,Tulare County Office of Education,TULARE         ,0,0
Valley Los Banos Community,2430163,Merced County Office of Education,MERCED         ,0,0
Valley Merced Community,2430148,Merced County Office of Education,MERCED         ,0,0
Valley Middle,6037816,Carlsbad Unified,SAN DIEGO      ,0,0
Valley Oak Charter,5630405,Ojai Unified,VENTURA        ,0,0
Valley Oak Continuation High,5130059,Live Oak Unified,SUTTER         ,0,0
Valley Oak Elementary,6108096,Clovis Unified,FRESNO         ,0,0
Valley Oak High,2830149,Napa Valley Unified,NAPA           ,0,0
Valley Oak Junior and Senior High,5030192,Oakdale Joint Unified,STANISLAUS     ,0,0
Valley Oak Middle,6092373,Visalia Unified,TULARE         ,0,0
Valley Oaks Charter,1530492,Kern County Office of Education,KERN           ,0,0
Valley Oaks Elementary,6033310,Galt Joint Union Elementary,SACRAMENTO     ,0,0
Valley Oaks High (Alternative),4930236,Petaluma Joint Union High,SONOMA         ,0,0
Valley Springs Elementary,6003446,Calaveras Unified,CALAVERAS      ,0,0
Valley View Academy of Technology and Creative Lea,6012959,Duarte Unified,LOS ANGELES    ,0,0
Valley View Charter Prep,129916,New Jerusalem Elementary,SAN JOAQUIN    ,0,0
Valley View Community Elementary,6071682,Sulphur Springs Union,LOS ANGELES    ,0,0
Valley View Elementary,6002349,Pleasanton Unified,ALAMEDA        ,0,0
Valley View Elementary,6118517,Rocklin Unified,PLACER         ,0,0
Valley View High,3330438,Moreno Valley Unified,RIVERSIDE      ,0,21
Valley View High (Continuation),3637659,Chaffey Joint Union High,SAN BERNARDINO ,0,0
Valley View Middle,6004352,Mt. Diablo Unified,CONTRA COSTA   ,0,0
Valley View Middle,6060362,Simi Valley Unified,VENTURA        ,0,0
Valley Vista Elementary,6038038,Chula Vista Elementary,SAN DIEGO      ,0,0
Valley Vista Elementary,6051999,Petaluma City Elementary,SONOMA         ,0,0
Valley Vista High (Continuation),3038551,Huntington Beach Union High,ORANGE         ,0,0
Valley of Enchantment Elementary,6036743,Rim of the World Unified,SAN BERNARDINO ,0,0
Valleydale Elementary,6011332,Azusa Unified,LOS ANGELES    ,0,0
Valor Academy Elementary,133694,Los Angeles Unified,LOS ANGELES    ,0,0
Valor Academy High,127894,Los Angeles Unified,LOS ANGELES    ,0,11
Valor Academy Middle,120022,Los Angeles Unified,LOS ANGELES    ,0,0
Van Allen Elementary,6041834,Escalon Unified,SAN JOAQUIN    ,0,0
Van Buren Elementary,6032239,Jurupa Unified,RIVERSIDE      ,0,0
Van Buren Elementary,6042790,Stockton Unified,SAN JOAQUIN    ,0,0
Van Deene Avenue Elementary,6019665,Los Angeles Unified,LOS ANGELES    ,0,0
Van Duzen Elementary,6053805,Southern Trinity Joint Unified,TRINITY        ,0,0
Van Gogh Charter,6019673,Los Angeles Unified,LOS ANGELES    ,0,0
Van Ness Avenue Elementary,6019681,Los Angeles Unified,LOS ANGELES    ,0,0
Van Nuys Elementary,6019699,Los Angeles Unified,LOS ANGELES    ,0,0
Van Nuys Middle,6058333,Los Angeles Unified,LOS ANGELES    ,0,0
Van Nuys Senior High,1938968,Los Angeles Unified,LOS ANGELES    ,0,24
Vanalden Avenue Elementary,6019707,Los Angeles Unified,LOS ANGELES    ,0,0
Vandalia Elementary,6054282,Porterville Unified,TULARE         ,0,0
Vanden High,4838801,Travis Unified,SOLANO         ,0,14
Vandenberg Middle,6060024,Lompoc Unified,SANTA BARBARA  ,0,0
Vang Pao Elementary,119339,Fresno Unified,FRESNO         ,0,0
Vanguard Preparatory,108423,Apple Valley Unified,SAN BERNARDINO ,0,0
Vannoy Elementary,6090484,Castro Valley Unified,ALAMEDA        ,0,0
Vantage Point Charter,6111371,Penn Valley Union Elementary,NEVADA         ,0,0
Vargas Elementary,6049159,Sunnyvale,SANTA CLARA    ,0,0
Vasquez High,1995786,Acton-Agua Dulce Unified,LOS ANGELES    ,0,5
Vaughn Next Century Learning Center,6019715,Los Angeles Unified,LOS ANGELES    ,0,7
Vejar Elementary,6023394,Walnut Valley Unified,LOS ANGELES    ,0,0
Vejar Elementary,6108914,Pomona Unified,LOS ANGELES    ,0,0
Vena Avenue Elementary,6019723,Los Angeles Unified,LOS ANGELES    ,0,0
Venado Middle,6095137,Irvine Unified,ORANGE         ,0,0
Vencil Brown Elementary,6111959,Roseville City Elementary,PLACER         ,0,0
Venetia Valley K-8,6024772,San Rafael City Elementary,MARIN          ,0,0
Venice Senior High,1939040,Los Angeles Unified,LOS ANGELES    ,0,18
Ventura Charter School of Arts and Global Educatio,112417,Ventura County Office of Education,VENTURA        ,0,0
Ventura County Special Education,6069231,Ventura County Office of Education,VENTURA        ,0,0
Ventura High,5637822,Ventura Unified,VENTURA        ,0,15
Venture (Alternative),730218,San Ramon Valley Unified,CONTRA COSTA   ,0,0
Venture Academy,3930476,San Joaquin County Office of Education,SAN JOAQUIN    ,0,13
Verde Elementary,6005011,West Contra Costa Unified,CONTRA COSTA   ,0,0
Verdugo Academy,1995497,Glendale Unified,LOS ANGELES    ,0,0
Verdugo Hills Senior High,1939107,Los Angeles Unified,LOS ANGELES    ,0,10
Verdugo Woodlands Elementary,6013833,Glendale Unified,LOS ANGELES    ,0,0
Veritas Elementary,108613,Manteca Unified,SAN JOAQUIN    ,0,0
Vermont Avenue Elementary,6019731,Los Angeles Unified,LOS ANGELES    ,0,0
Vermont Elementary,6037154,San Bernardino City Unified,SAN BERNARDINO ,0,0
Vernon City Elementary,6019749,Los Angeles Unified,LOS ANGELES    ,0,0
Vernon E. Greer Elementary,119420,Galt Joint Union Elementary,SACRAMENTO     ,0,0
Vernon Middle,6036420,Ontario-Montclair,SAN BERNARDINO ,0,0
Veterans Elementary,108662,Chula Vista Elementary,SAN DIEGO      ,0,0
Veva Blunt Elementary,6054712,Visalia Unified,TULARE         ,0,0
Vicente Martinez High,730440,Martinez Unified,CONTRA COSTA   ,0,0
Vicentia Elementary,6031884,Corona-Norco Unified,RIVERSIDE      ,0,0
Vichy Elementary,6026967,Napa Valley Unified,NAPA           ,0,0
Victor Elementary,6023287,Torrance Unified,LOS ANGELES    ,0,0
Victor Elementary,6098057,Lodi Unified,SAN JOAQUIN    ,0,0
Victor F. Hodge Elementary,6011340,Azusa Unified,LOS ANGELES    ,0,0
Victor Valley High,3638012,Victor Valley Union High,SAN BERNARDINO ,0,10
Victoria Avenue Elementary,6019756,Los Angeles Unified,LOS ANGELES    ,0,0
Victoria Elementary,6029490,Newport-Mesa Unified,ORANGE         ,0,0
Victoria Elementary,6032775,Riverside Unified,RIVERSIDE      ,0,0
Victoria Elementary,6036594,Redlands Unified,SAN BERNARDINO ,0,0
Victoria Groves Elementary,6107510,Alta Loma Elementary,SAN BERNARDINO ,0,0
Victoria Magathan Elementary,109470,Adelanto Elementary,SAN BERNARDINO ,0,0
Victoriano Elementary,6108047,Val Verde Unified,RIVERSIDE      ,0,0
Victory Boulevard Elementary,6019764,Los Angeles Unified,LOS ANGELES    ,0,0
Victory Elementary,6042808,Stockton Unified,SAN JOAQUIN    ,0,0
Victory High,3130200,Rocklin Unified,PLACER         ,0,0
Victress Bower School for Exceptional Students,6068753,Corona-Norco Unified,RIVERSIDE      ,0,0
Vieja Valley Elementary,6045553,Hope Elementary,SANTA BARBARA  ,0,0
Viejo Elementary,6068589,Capistrano Unified,ORANGE         ,0,0
View Park Continuation,1930429,Los Angeles Unified,LOS ANGELES    ,0,0
Viking Elementary,6006530,Fresno Unified,FRESNO         ,0,0
Villa Park Elementary,6029979,Orange Unified,ORANGE         ,0,0
Villa Park High,3038098,Orange Unified,ORANGE         ,0,24
Villacorta Elementary,6022388,Rowland Unified,LOS ANGELES    ,0,0
Village,106005,Campbell Union,SANTA CLARA    ,0,0
Village Academy High School at Indian Hill,1996495,Pomona Unified,LOS ANGELES    ,0,8
Village Charter,114934,Windsor Unified,SONOMA         ,0,0
Village Charter Academy,129866,Los Angeles Unified,LOS ANGELES    ,0,0
Village Elementary,6033617,Twin Rivers Unified,SACRAMENTO     ,0,0
Village Elementary Charter,6052070,Rincon Valley Union Elementary,SONOMA         ,0,0
Village High,130252,Pleasanton Unified,ALAMEDA        ,0,0
Village Oaks High,3933793,Lincoln Unified,SAN JOAQUIN    ,0,0
Village View Elementary,6029722,Ocean View,ORANGE         ,0,0
Vina Danks Middle,6036438,Ontario-Montclair,SAN BERNARDINO ,0,0
Vina Elementary,6053581,Los Molinos Unified,TEHAMA         ,0,0
Vincent Academy,123711,Oakland Unified,ALAMEDA        ,0,0
Vinci Park Elementary,6093041,Berryessa Union Elementary,SANTA CLARA    ,0,0
Vine Elementary,6023535,West Covina Unified,LOS ANGELES    ,0,0
Vine Hill Elementary,6049951,Scotts Valley Unified,SANTA CRUZ     ,0,0
Vine Street Community Day,5430228,Porterville Unified,TULARE         ,0,0
Vine Street Elementary,6019772,Los Angeles Unified,LOS ANGELES    ,0,0
Vinedale Elementary,6019780,Los Angeles Unified,LOS ANGELES    ,0,0
Vineland Elementary,6010235,Vineland Elementary,KERN           ,0,0
Vineland Elementary,6011506,Baldwin Park Unified,LOS ANGELES    ,0,0
Vinewood Elementary,6042295,Lodi Unified,SAN JOAQUIN    ,0,0
Vineyard Alternative,130393,Livermore Valley Joint Unified,ALAMEDA        ,0,0
Vineyard Elementary,6036446,Ontario-Montclair,SAN BERNARDINO ,0,0
Vineyard Junior High,6108930,Alta Loma Elementary,SAN BERNARDINO ,0,0
Vinland Elementary,6006548,Fresno Unified,FRESNO         ,0,0
Vintage High,2830016,Napa Valley Unified,NAPA           ,0,15
Vintage Hills Elementary,6089361,Pleasanton Unified,ALAMEDA        ,0,0
Vintage Math/Science/Technology Magnet,6019798,Los Angeles Unified,LOS ANGELES    ,0,0
Vintage Parkway Elementary,6110811,Oakley Union Elementary,CONTRA COSTA   ,0,0
Violet Heintz Education Academy,1030899,Fresno County Office of Education,FRESNO         ,0,0
Virgil Middle,6058341,Los Angeles Unified,LOS ANGELES    ,0,0
Virginia Avenue Elementary,6009500,Fairfax Elementary,KERN           ,0,0
Virginia Lee Rose Elementary,135079,Madera Unified,MADERA         ,0,0
Virginia Parks Elementary,6108435,Ceres Unified,STANISLAUS     ,0,0
Virginia Peterson Elementary,6108377,Paso Robles Joint Unified,SAN LUIS OBISPO,0,0
Virginia Primrose Elementary,6035893,Fontana Unified,SAN BERNARDINO ,0,0
Virginia R. Boris Elementary,133314,Clovis Unified,FRESNO         ,0,0
Virginia Road Elementary,6019806,Los Angeles Unified,LOS ANGELES    ,0,0
Virginia Rocca Barton Elementary,6106959,Alisal Union,MONTEREY       ,0,0
Visalia Charter Independent Study,109751,Visalia Unified,TULARE         ,0,0
Visalia Technical Early College,120659,Visalia Unified,TULARE         ,0,0
Visions In Education,3430717,San Juan Unified,SACRAMENTO     ,0,0
Visitacion Valley Elementary,6041701,San Francisco Unified,SAN FRANCISCO  ,0,0
Visitacion Valley Middle,6059919,San Francisco Unified,SAN FRANCISCO  ,0,0
Vista (Alternative),1995893,Bonita Unified,LOS ANGELES    ,0,0
Vista Academy of Visual and Performing Arts,6040653,Vista Unified,SAN DIEGO      ,0,0
Vista Adult Transition Center,3730207,Vista Unified,SAN DIEGO      ,0,0
Vista Alternative,130435,Fremont Unified,ALAMEDA        ,0,0
Vista Charter Middle,122739,Los Angeles Unified,LOS ANGELES    ,0,0
Vista Colorado Elementary,6036115,Needles Unified,SAN BERNARDINO ,0,0
Vista Condor Global Academy,137000,Orange County Department of Education,ORANGE         ,0,0
Vista Continuation High,1536325,Kern High,KERN           ,0,0
Vista Del Mar,137737,San Ysidro Elementary,SAN DIEGO      ,0,0
Vista Elementary,6055818,Simi Valley Unified,VENTURA        ,0,0
Vista Grande Elementary,100107,Ontario-Montclair,SAN BERNARDINO ,0,0
Vista Grande Elementary,6005151,San Ramon Valley Unified,CONTRA COSTA   ,0,0
Vista Heights Middle,6106058,Moreno Valley Unified,RIVERSIDE      ,1,0
Vista Heritage Global Academy,132613,Orange County Department of Education,ORANGE         ,0,0
Vista High,1935428,Lynwood Unified,LOS ANGELES    ,0,0
Vista High,3738705,Vista Unified,SAN DIEGO      ,14,13
Vista High (Alternative),730325,West Contra Costa Unified,CONTRA COSTA   ,0,0
Vista High (Continuation),3930054,Escalon Unified,SAN JOAQUIN    ,0,0
Vista Innovation and Design Academy,6059810,Vista Unified,SAN DIEGO      ,0,0
Vista La Mesa Academy,6038673,Lemon Grove,SAN DIEGO      ,0,0
"Vista Magnet Middle School of Technology, Science,",114637,Vista Unified,SAN DIEGO      ,0,0
Vista Middle,106971,Los Angeles Unified,LOS ANGELES    ,0,0
Vista Murrieta High,100420,Murrieta Valley Unified,RIVERSIDE      ,0,17
Vista Norte Public Charter,136937,Helendale Elementary,SAN BERNARDINO ,0,0
Vista Nueva Career and Technology High,3430881,Twin Rivers Unified,SACRAMENTO     ,0,0
Vista Oaks Charter,130930,Byron Union Elementary,CONTRA COSTA   ,0,0
Vista Preparatory Academy,6053656,Red Bluff Union Elementary,TEHAMA         ,0,0
Vista Real Charter High,109900,Ventura County Office of Education,VENTURA        ,0,0
Vista San Gabriel Elementary,6106785,Wilsona Elementary,LOS ANGELES    ,0,0
Vista Springs Charter,137323,SBE - Vista Springs Charter,SAN DIEGO      ,0,0
Vista Square Elementary,6038046,Chula Vista Elementary,SAN DIEGO      ,0,0
Vista Verde,6094718,Irvine Unified,ORANGE         ,0,0
Vista Verde Elementary,110718,Snowline Joint Unified,SAN BERNARDINO ,0,0
Vista Verde Middle,6111033,Val Verde Unified,RIVERSIDE      ,0,0
Vista Verde Middle,6111645,Greenfield Union Elementary,MONTEREY       ,0,0
Vista View Middle,6068613,Ocean View,ORANGE         ,0,0
Vista Visions Academy,126300,Vista Unified,SAN DIEGO      ,0,0
Vista West Continuation High,1530112,Kern High,KERN           ,0,0
Vista de Las Cruces,6046080,Vista del Mar Union,SANTA BARBARA  ,0,0
Vista del Lago High,113571,Folsom-Cordova Unified,SACRAMENTO     ,0,6
Vista del Lago High,3331071,Moreno Valley Unified,RIVERSIDE      ,0,10
Vista del Mar Elementary,100883,Capistrano Unified,ORANGE         ,0,0
Vista del Mar Middle,100891,Capistrano Unified,ORANGE         ,0,0
Vista del Monte Elementary,6032452,Palm Springs Unified,RIVERSIDE      ,0,0
Vista del Valle Dual Language Academy,122200,Los Angeles Unified,LOS ANGELES    ,0,0
Vista del Valle Elementary,6012223,Claremont Unified,LOS ANGELES    ,0,0
Visual and Performing Arts at Legacy High School C,126557,Los Angeles Unified,LOS ANGELES    ,0,7
Vivian Banks Charter,6113468,Bonsall Unified,SAN DIEGO      ,0,0
Voices College-Bound Language Academy,113662,Franklin-McKinley Elementary,SANTA CLARA    ,0,0
Voices College-Bound Language Academy at Morgan Hi,131748,Santa Clara County Office of Education,SANTA CLARA    ,0,0
Voices College-Bound Language Academy at Mt. Pleas,132530,Santa Clara County Office of Education,SANTA CLARA    ,0,0
Voices College-Bound Language Academy at West Cont,136903,West Contra Costa Unified,CONTRA COSTA   ,0,0
Volta Elementary,6025571,Los Banos Unified,MERCED         ,0,0
Von Renner Elementary,6025753,Newman-Crows Landing Unified,STANISLAUS     ,0,0
Voorhies Elementary,6009161,Bakersfield City,KERN           ,0,0
Vox Collegiate of Los Angeles,137521,Los Angeles Unified,LOS ANGELES    ,0,0
W. A. Kendrick Elementary,6108468,Greenfield Union,KERN           ,0,0
W. D. Hall Elementary,6037741,Cajon Valley Union,SAN DIEGO      ,0,0
W. E. Mitchell Middle,6059208,Folsom-Cordova Unified,SACRAMENTO     ,0,0
W. R. Nelson Elementary,6030704,Tustin Unified,ORANGE         ,0,0
W. R. Powell Elementary,6011357,Azusa Unified,LOS ANGELES    ,0,0
W.E.B. DuBois Public Charter,1030774,Washington Unified,FRESNO         ,0,0
WESM Health/Sports Medicine,1939479,Los Angeles Unified,LOS ANGELES    ,0,13
WISH Academy High,135632,Los Angeles Unified,LOS ANGELES    ,0,0
WISH Community,135921,Los Angeles Unified,LOS ANGELES    ,0,0
Wade Thomas Elementary,6024731,Ross Valley Elementary,MARIN          ,0,0
Wadsworth Avenue Elementary,6019814,Los Angeles Unified,LOS ANGELES    ,0,0
Wagner Ranch Elementary,6066583,Orinda Union Elementary,CONTRA COSTA   ,0,0
Wagner-Holt Elementary,6108807,Lodi Unified,SAN JOAQUIN    ,0,0
Wagon Wheel Elementary,6114524,Capistrano Unified,ORANGE         ,0,0
Wakefield Elementary,6053193,Turlock Unified,STANISLAUS     ,0,0
Wakeham Elementary,6028815,Garden Grove Unified,ORANGE         ,0,0
Walden Academy,124909,Glenn County Office of Education,GLENN          ,0,0
Walgrove Avenue Elementary,6019822,Los Angeles Unified,LOS ANGELES    ,0,0
Walker Elementary,6089064,San Diego Unified,SAN DIEGO      ,0,0
Walker Elementary,6111298,Santa Ana Unified,ORANGE         ,0,0
Walker Junior High,6058903,Anaheim Union High,ORANGE         ,0,0
Wallace R. Davis Elementary,6114631,Santa Ana Unified,ORANGE         ,0,0
Wallen L. Andrews Elementary,6023709,Whittier City Elementary,LOS ANGELES    ,0,0
Wallenberg (Raoul) Traditional High,3830205,San Francisco Unified,SAN FRANCISCO  ,0,7
Wallis Annenberg High,100750,Los Angeles Unified,LOS ANGELES    ,1,5
Walnut Acres Elementary,6004360,Mt. Diablo Unified,CONTRA COSTA   ,0,0
Walnut Avenue Elementary,6035588,Chino Valley Unified,SAN BERNARDINO ,0,0
Walnut Canyon Elementary,6115430,Moorpark Unified,VENTURA        ,0,0
Walnut Creek Intermediate,6005235,Walnut Creek Elementary,CONTRA COSTA   ,0,0
Walnut Elementary,6029029,La Habra City Elementary,ORANGE         ,0,0
Walnut Elementary Education Center,114561,Turlock Unified,STANISLAUS     ,0,0
Walnut Grove Elementary,118927,Patterson Joint Unified,STANISLAUS     ,0,0
Walnut Grove Elementary,6002356,Pleasanton Unified,ALAMEDA        ,0,0
Walnut Grove Elementary,6033708,River Delta Joint Unified,SACRAMENTO     ,0,0
Walnut Grove Intermediate,116566,West Covina Unified,LOS ANGELES    ,0,0
Walnut Heights Elementary,6005243,Walnut Creek Elementary,CONTRA COSTA   ,0,0
Walnut High,1939149,Walnut Valley Unified,LOS ANGELES    ,13,21
Walnut Park Elementary,6110977,Los Angeles Unified,LOS ANGELES    ,0,0
Walnut Park Middle A School of Social Justice and ,126458,Los Angeles Unified,LOS ANGELES    ,0,0
"Walnut Park Middle B Science, Technology, Engineer",126466,Los Angeles Unified,LOS ANGELES    ,0,0
Walnutwood High (Independent Study),3430501,Folsom-Cordova Unified,SACRAMENTO     ,0,0
Walt Disney,6029193,Magnolia Elementary,ORANGE         ,0,0
Walt Disney Elementary,6071039,San Ramon Valley Unified,CONTRA COSTA   ,0,0
Walt Tyler Elementary,6114664,Pioneer Union Elementary,EL DORADO      ,0,0
Walter Colton,6058747,Monterey Peninsula Unified,MONTEREY       ,0,0
Walter F. Dexter Middle,6023725,Whittier City Elementary,LOS ANGELES    ,0,0
Walter Hays Elementary,6048409,Palo Alto Unified,SANTA CLARA    ,0,0
Walter L. Bachrodt Elementary,6048730,San Jose Unified,SANTA CLARA    ,0,0
Walter M. Brown Elementary,6102743,Turlock Unified,STANISLAUS     ,0,0
Walter Reed Middle,6062699,Los Angeles Unified,LOS ANGELES    ,0,0
Walter Stiern Middle,6111264,Bakersfield City,KERN           ,0,0
Walter White Elementary,6052450,Ceres Unified,STANISLAUS     ,0,0
Walter Woodward Elementary,105973,Manteca Unified,SAN JOAQUIN    ,0,0
Walter Zimmerman Elementary,6035729,Colton Joint Unified,SAN BERNARDINO ,0,0
Walteria Elementary,6023295,Torrance Unified,LOS ANGELES    ,0,0
Walton Development Center,6095236,Stockton Unified,SAN JOAQUIN    ,0,0
Walton Middle,6061279,Compton Unified,LOS ANGELES    ,0,0
Wanda Hirsch Elementary,6114490,Tracy Joint Unified,SAN JOAQUIN    ,0,0
Wangenheim Middle,6097844,San Diego Unified,SAN DIEGO      ,0,0
Ward (E. W.) Elementary,6012777,Downey Unified,LOS ANGELES    ,0,0
Warm Springs Elementary,6000848,Fremont Unified,ALAMEDA        ,0,0
Warm Springs Middle,6120554,Murrieta Valley Unified,RIVERSIDE      ,0,0
Warner Avenue Elementary,6019830,Los Angeles Unified,LOS ANGELES    ,0,0
Warner Elementary,6040661,Warner Unified,SAN DIEGO      ,0,0
Warner High,2530020,Modoc Joint Unified,MODOC          ,0,0
Warner Junior/Senior High,3730975,Warner Unified,SAN DIEGO      ,0,0
Warner Middle,6030928,Westminster,ORANGE         ,0,0
Warren (Earl) High,1939164,Downey Unified,LOS ANGELES    ,0,22
Warren A. Allison Elementary,6033476,Twin Rivers Unified,SACRAMENTO     ,0,0
Warren E. Hyde Middle,6047096,Cupertino Union,SANTA CLARA    ,0,0
Warren Lane Elementary,6014526,Inglewood Unified,LOS ANGELES    ,0,0
Warren T. Eich Middle,6031249,Roseville City Elementary,PLACER         ,0,0
Warwick Elementary,6089619,Fremont Unified,ALAMEDA        ,0,0
Wasco High,1536440,Wasco Union High,KERN           ,0,9
Wasco Independence High,1530351,Wasco Union High,KERN           ,0,0
Washington,6013999,Hawthorne,LOS ANGELES    ,0,0
Washington,6051650,Cloverdale Unified,SONOMA         ,0,0
Washington (George) High,3839081,San Francisco Unified,SAN FRANCISCO  ,0,16
Washington Academic Middle,6007207,Sanger Unified,FRESNO         ,0,0
Washington Colony Elementary,6007405,Washington Colony Elementary,FRESNO         ,0,0
Washington Elementary,133777,Sacramento City Unified,SACRAMENTO     ,0,0
Washington Elementary,6002455,San Leandro Unified,ALAMEDA        ,0,0
Washington Elementary,6021968,Pomona Unified,LOS ANGELES    ,0,0
Washington Elementary,6025803,Merced River Union Elementary,MERCED         ,0,0
Washington Elementary,6043608,Burlingame Elementary,SAN MATEO      ,0,0
Washington Elementary,6090328,Berkeley Unified,ALAMEDA        ,0,0
Washington High,138693,Fremont Unified,ALAMEDA        ,0,12
Washington High,1038306,Washington Unified,FRESNO         ,0,8
Washington High,3630399,Colton Joint Unified,SAN BERNARDINO ,0,0
Washington Intermediate,6053995,Dinuba Unified,TULARE         ,0,0
"Washington Irving Middle School Math, Music and En",6058077,Los Angeles Unified,LOS ANGELES    ,0,0
Washington Manor Middle,6002703,San Lorenzo Unified,ALAMEDA        ,0,0
Washington Middle,6009179,Bakersfield City,KERN           ,0,0
Washington Middle,6021752,Pasadena Unified,LOS ANGELES    ,0,0
Washington Middle,6029037,La Habra City Elementary,ORANGE         ,0,0
Washington Middle,6058770,Salinas Union High,MONTEREY       ,0,0
Washington Middle,6061386,Long Beach Unified,LOS ANGELES    ,0,0
Washington Middle College High,135939,Washington Unified,YOLO           ,0,0
Washington Open Elementary,6049035,Santa Clara Unified,SANTA CLARA    ,0,0
Washington Primary Center,109306,Los Angeles Unified,LOS ANGELES    ,0,0
Wasuma Elementary,6024111,Bass Lake Joint Union Elementary,MADERA         ,0,0
Waterford High,5030259,Waterford Unified,STANISLAUS     ,0,7
Waterford Junior,6053219,Waterford Unified,STANISLAUS     ,0,0
Waterloo Elementary,6041990,Linden Unified,SAN JOAQUIN    ,0,0
Watsonville Charter School of the Arts,6119077,Pajaro Valley Unified,SANTA CRUZ     ,0,0
Watsonville High,4437901,Pajaro Valley Unified,SANTA CRUZ     ,0,8
Watts Learning Center,6114912,Los Angeles Unified,LOS ANGELES    ,0,0
Watts Learning Center Charter Middle,120527,Los Angeles Unified,LOS ANGELES    ,0,0
Waukena Joint Union Elementary,6054753,Waukena Joint Union Elementary,TULARE         ,0,0
Waverly Elementary,6042006,Linden Unified,SAN JOAQUIN    ,0,0
Wawona K-8,136150,Fresno Unified,FRESNO         ,0,0
Wayne Ruble Middle,102509,Fontana Unified,SAN BERNARDINO ,0,0
Wayne Van Horn Elementary,6066674,Panama-Buena Vista Union,KERN           ,0,0
Wayside Elementary,6009187,Bakersfield City,KERN           ,0,0
Weathersfield Elementary,6056022,Conejo Valley Unified,VENTURA        ,0,0
Weaver Middle,6025811,Weaver Union,MERCED         ,0,0
Weaverville Elementary,6053821,Trinity Alps Unified,TRINITY        ,0,0
Webber Elementary,6030837,Westminster,ORANGE         ,0,0
Weber Institute,3930427,Stockton Unified,SAN JOAQUIN    ,0,0
Webster (Daniel) Elementary,6040893,San Francisco Unified,SAN FRANCISCO  ,0,0
Webster Elementary,6006555,Fresno Unified,FRESNO         ,0,0
Webster Elementary,6100820,Golden Valley Unified,MADERA         ,0,0
Wedgeworth Elementary,6066757,Hacienda la Puente Unified,LOS ANGELES    ,0,0
Weed Elementary,6050942,Weed Union Elementary,SISKIYOU       ,0,0
Weed High,4738753,Siskiyou Union High,SISKIYOU       ,0,1
Wegeforth Elementary,6040281,San Diego Unified,SAN DIEGO      ,0,0
Weigand Avenue Elementary,6019848,Los Angeles Unified,LOS ANGELES    ,0,0
Weill (Raphael) Children Center,117515,San Francisco Unified,SAN FRANCISCO  ,0,0
Weimar Hills,6031199,Placer Hills Union Elementary,PLACER         ,0,0
Weir Preparatory Academy,112664,Fairfield-Suisun Unified,SOLANO         ,0,0
Weitchpec Elementary,6008007,Klamath-Trinity Joint Unified,HUMBOLDT       ,0,0
Welby Way Charter Elementary School And Gifted-Hig,6019855,Los Angeles Unified,LOS ANGELES    ,0,0
Weldon Elementary,6005938,Clovis Unified,FRESNO         ,0,0
"Wellington M. Smith, Jr.",2730117,Monterey County Office of Education,MONTEREY       ,0,0
Wells (Ida B.) High,3830031,San Francisco Unified,SAN FRANCISCO  ,0,0
Wells Middle,6031595,Alvord Unified,RIVERSIDE      ,0,0
Wells Middle,6066484,Dublin Unified,ALAMEDA        ,0,0
Wescove Elementary,6023543,West Covina Unified,LOS ANGELES    ,0,0
Wesley Gaines,6021398,Paramount Unified,LOS ANGELES    ,0,0
West Adams Preparatory High,114850,Los Angeles Unified,LOS ANGELES    ,0,12
West Athens Elementary,6019863,Los Angeles Unified,LOS ANGELES    ,0,0
West Boron Elementary,6009906,Muroc Joint Unified,KERN           ,0,0
West Campus,3430865,Sacramento City Unified,SACRAMENTO     ,0,11
West Cottonwood Junior High,6050207,Cottonwood Union Elementary,SHASTA         ,0,0
West County Charter Middle,135327,West Sonoma County Union High,SONOMA         ,0,0
West County Mandarin,135434,West Contra Costa Unified,CONTRA COSTA   ,0,0
West Covina High,1939537,West Covina Unified,LOS ANGELES    ,0,26
West Creek Academy,119230,Saugus Union,LOS ANGELES    ,0,0
West Creek Elementary,112086,Adelanto Elementary,SAN BERNARDINO ,0,0
West Fresno Elementary,6006605,Washington Unified,FRESNO         ,0,0
West Fresno Middle,6006613,Washington Unified,FRESNO         ,0,0
West Heritage Elementary,6108005,Etiwanda Elementary,SAN BERNARDINO ,0,0
West High,1536606,Kern High,KERN           ,0,3
West High,1939602,Torrance Unified,LOS ANGELES    ,0,14
West Hills High,3730702,Grossmont Union High,SAN DIEGO      ,0,14
West Hills Juvenile Hall Court,2330124,Mendocino County Office of Education,MENDOCINO      ,0,0
West Hillsborough,6043699,Hillsborough City Elementary,SAN MATEO      ,0,0
West Hollywood Elementary,6019871,Los Angeles Unified,LOS ANGELES    ,0,0
West Hollywood Opportunity,1932391,Los Angeles Unified,LOS ANGELES    ,0,0
West Oakland Middle,115626,Oakland Unified,ALAMEDA        ,0,0
West Orange Elementary,6029987,Orange Unified,ORANGE         ,0,0
West Palms Conservatory,113779,Victor Elementary,SAN BERNARDINO ,0,0
West Park Charter Academy,6112387,West Park Elementary,FRESNO         ,0,1
West Park Elementary,6007413,West Park Elementary,FRESNO         ,0,0
West Point Elementary,6003453,Calaveras Unified,CALAVERAS      ,0,0
West Portal Elementary,6041727,San Francisco Unified,SAN FRANCISCO  ,0,0
West Putnam Elementary,6054290,Porterville Unified,TULARE         ,0,0
West Ranch High,102475,William S. Hart Union High,LOS ANGELES    ,0,20
West Randall Elementary,6035919,Fontana Unified,SAN BERNARDINO ,0,0
West Riverside Elementary,6032247,Jurupa Unified,RIVERSIDE      ,0,0
West Shores High,3330354,Coachella Valley Unified,RIVERSIDE      ,0,7
West Side Elementary,6052336,West Side Union Elementary,SONOMA         ,0,0
West Side Valley High (Continuation),5030036,Newman-Crows Landing Unified,STANISLAUS     ,0,0
West Sonoma County Consortium,121038,West Sonoma County Union High,SONOMA         ,0,0
West Street Elementary,6053482,Corning Union Elementary,TEHAMA         ,0,0
West Valley Elementary,6047104,Cupertino Union,SANTA CLARA    ,0,0
West Valley High,3330537,Hemet Unified,RIVERSIDE      ,0,13
West Valley High,4530028,Anderson Union High,SHASTA         ,0,2
West Vernon Avenue Elementary,6019889,Los Angeles Unified,LOS ANGELES    ,0,0
West Whittier Elementary,6023733,Whittier City Elementary,LOS ANGELES    ,0,0
West Wind Elementary,6109276,Lancaster Elementary,LOS ANGELES    ,0,0
Westborough Middle,6067128,South San Francisco Unified,SAN MATEO      ,0,0
Western Avenue Elementary,6019905,Los Angeles Unified,LOS ANGELES    ,0,0
Western Center Academy,120675,Hemet Unified,RIVERSIDE      ,0,15
Western High,3038239,Anaheim Union High,ORANGE         ,0,9
Western Sierra Collegiate Academy,119487,Rocklin Unified,PLACER         ,0,13
Westfield Elementary,6054308,Porterville Unified,TULARE         ,0,0
Westfield Village Elementary,6056394,Washington Unified,YOLO           ,0,0
Westlake Charter,108860,Natomas Unified,SACRAMENTO     ,0,0
Westlake Elementary,6043905,Jefferson Elementary,SAN MATEO      ,0,0
Westlake Elementary,6071286,Conejo Valley Unified,VENTURA        ,0,0
Westlake High,5630116,Conejo Valley Unified,VENTURA        ,0,20
Westlake Hills Elementary,6093181,Conejo Valley Unified,VENTURA        ,0,0
Westlake Middle,6057095,Oakland Unified,ALAMEDA        ,0,0
Westminster Avenue Elementary,6019913,Los Angeles Unified,LOS ANGELES    ,0,0
Westminster High,3038445,Huntington Beach Union High,ORANGE         ,0,20
Westmont Elementary,6021976,Pomona Unified,LOS ANGELES    ,0,0
Westmont Elementary,6116123,Anaheim Elementary,ORANGE         ,0,0
Westmont High,4338505,Campbell Union High,SANTA CLARA    ,0,20
Westmoor High,4137790,Jefferson Union High,SAN MATEO      ,0,11
Westmore Oaks Elementary,6056402,Washington Unified,YOLO           ,0,0
Westmorland Elementary,6008650,Westmorland Union Elementary,IMPERIAL       ,0,0
Weston Elementary,6106322,Ripon Unified,SAN JOAQUIN    ,0,0
Weston Ranch High,101576,Manteca Unified,SAN JOAQUIN    ,0,5
Westpark Elementary,111377,Southern Kern Unified,KERN           ,0,0
Westport Elementary,6052468,Ceres Unified,STANISLAUS     ,0,0
Westport Heights Elementary,6019921,Los Angeles Unified,LOS ANGELES    ,0,0
Westside Community Day Middle High,123091,Dos Palos Oro Loma Joint Unified,MERCED         ,0,0
Westside Elementary,6007421,Westside Elementary,FRESNO         ,0,0
Westside Elementary,6032841,Coachella Valley Unified,RIVERSIDE      ,0,0
Westside Elementary,6033633,Twin Rivers Unified,SACRAMENTO     ,0,0
Westside Global Awareness Magnet,1931054,Los Angeles Unified,LOS ANGELES    ,0,0
Westside High,2430015,Dos Palos Oro Loma Joint Unified,MERCED         ,0,0
Westside Park Elementary,6106694,Adelanto Elementary,SAN BERNARDINO ,0,0
Westside Preparatory Charter,6112643,Twin Rivers Unified,SACRAMENTO     ,0,0
Westside Union Elementary,6116156,Los Banos Unified,MERCED         ,0,0
Westview High,3731528,Poway Unified,SAN DIEGO      ,0,9
Westwood Charter Elementary,6019939,Los Angeles Unified,LOS ANGELES    ,0,0
Westwood Elementary,6004378,Mt. Diablo Unified,CONTRA COSTA   ,0,0
Westwood Elementary,6070858,Poway Unified,SAN DIEGO      ,0,0
Westwood Elementary,6109839,Lodi Unified,SAN JOAQUIN    ,0,0
Westwood High,1838507,Westwood Unified,LASSEN         ,0,1
Whale Gulch Elementary,6111074,Leggett Valley Unified,MENDOCINO      ,0,0
Whale Gulch High,2330207,Leggett Valley Unified,MENDOCINO      ,0,0
Whaley Middle,6057582,Compton Unified,LOS ANGELES    ,0,0
Wheatland Charter Academy,6118806,Wheatland,YUBA           ,0,0
Wheatland Elementary,6056840,Wheatland,YUBA           ,0,0
Wheatland Union High,5838305,Wheatland Union High,YUBA           ,0,4
Whitcomb Continuation High,1939677,Glendora Unified,LOS ANGELES    ,0,0
White Hill Middle,6024285,Ross Valley Elementary,MARIN          ,0,0
White Oak Elementary,6067292,Simi Valley Unified,VENTURA        ,0,0
White Oaks Elementary,6044788,San Carlos Elementary,SAN MATEO      ,0,0
White Point Elementary,6019947,Los Angeles Unified,LOS ANGELES    ,0,0
White Rock Elementary,6033278,Folsom-Cordova Unified,SACRAMENTO     ,0,0
Whited Elementary Charter,6052047,Rincon Valley Union Elementary,SONOMA         ,0,0
Whitethorn Elementary,6008239,Southern Humboldt Joint Unified,HUMBOLDT       ,0,0
Whitman Continuation,1931856,Los Angeles Unified,LOS ANGELES    ,0,0
Whitman Elementary,6040307,San Diego Unified,SAN DIEGO      ,0,0
Whitmore Charter High,107136,Ceres Unified,STANISLAUS     ,0,3
Whitmore Charter School of Art & Technology,107128,Ceres Unified,STANISLAUS     ,0,0
Whitmore Elementary,6050595,Whitmore Union Elementary,SHASTA         ,0,0
Whitney (Gretchen) High,1931880,ABC Unified,LOS ANGELES    ,0,15
Whitney Avenue Elementary,6034961,San Juan Unified,SACRAMENTO     ,0,0
Whitney High,108084,Rocklin Unified,PLACER         ,0,15
Whitney Young Continuation,1930403,Los Angeles Unified,LOS ANGELES    ,0,0
Whittier Area Community Day,123109,Whittier City Elementary,LOS ANGELES    ,0,0
Whittier Elementary,6029516,Newport-Mesa Unified,ORANGE         ,0,0
Whittier Elementary,6032148,Hemet Unified,RIVERSIDE      ,0,0
Whittier High,1939701,Whittier Union High,LOS ANGELES    ,0,19
Whittier Independent Study,126953,Whittier City Elementary,LOS ANGELES    ,0,0
Whittier K-12,3730363,San Diego Unified,SAN DIEGO      ,0,0
Wicklund Elementary,106484,Lammersville Joint Unified,SAN JOAQUIN    ,0,0
Wilbur Charter For Enriched Academics,6019954,Los Angeles Unified,LOS ANGELES    ,0,0
Wilcox Elementary,6020671,Montebello Unified,LOS ANGELES    ,0,0
Wild Rose Elementary,6020499,Monrovia Unified,LOS ANGELES    ,0,0
Wilder's Preparatory Academy Charter,101667,Inglewood Unified,LOS ANGELES    ,0,0
Wilder's Preparatory Academy Charter Middle,116822,Inglewood Unified,LOS ANGELES    ,0,0
Wildflower Open Classroom,123810,Chico Unified,BUTTE          ,0,0
Wildomar Elementary,6032064,Lake Elsinore Unified,RIVERSIDE      ,0,0
Wildwood Elementary,6002307,Piedmont City Unified,ALAMEDA        ,0,0
Wiley Canyon Elementary,6020812,Newhall,LOS ANGELES    ,0,0
Wilhelmina Henry Elementary,111344,Stockton Unified,SAN JOAQUIN    ,0,0
Wilkerson Elementary,6013288,El Monte City,LOS ANGELES    ,0,0
Will C. Wood High,4830089,Vacaville Unified,SOLANO         ,0,10
Will C. Wood Middle,6059364,Sacramento City Unified,SACRAMENTO     ,0,0
Will C. Wood Middle,6090112,Alameda Unified,ALAMEDA        ,0,0
Will Rogers Continuation,1931534,Los Angeles Unified,LOS ANGELES    ,0,0
Will Rogers Elementary,6020309,Lynwood Unified,LOS ANGELES    ,0,0
Will Rogers Elementary,6022644,Santa Monica-Malibu Unified,LOS ANGELES    ,0,0
Will Rogers Elementary,6056238,Ventura Unified,VENTURA        ,0,0
Will Rogers Middle,6014922,Lawndale Elementary,LOS ANGELES    ,0,0
Will Rogers Middle,6034870,San Juan Unified,SACRAMENTO     ,0,0
Willard (Frances E.) Elementary,6013544,Garvey Elementary,LOS ANGELES    ,0,0
Willard Elementary,6021778,Pasadena Unified,LOS ANGELES    ,0,0
Willard F. Payne Elementary,6020788,Mountain View Elementary,LOS ANGELES    ,0,0
Willard Intermediate,6061758,Santa Ana Unified,ORANGE         ,0,0
Willard Middle,6056865,Berkeley Unified,ALAMEDA        ,0,0
William & Marian Ghidotti High,112367,Nevada Joint Union High,NEVADA         ,0,1
William Anderson Elementary,6014831,Lawndale Elementary,LOS ANGELES    ,0,0
William B. Bimat Elementary,6118681,Norris Elementary,KERN           ,0,0
William B. Bristow Middle,6112718,Brentwood Union Elementary,CONTRA COSTA   ,0,0
William Brooks Elementary,6005474,Buckeye Union Elementary,EL DORADO      ,0,0
William Burnett Elementary,6047690,Milpitas Unified,SANTA CLARA    ,0,0
William C. Overfelt High,4335428,East Side Union High,SANTA CLARA    ,0,13
William Collier Elementary,6115174,Lake Elsinore Unified,RIVERSIDE      ,0,0
William E. Fanning Elementary,6068571,Brea-Olinda Unified,ORANGE         ,0,0
William Faria Elementary,6047112,Cupertino Union,SANTA CLARA    ,0,0
William Finch,1130103,Glenn County Office of Education,GLENN          ,0,0
William G. Jehue Middle,6114920,Rialto Unified,SAN BERNARDINO ,0,0
William G. Paden Elementary,6090120,Alameda Unified,ALAMEDA        ,0,0
William Garrison Elementary,6052716,Modesto City Elementary,STANISLAUS     ,0,0
William Green Elementary,6014930,Lawndale Elementary,LOS ANGELES    ,0,0
William H. Frazier Elementary,6116420,Fallbrook Union Elementary,SAN DIEGO      ,0,0
William Hopkins Junior High,6056923,Fremont Unified,ALAMEDA        ,0,0
William Howard Taft Elementary,6107957,Riverside Unified,RIVERSIDE      ,0,0
William J. (Pete) Knight High,100081,Antelope Valley Union High,LOS ANGELES    ,0,18
William J. Johnston Community Day,101329,Los Angeles Unified,LOS ANGELES    ,0,0
William Jefferson Clinton Middle,112011,Los Angeles Unified,LOS ANGELES    ,0,0
William Kaseberg Elementary,6031256,Roseville City Elementary,PLACER         ,0,0
William Land Elementary,6034326,Sacramento City Unified,SACRAMENTO     ,0,0
William M. Metteer Elementary,6106686,Red Bluff Union Elementary,TEHAMA         ,0,0
William McKinley Elementary,6110589,Corona-Norco Unified,RIVERSIDE      ,0,0
William Mendenhall Middle,6001341,Livermore Valley Joint Unified,ALAMEDA        ,0,0
William Moreno Junior High,6111587,Calexico Unified,IMPERIAL       ,0,0
William Mulholland Middle,6058184,Los Angeles Unified,LOS ANGELES    ,0,0
William Northrup Elementary,6011118,Alhambra Unified,LOS ANGELES    ,0,0
William Penn Elementary,6009195,Bakersfield City,KERN           ,0,0
William R. Anton Elementary,6017446,Los Angeles Unified,LOS ANGELES    ,0,0
William R. Buckley Elementary,6114078,Burton Elementary,TULARE         ,0,0
William Regnart Elementary,6047054,Cupertino Union,SANTA CLARA    ,0,0
William S. Hart High,1933902,William S. Hart Union High,LOS ANGELES    ,0,14
William Saroyan Elementary,6112023,Central Unified,FRESNO         ,0,0
William Sheppard Middle,6046338,Alum Rock Union Elementary,SANTA CLARA    ,0,0
William Tell Aggeler Opportunity High,1930064,Los Angeles Unified,LOS ANGELES    ,0,0
William W. Orr Elementary,6015101,Little Lake City Elementary,LOS ANGELES    ,0,0
William Workman High,1939925,Hacienda la Puente Unified,LOS ANGELES    ,0,7
Williams (Spencer V.) Elementary,6012900,Downey Unified,LOS ANGELES    ,0,0
Williams Elementary,6009203,Bakersfield City,KERN           ,0,0
Williams Elementary,6048755,San Jose Unified,SANTA CLARA    ,0,0
Williams Junior/Senior High,637504,Williams Unified,COLUSA         ,0,4
Williams Primary Elementary,6003552,Williams Unified,COLUSA         ,0,0
Williams Ranch Elementary,6110746,Penn Valley Union Elementary,NEVADA         ,0,0
Williams Upper Elementary,118729,Williams Unified,COLUSA         ,0,0
Williamson Elementary,6033286,Folsom-Cordova Unified,SACRAMENTO     ,0,0
Willis Jepson Middle,6060180,Vacaville Unified,SOLANO         ,0,0
Willits Charter,2330363,Willits Unified,MENDOCINO      ,0,2
Willits Elementary Charter,125658,Willits Unified,MENDOCINO      ,0,0
Willits High,2335487,Willits Unified,MENDOCINO      ,0,2
Willma Cavitt Junior High,6101778,Eureka Union,PLACER         ,0,0
Willmore Elementary,6030852,Westminster,ORANGE         ,0,0
Willow Community Day,3930393,Tracy Joint Unified,SAN JOAQUIN    ,0,0
Willow Cove Elementary,6004576,Pittsburg Unified,CONTRA COSTA   ,0,0
Willow Creek Academy,6118491,Sausalito Marin City,MARIN          ,0,0
Willow Creek Elementary,6050959,Willow Creek Elementary,SISKIYOU       ,0,0
Willow Elementary,6010995,ABC Unified,LOS ANGELES    ,0,0
Willow Glen Elementary,6048763,San Jose Unified,SANTA CLARA    ,0,0
Willow Glen Elementary,6054746,Visalia Unified,TULARE         ,0,0
Willow Glen High,4338950,San Jose Unified,SANTA CLARA    ,0,21
Willow Glen Middle,6060107,San Jose Unified,SANTA CLARA    ,0,0
Willow Grove Elementary,6035158,Willow Grove Union Elementary,SAN BENITO     ,0,0
Willow High,737619,John Swett Unified,CONTRA COSTA   ,0,2
Willow Oaks Elementary,6044416,Ravenswood City Elementary,SAN MATEO      ,1,0
Willowbrook Middle,6057590,Compton Unified,LOS ANGELES    ,0,0
Willows Community High,1130038,Willows Unified,GLENN          ,0,0
Willows High,1132851,Willows Unified,GLENN          ,0,3
Willows Intermediate,6007611,Willows Unified,GLENN          ,0,0
Wilmer Amina Carter High,102830,Rialto Unified,SAN BERNARDINO ,0,20
"Wilmington Middle Science, Technology, Engineering",6058374,Los Angeles Unified,LOS ANGELES    ,0,0
Wilmington Park Elementary,6019962,Los Angeles Unified,LOS ANGELES    ,0,0
Wilshire Crest Elementary,6019970,Los Angeles Unified,LOS ANGELES    ,0,0
Wilshire Park Elementary,112003,Los Angeles Unified,LOS ANGELES    ,0,0
Wilson Alternative,4330247,Santa Clara Unified,SANTA CLARA    ,0,0
Wilson C. Riles Middle,108621,Center Joint Unified,SACRAMENTO     ,0,0
Wilson Elementary,6002463,San Leandro Unified,ALAMEDA        ,0,0
Wilson Elementary,6007215,Sanger Unified,FRESNO         ,0,0
Wilson Elementary,6029524,Newport-Mesa Unified,ORANGE         ,0,0
Wilson Elementary,6042824,Stockton Unified,SAN JOAQUIN    ,0,0
Wilson Elementary,6052872,Modesto City Elementary,STANISLAUS     ,0,0
Wilson High,1939875,Long Beach Unified,LOS ANGELES    ,0,24
Wilson Middle,6023907,Chowchilla Elementary,MADERA         ,0,0
Wilson Middle,6061980,San Diego Unified,SAN DIEGO      ,0,0
Wilson Middle,6110290,Exeter Unified,TULARE         ,0,0
Wilsona Achievement Academy,6120836,Wilsona Elementary,LOS ANGELES    ,0,0
Wilton Place Elementary,6019988,Los Angeles Unified,LOS ANGELES    ,0,0
Winchell Elementary,6006571,Fresno Unified,FRESNO         ,0,0
Winchester Elementary,6032155,Hemet Unified,RIVERSIDE      ,0,0
Windemere Ranch Middle,108324,San Ramon Valley Unified,CONTRA COSTA   ,0,0
Windmill Springs Elementary,6105795,Franklin-McKinley Elementary,SANTA CLARA    ,0,0
Windrows Elementary,6106595,Etiwanda Elementary,SAN BERNARDINO ,0,0
Windsor Creek Elementary,6116024,Windsor Unified,SONOMA         ,0,0
Windsor High,4930228,Windsor Unified,SONOMA         ,0,11
Windsor Hills Math Science,6019996,Los Angeles Unified,LOS ANGELES    ,0,0
Windsor Middle,6052351,Windsor Unified,SONOMA         ,0,0
Windsor Oaks Academy,4930269,Windsor Unified,SONOMA         ,0,0
Winfield Elementary,111294,Winton,MERCED         ,0,0
Wing Lane Elementary,6022396,Hacienda la Puente Unified,LOS ANGELES    ,0,0
Wingland Elementary,6010102,Standard Elementary,KERN           ,0,0
Winifred Pifer Elementary,6043160,Paso Robles Joint Unified,SAN LUIS OBISPO,0,0
Winnetka Avenue Elementary,6020002,Los Angeles Unified,LOS ANGELES    ,0,0
Winship Community,6053334,Winship-Robbins,SUTTER         ,0,0
Winship Middle,127407,Eureka City Schools,HUMBOLDT       ,0,0
Winston Churchill Middle,6034425,San Juan Unified,SACRAMENTO     ,0,0
Winter Gardens Elementary,6038392,Lakeside Union Elementary,SAN DIEGO      ,0,0
Winters Elementary,6056410,Winters Joint Unified,YOLO           ,0,0
Winters High,5738505,Winters Joint Unified,YOLO           ,0,6
Winters Middle,6095368,Winters Joint Unified,YOLO           ,0,0
Winton Middle,6056972,Hayward Unified,ALAMEDA        ,0,0
Winton Middle,6109425,Winton,MERCED         ,0,0
Wisdom Elementary,122150,Los Angeles Unified,LOS ANGELES    ,0,0
Wishon Elementary,6006589,Fresno Unified,FRESNO         ,0,0
Withrow Elementary,6108278,Lake Elsinore Unified,RIVERSIDE      ,0,0
Witter Ranch Elementary,102277,Natomas Unified,SACRAMENTO     ,0,0
Wittmann (Helen) Elementary,6093447,ABC Unified,LOS ANGELES    ,0,0
Wolf Canyon Elementary,114009,Chula Vista Elementary,SAN DIEGO      ,0,0
Wolfskill High,5730049,Winters Joint Unified,YOLO           ,0,0
Wolters Elementary,6006597,Fresno Unified,FRESNO         ,0,0
Wonderful College Prep Academy,119669,Kern County Office of Education,KERN           ,0,0
Wonderful College Prep Academy - Lost Hills,135467,Kern County Office of Education,KERN           ,0,0
Wonderland Avenue Elementary,6020010,Los Angeles Unified,LOS ANGELES    ,0,0
Wood Canyon Elementary,6111835,Capistrano Unified,ORANGE         ,0,0
Wood Ranch Elementary,6115653,Simi Valley Unified,VENTURA        ,0,0
Woodbine Elementary,6034334,Sacramento City Unified,SACRAMENTO     ,0,0
Woodbridge,111419,Lodi Unified,SAN JOAQUIN    ,0,0
Woodbridge High,3030285,Irvine Unified,ORANGE         ,0,20
Woodbury Elementary,6028823,Garden Grove Unified,ORANGE         ,0,0
Woodcreek High,3130176,Roseville Joint Union High,PLACER         ,0,15
Woodcrest Elementary,6028195,Fullerton Elementary,ORANGE         ,0,0
Woodcrest Elementary,6099188,Riverside Unified,RIVERSIDE      ,0,0
Woodcrest Junior High,6111215,Chino Valley Unified,SAN BERNARDINO ,0,0
Woodlake Community Day,5430285,Woodlake Unified,TULARE         ,0,0
Woodlake Elementary,6033450,Twin Rivers Unified,SACRAMENTO     ,0,0
Woodlake Elementary Community Charter,6020036,Los Angeles Unified,LOS ANGELES    ,0,0
Woodlake High,5436282,Woodlake Unified,TULARE         ,0,6
Woodlake Valley Middle,6054761,Woodlake Unified,TULARE         ,0,0
Woodland Community Day,6116479,Woodland Joint Unified,YOLO           ,0,0
Woodland Elementary,6025050,Mariposa County Unified,MARIPOSA       ,0,0
Woodland Elementary,6107833,Newport-Mesa Unified,ORANGE         ,0,0
Woodland Hills Academy,6061568,Los Angeles Unified,LOS ANGELES    ,0,0
Woodland Hills Elementary Charter For Enriched Stu,6020044,Los Angeles Unified,LOS ANGELES    ,0,0
Woodland Middle Grade Community Day,138677,Woodland Joint Unified,YOLO           ,0,0
Woodland Prairie Elementary,6107163,Woodland Joint Unified,YOLO           ,0,0
Woodland Senior High,5738802,Woodland Joint Unified,YOLO           ,0,14
Woodland Star Charter,105866,Sonoma Valley Unified,SONOMA         ,0,0
Woodlawn Avenue Elementary,6020051,Los Angeles Unified,LOS ANGELES    ,0,0
Woodridge Elementary,6066682,Twin Rivers Unified,SACRAMENTO     ,0,0
Woodrow Elementary,6053128,Sylvan Union Elementary,STANISLAUS     ,0,0
Woodrow W. Wallace Elementary,6009658,Kernville Union Elementary,KERN           ,0,0
Woodrow Wallace Middle,122887,Kernville Union Elementary,KERN           ,0,0
Woodrow Wilson Elementary,6043913,Jefferson Elementary,SAN MATEO      ,0,0
Woodrow Wilson Elementary,6117998,Corona-Norco Unified,RIVERSIDE      ,0,0
Woodrow Wilson Junior High,6010458,Hanford Elementary,KINGS          ,0,0
Woodrow Wilson Middle,6058499,Pasadena Unified,LOS ANGELES    ,0,0
Woodrow Wilson Middle,6061311,Glendale Unified,LOS ANGELES    ,0,0
Woodrow Wilson Senior High,1939859,Los Angeles Unified,LOS ANGELES    ,9,14
Woodruff Academy,135335,Downey Unified,LOS ANGELES    ,0,0
Woods (Harold L.) Elementary,108142,Clovis Unified,FRESNO         ,0,0
Woodsboro Elementary,6097000,Placentia-Yorba Linda Unified,ORANGE         ,0,0
Woodside Elementary,6004394,Mt. Diablo Unified,CONTRA COSTA   ,0,0
Woodside Elementary,6045165,Woodside Elementary,SAN MATEO      ,0,0
Woodside High,4138053,Sequoia Union High,SAN MATEO      ,0,15
Woodside K-8,6097810,San Juan Unified,SACRAMENTO     ,0,0
Woodson Elementary,102301,Corning Union Elementary,TEHAMA         ,0,0
Woodville Elementary,6054779,Woodville Union Elementary,TULARE         ,0,0
Woodworth-Monroe K-8 Academy,6014575,Inglewood Unified,LOS ANGELES    ,0,0
Workman Avenue Elementary,6012645,Covina-Valley Unified,LOS ANGELES    ,0,0
Workman Elementary,6014419,Hacienda la Puente Unified,LOS ANGELES    ,0,0
Worthington Elementary,6014443,Inglewood Unified,LOS ANGELES    ,0,0
Wren Avenue Elementary,6004402,Mt. Diablo Unified,CONTRA COSTA   ,0,0
Wright Charter,6052377,Wright Elementary,SONOMA         ,0,0
Wright Elementary,6013296,El Monte City,LOS ANGELES    ,0,0
Wrightwood Elementary,6037394,Snowline Joint Unified,SAN BERNARDINO ,0,0
Wyandotte Academy,6094957,Oroville City Elementary,BUTTE          ,0,0
YES Academy,6017677,Los Angeles Unified,LOS ANGELES    ,0,0
Yamato Colony Elementary,6109649,Livingston Union,MERCED         ,0,0
Yav Pem Suab Academy - Preparing for the Future Ch,121665,Sacramento City Unified,SACRAMENTO     ,0,0
Ybarra Academy for the Arts and Technology,6022404,Rowland Unified,LOS ANGELES    ,0,0
Yellen Learning Center,102269,Palmdale Elementary,LOS ANGELES    ,0,0
Yerba Buena Elementary,6014823,Las Virgenes Unified,LOS ANGELES    ,0,0
Yerba Buena High,4330015,East Side Union High,SANTA CLARA    ,0,11
Yermo Elementary,6035455,Silver Valley Unified,SAN BERNARDINO ,0,0
Ygnacio Valley Elementary,6004410,Mt. Diablo Unified,CONTRA COSTA   ,0,0
Ygnacio Valley High,737809,Mt. Diablo Unified,CONTRA COSTA   ,6,1
Yick Wo Elementary,6041131,San Francisco Unified,SAN FRANCISCO  ,0,0
Ynez Elementary,6011126,Alhambra Unified,LOS ANGELES    ,0,0
Yokayo Elementary,6025274,Ukiah Unified,MENDOCINO      ,0,0
Yolo County Career Academy,137422,Yolo County Office of Education,YOLO           ,0,0
Yolo County Special Education,6077275,Yolo County Office of Education,YOLO           ,0,0
Yolo High,5739552,Washington Unified,YOLO           ,0,0
Yolo Junior High,6025761,Newman-Crows Landing Unified,STANISLAUS     ,0,0
Yorba Linda High,119404,Placentia-Yorba Linda Unified,ORANGE         ,0,23
Yorba Linda Middle,6030969,Placentia-Yorba Linda Unified,ORANGE         ,0,0
Yorba Middle,6061733,Orange Unified,ORANGE         ,0,0
Yorbita Elementary,6022412,Rowland Unified,LOS ANGELES    ,0,0
York,6014013,Hawthorne,LOS ANGELES    ,0,0
Yorkdale Elementary,6020069,Los Angeles Unified,LOS ANGELES    ,0,0
Yosemite Falls Education Center,115550,Yosemite Unified,MADERA         ,0,1
Yosemite High,2030013,Yosemite Unified,MADERA         ,8,4
Yosemite High (Continuation),2439602,Merced Union High,MERCED         ,0,0
Yosemite Middle,6061204,Fresno Unified,FRESNO         ,0,0
Yosemite National Park El Portal,6025001,Mariposa County Unified,MARIPOSA       ,0,0
Yosemite National Park Valley Elementary,6025068,Mariposa County Unified,MARIPOSA       ,0,0
Yosemite Park High,2230084,Mariposa County Unified,MARIPOSA       ,0,0
Young Adult Program,121228,Oakland Unified,ALAMEDA        ,0,0
Young Adult Program,127233,Fremont Unified,ALAMEDA        ,0,0
Young Oak Kim Academy,119735,Los Angeles Unified,LOS ANGELES    ,0,0
Yountville Elementary,6027007,Napa Valley Unified,NAPA           ,0,0
Youth Opportunities Unlimited,1995794,Los Angeles Unified,LOS ANGELES    ,0,0
YouthBuild Charter School of California,117994,Inyo County Office of Education,INYO           ,0,0
Yreka Community Day,6119259,Yreka Union Elementary,SISKIYOU       ,0,0
Yreka High,4739207,Yreka Union High,SISKIYOU       ,0,4
Yreka Union High Community Day,4730156,Yreka Union High,SISKIYOU       ,0,0
Ysabel Barnett Elementary,6118822,Temecula Valley Unified,RIVERSIDE      ,0,0
Ysmael Villegas Middle,6120109,Alvord Unified,RIVERSIDE      ,0,0
Yu (Alice Fong) Elementary,6113245,San Francisco Unified,SAN FRANCISCO  ,0,0
Yu Ming Charter,124172,Alameda County Office of Education,ALAMEDA        ,0,0
Yuba City Charter,5130125,Yuba City Unified,SUTTER         ,1,5
Yuba City High,5139001,Yuba City Unified,SUTTER         ,0,11
Yuba City Independence Academy,5130075,Yuba City Unified,SUTTER         ,0,0
Yuba County Career Preparatory Charter,5830112,Yuba County Office of Education,YUBA           ,0,0
Yuba County Special Education,6069249,Yuba County Office of Education,YUBA           ,0,0
Yuba Environmental Science Charter Academy,117242,Yuba County Office of Education,YUBA           ,0,0
Yuba Feather Elementary,6056782,Marysville Joint Unified,YUBA           ,0,0
Yuba Gardens Intermediate,6056790,Marysville Joint Unified,YUBA           ,0,0
Yuba River Charter,114322,Nevada County Office of Education,NEVADA         ,0,0
Yucaipa Early Childhood Education Center,119677,Yucaipa-Calimesa Joint Unified,SAN BERNARDINO ,0,0
Yucaipa High,3638509,Yucaipa-Calimesa Joint Unified,SAN BERNARDINO ,0,16
Yucca Elementary,6021208,Palmdale Elementary,LOS ANGELES    ,0,0
Yucca Loma Elementary,6035265,Apple Valley Unified,SAN BERNARDINO ,0,0
Yucca Mesa Elementary,6105589,Morongo Unified,SAN BERNARDINO ,0,0
Yucca Valley Elementary,6036040,Morongo Unified,SAN BERNARDINO ,0,0
Yucca Valley High,3638616,Morongo Unified,SAN BERNARDINO ,0,9
Yukon Elementary,6023329,Torrance Unified,LOS ANGELES    ,0,0
Yulupa Elementary,6051619,Bennett Valley Union Elementary,SONOMA         ,0,0
Yvonne Harmon,6098560,San Bernardino City Unified,SAN BERNARDINO ,0,0
Zamora Elementary,6096671,Woodland Joint Unified,YOLO           ,0,0
Zamorano Elementary,6106199,San Diego Unified,SAN DIEGO      ,0,0
Zane Grey Continuation,1931682,Los Angeles Unified,LOS ANGELES    ,0,0
Zehnder Ranch Elementary,135400,Elk Grove Unified,SACRAMENTO     ,0,0
Zela Davis,6014039,Hawthorne,LOS ANGELES    ,0,0
Zephyr Lane Elementary,129130,Fairfax Elementary,KERN           ,0,0
Zoe Barnum High,1232057,Eureka City Schools,HUMBOLDT       ,0,0
Zupanic High,3630530,Rialto Unified,SAN BERNARDINO ,0,1
be.tech,126094,Manteca Unified,SAN JOAQUIN    ,0,0
e3 Civic High,127647,San Diego Unified,SAN DIEGO      ,0,8
eCademy Charter at Crane,124669,Turlock Unified,STANISLAUS     ,0,0
iHigh Virtual Academy,120410,San Diego Unified,SAN DIEGO      ,0,9
iLEAD Hybrid,131987,Acton-Agua Dulce Unified,LOS ANGELES    ,0,8
iLEAD Lancaster Charter,125559,Lancaster Elementary,LOS ANGELES    ,0,0
iLEAD Online,136531,Acton-Agua Dulce Unified,LOS ANGELES    ,0,0
iLead Agua Dulce,138297,Acton-Agua Dulce Unified,LOS ANGELES    ,0,0
iQ Academy California-Los Angeles,120600,Rowland Unified,LOS ANGELES    ,0,0
one.Charter,120717,San Joaquin County Office of Education,SAN JOAQUIN    ,0,0
Ánimo Compton Charter,137984,Compton Unified,LOS ANGELES    ,0,0
